#O14746	GFALLDGARGGPPEAFTTSVRSYLPNTVTDALR
#P11388	LKQRLEKKQKREPGTKTKKQTTLAFKPIKKGKK
#P11388	LEKKQKREPGTKTKKQTTLAFKPIKKGKKRNPW
#P11388	EKKQKREPGTKTKKQTTLAFKPIKKGKKRNPWS
#P11388	SDRSSDESNFDVPPRETEPRRAATKTKFTMDLD
#P11388	SNFDVPPRETEPRRAATKTKFTMDLDSDEDFSD
#P11388	FDVPPRETEPRRAATKTKFTMDLDSDEDFSDFD
#P11388	TMDLDSDEDFSDFDEKTDDEDFVPSDASPPKTK
#P11388	KTDDEDFVPSDASPPKTKTSPKLSNKELKPQKS
#P11388	DDEDFVPSDASPPKTKTSPKLSNKELKPQKSVV
#P11388	ADDVKGSVPLSSSPPATHFPDETEITNPVPKKN
#P11388	SVPLSSSPPATHFPDETEITNPVPKKNVTVKKT
#P11388	LSSSPPATHFPDETEITNPVPKKNVTVKKTAAK
#P11388	FPDETEITNPVPKKNVTVKKTAAKSQSSTSTTG
#P11388	TEITNPVPKKNVTVKKTAAKSQSSTSTTGAKKR
#P11388	KKNVTVKKTAAKSQSSTSTTGAKKRAAPKGTKR
#P11388	NVTVKKTAAKSQSSTSTTGAKKRAAPKGTKRDP
#P11388	VTVKKTAAKSQSSTSTTGAKKRAAPKGTKRDPA
#P11388	SSTSTTGAKKRAAPKGTKRDPALNSGVSQKPDP
#P11388	DPALNSGVSQKPDPAKTKNRRKRKPSTSDDSDS
#P11388	KPDPAKTKNRRKRKPSTSDDSDSNFEKIVSKAV
#P11388	SDDSDSNFEKIVSKAVTSKKSKGESDDFHMDFD
#P11388	PPRETEPRRAATKTKFTMDLDSDEDFSDFDEKT
#P11831	GSLNRTPTGRPGGGGGTRGANGGRVPGNGAGLG
#P11831	GLGPGRLEREAAAAAATTPAPTAGALYSGSEGD
#P11831	LGPGRLEREAAAAAATTPAPTAGALYSGSEGDS
#P11831	RLEREAAAAAATTPAPTAGALYSGSEGDSESGE
#P11831	MEIGMVVGGPEASAAATGGYGPVSGAVSGAKPG
#P11831	YGPVSGAVSGAKPGKKTRGRVKIKMEFIDNKLR
#P11831	VKIKMEFIDNKLRRYTTFSKRKTGIMKKAYELS
#P11831	FIDNKLRRYTTFSKRKTGIMKKAYELSTLTGTQ
#P11831	FSKRKTGIMKKAYELSTLTGTQVLLLVASETGH
#P11831	KRKTGIMKKAYELSTLTGTQVLLLVASETGHVY
#P11831	KTGIMKKAYELSTLTGTQVLLLVASETGHVYTF
#P11831	LSTLTGTQVLLLVASETGHVYTFATRKLQPMIT
#P11831	GTQVLLLVASETGHVYTFATRKLQPMITSETGK
#P11831	VLLLVASETGHVYTFATRKLQPMITSETGKALI
#P11831	TGHVYTFATRKLQPMITSETGKALIQTCLNSPD
#P11831	VYTFATRKLQPMITSETGKALIQTCLNSPDSPP
#P11831	KLQPMITSETGKALIQTCLNSPDSPPRSDPTTD
#P11831	IQTCLNSPDSPPRSDPTTDQRMSATGFEETDLT
#P11831	QTCLNSPDSPPRSDPTTDQRMSATGFEETDLTY
#P11831	DSPPRSDPTTDQRMSATGFEETDLTYQVSESDS
#P11831	SDPTTDQRMSATGFEETDLTYQVSESDSSGETK
#P11831	TTDQRMSATGFEETDLTYQVSESDSSGETKDTL
#P11831	ETDLTYQVSESDSSGETKDTLKPAFTVTNLPGT
#P11831	LTYQVSESDSSGETKDTLKPAFTVTNLPGTTST
#P11831	ESDSSGETKDTLKPAFTVTNLPGTTSTIQTAPS
#P11831	DSSGETKDTLKPAFTVTNLPGTTSTIQTAPSTS
#P11831	TKDTLKPAFTVTNLPGTTSTIQTAPSTSTTMQV
#P11831	KDTLKPAFTVTNLPGTTSTIQTAPSTSTTMQVS
#P11831	TLKPAFTVTNLPGTTSTIQTAPSTSTTMQVSSG
#P11831	PAFTVTNLPGTTSTIQTAPSTSTTMQVSSGPSF
#P11831	VTNLPGTTSTIQTAPSTSTTMQVSSGPSFPITN
#P11831	NLPGTTSTIQTAPSTSTTMQVSSGPSFPITNYL
#P11831	LPGTTSTIQTAPSTSTTMQVSSGPSFPITNYLA
#P11831	STSTTMQVSSGPSFPITNYLAPVSASVSPSAVS
#P11831	PVSASVSPSAVSSANGTVLKSTGSGPVSSGGLM
#P11831	VSPSAVSSANGTVLKSTGSGPVSSGGLMQLPTS
#P11831	STGSGPVSSGGLMQLPTSFTLMPGGAVAQQVPV
#P11831	SGPVSSGGLMQLPTSFTLMPGGAVAQQVPVQAI
#P11831	QVHQAPQQASPSRDSSTDLTQTSSSGTVTLPAT
#P11831	QAPQQASPSRDSSTDLTQTSSSGTVTLPATIMT
#P11831	PQQASPSRDSSTDLTQTSSSGTVTLPATIMTSS
#P11831	PSRDSSTDLTQTSSSGTVTLPATIMTSSVPTTV
#P11831	RDSSTDLTQTSSSGTVTLPATIMTSSVPTTVGG
#P11831	TDLTQTSSSGTVTLPATIMTSSVPTTVGGHMMY
#P11831	TQTSSSGTVTLPATIMTSSVPTTVGGHMMYPSP
#P11831	SGTVTLPATIMTSSVPTTVGGHMMYPSPHAVMY
#P11831	GTVTLPATIMTSSVPTTVGGHMMYPSPHAVMYA
#P11831	GGHMMYPSPHAVMYAPTSGLGDGSLTVLNAFSQ
#P11831	HAVMYAPTSGLGDGSLTVLNAFSQAPSTMQVSH
#P11831	GDGSLTVLNAFSQAPSTMQVSHSQVQEPGGVPQ
#P11831	SHSQVQEPGGVPQVFLTASSGTVQIPVSAVQLH
#P11831	QEPGGVPQVFLTASSGTVQIPVSAVQLHQMAVI
#P11831	HQMAVIGQQAGSSSNLTELQVVNLDTAHSTKSE
#P12814	DRDLLLDPAWEKQQRKTFTAWCNSHLRKAGTQI
#P12814	DLLLDPAWEKQQRKTFTAWCNSHLRKAGTQIEN
#P12814	LVSIGAEEIVDGNVKMTLGMIWTIILRFAIQDI
#P12814	EEIVDGNVKMTLGMIWTIILRFAIQDISVEETS
#P12814	WTIILRFAIQDISVEETSAKEGLLLWCQRKTAP
#P12814	EETSAKEGLLLWCQRKTAPYKNVNIQNFHISWK
#P12814	RPELIDYGKLRKDDPLTNLNTAFDVAEKYLDIP
#P12814	IDYGKLRKDDPLTNLNTAFDVAEKYLDIPKMLD
#P12814	KYLDIPKMLDAEDIVGTARPDEKAIMTYVSSFY
#P12814	AEDIVGTARPDEKAIMTYVSSFYHAFSGAQKAE
#P12814	YVSSFYHAFSGAQKAETAANRICKVLAVNQENE
#P12814	EDYEKLASDLLEWIRRTIPWLENRVPENTMHAM
#P12814	WIRRTIPWLENRVPENTMHAMQQKLEDFRDYRR
#P12814	KPPKVQEKCQLEINFNTLQTKLRLSNRPAFMPS
#P12814	KVQEKCQLEINFNTLQTKLRLSNRPAFMPSEGR
#P12814	HLAEKFRQKASIHEAWTDGKEAMLRQKDYETAT
#P12814	AWTDGKEAMLRQKDYETATLSEIKALLKKHEAF
#P12814	TDGKEAMLRQKDYETATLSEIKALLKKHEAFES
#P12814	ARCQKICDQWDNLGALTQKRREALERTEKLLET
#P12814	DNLGALTQKRREALERTEKLLETIDQLYLEYAK
#P12814	TQKRREALERTEKLLETIDQLYLEYAKRAAPFN
#P12814	APFNNWMEGAMEDLQDTFIVHTIEEIQGLTTAH
#P12814	WMEGAMEDLQDTFIVHTIEEIQGLTTAHEQFKA
#P12814	LQDTFIVHTIEEIQGLTTAHEQFKATLPDADKE
#P12814	QDTFIVHTIEEIQGLTTAHEQFKATLPDADKER
#P12814	IEEIQGLTTAHEQFKATLPDADKERLAILGIHN
#P12814	RLAILGIHNEVSKIVQTYHVNMAGTNPYTTITP
#P12814	NEVSKIVQTYHVNMAGTNPYTTITPQEINGKWD
#P12814	KIVQTYHVNMAGTNPYTTITPQEINGKWDHVRQ
#P12814	IVQTYHVNMAGTNPYTTITPQEINGKWDHVRQL
#P12814	QTYHVNMAGTNPYTTITPQEINGKWDHVRQLVP
#P12814	KWDHVRQLVPRRDQALTEEHARQQHNERLRKQF
#P12814	RKQFGAQANVIGPWIQTKMEEIGRISIEMHGTL
#P12814	QTKMEEIGRISIEMHGTLEDQLSHLRQYEKSIV
#P12814	GDHQLIQEALIFDNKHTNYTMEHIRVGWEQLLT
#P12814	QLIQEALIFDNKHTNYTMEHIRVGWEQLLTTIA
#P12814	TNYTMEHIRVGWEQLLTTIARTINEVENQILTR
#P12814	NYTMEHIRVGWEQLLTTIARTINEVENQILTRD
#P12814	EHIRVGWEQLLTTIARTINEVENQILTRDAKGI
#P12814	LTTIARTINEVENQILTRDAKGISQEQMNEFRA
#P12814	NEFRASFNHFDRDHSGTLGPEEFKACLISLGYD
#P12814	FARIMSIVDPNRLGVVTFQAFIDFMSRETADTD
#P12814	LGVVTFQAFIDFMSRETADTDTADQVMASFKIL
#P12814	VTFQAFIDFMSRETADTDTADQVMASFKILAGD
#P12814	FQAFIDFMSRETADTDTADQVMASFKILAGDKN
#P12814	QVMASFKILAGDKNYITMDELRRELPPDQAEYC
#P12814	LPPDQAEYCIARMAPYTGPDSVPGALDYMSFST
#P12931	AENVHGAGGGAFPASQTPSKPASADGHRGPSAA
#P12931	PAAAEPKLFGGFNSSDTVTSPQRAGPLAGGVTT
#P12931	DTVTSPQRAGPLAGGVTTFVALYDYESRTETDL
#P12931	TVTSPQRAGPLAGGVTTFVALYDYESRTETDLS
#P12931	AGGVTTFVALYDYESRTETDLSFKKGERLQIVN
#P12931	GVTTFVALYDYESRTETDLSFKKGERLQIVNNT
#P12931	TDLSFKKGERLQIVNNTEGDWWLAHSLSTGQTG
#P12931	IVNNTEGDWWLAHSLSTGQTGYIPSNYVAPSDS
#P12931	NTEGDWWLAHSLSTGQTGYIPSNYVAPSDSIQA
#P12931	APSDSIQAEEWYFGKITRRESERLLLNAENPRG
#P12931	RRESERLLLNAENPRGTFLVRESETTKGAYCLS
#P12931	LNAENPRGTFLVRESETTKGAYCLSVSDFDNAK
#P12931	NAENPRGTFLVRESETTKGAYCLSVSDFDNAKG
#P12931	VKHYKIRKLDSGGFYITSRTQFNSLQQLVAYYS
#P12931	YKIRKLDSGGFYITSRTQFNSLQQLVAYYSKHA
#P12931	LVAYYSKHADGLCHRLTTVCPTSKPQTQGLAKD
#P12931	VAYYSKHADGLCHRLTTVCPTSKPQTQGLAKDA
#P12931	SKHADGLCHRLTTVCPTSKPQTQGLAKDAWEIP
#P12931	GLCHRLTTVCPTSKPQTQGLAKDAWEIPRESLR
#P12931	LEVKLGQGCFGEVWMGTWNGTTRVAIKTLKPGT
#P12931	LGQGCFGEVWMGTWNGTTRVAIKTLKPGTMSPE
#P12931	GQGCFGEVWMGTWNGTTRVAIKTLKPGTMSPEA
#P12931	EVWMGTWNGTTRVAIKTLKPGTMSPEAFLQEAQ
#P12931	TWNGTTRVAIKTLKPGTMSPEAFLQEAQVMKKL
#P12931	LVQLYAVVSEEPIYIVTEYMSKGSLLDFLKGET
#P12931	TEYMSKGSLLDFLKGETGKYLRLPQLVDMAAQI
#P12931	KVADFGLARLIEDNEYTARQGAKFPIKWTAPEA
#P12931	FPIKWTAPEAALYGRFTIKSDVWSFGILLTELT
#P12931	GRFTIKSDVWSFGILLTELTTKGRVPYPGMVNR
#P12931	TIKSDVWSFGILLTELTTKGRVPYPGMVNREVL
#P12931	IKSDVWSFGILLTELTTKGRVPYPGMVNREVLD
#P12931	HDLMCQCWRKEPEERPTFEYLQAFLEDYFTSTE
#P13010	SIPGIESPFEQAKKVITMFVQRQVFAENKDEIA
#P13010	QVFAENKDEIALVLFGTDGTDNPLSGGDQYQNI
#P13010	AENKDEIALVLFGTDGTDNPLSGGDQYQNITVH
#P13010	DGTDNPLSGGDQYQNITVHRHLMLPDFDLLEDI
#P13010	DFLDALIVSMDVIQHETIGKKFEKRHIEIFTDL
#P13010	HETIGKKFEKRHIEIFTDLSSRFSKSQLDIIIH
#P13010	PFRLGGHGPSFPLKGITEQQKEGLEIVKMVMIS
#P13010	VFKKIERHSIHWPCRLTIGSNLSIRIAAYKSIL
#P13010	IRIAAYKSILQERVKKTWTVVDAKTLKKEDIQK
#P13010	IAAYKSILQERVKKTWTVVDAKTLKKEDIQKET
#P13010	ILQERVKKTWTVVDAKTLKKEDIQKETVYCLND
#P13010	TVVDAKTLKKEDIQKETVYCLNDDDETEVLKED
#P13010	EDIQKETVYCLNDDDETEVLKEDIIQGFRYGSD
#P13010	RQYMFSSLKNSKKYAPTEAQLNAVDALIDSMSL
#P13010	VDALIDSMSLAKKDEKTDTLEDLFPTTKIPNPR
#P13010	ALIDSMSLAKKDEKTDTLEDLFPTTKIPNPRFQ
#P13010	LAKKDEKTDTLEDLFPTTKIPNPRFQRLFQCLL
#P13010	AKKDEKTDTLEDLFPTTKIPNPRFQRLFQCLLH
#P13010	PIQQHIWNMLNPPAEVTTKSQIPLSKIKTLFPL
#P13010	IQQHIWNMLNPPAEVTTKSQIPLSKIKTLFPLI
#P13010	PAEVTTKSQIPLSKIKTLFPLIEAKKKDQVTAQ
#P13010	IKTLFPLIEAKKKDQVTAQEIFQDNHEDGPTAK
#P13010	QVTAQEIFQDNHEDGPTAKKLKTEQGGAHFSVS
#P13010	IFQDNHEDGPTAKKLKTEQGGAHFSVSSLAEGS
#P13010	QGGAHFSVSSLAEGSVTSVGSVNPAENFRVLVK
#P13010	EEASNQLINHIEQFLDTNETPYFMKSIDCIRAF
#P13010	SNQLINHIEQFLDTNETPYFMKSIDCIRAFREE
#P13010	IKQLNHFWEIVVQDGITLITKEEASGSSVTAEE
#P13010	LNHFWEIVVQDGITLITKEEASGSSVTAEEAKK
#P13010	DGITLITKEEASGSSVTAEEAKKFLAPKDKPSG
#P13224	PSRPAAGCPAPCSCAGTLVDCGRRGLTWASLPT
#P13224	PCSCAGTLVDCGRRGLTWASLPTAFPVDTTELV
#P13224	TLVDCGRRGLTWASLPTAFPVDTTELVLTGNNL
#P13224	RRGLTWASLPTAFPVDTTELVLTGNNLTALPPG
#P13224	RGLTWASLPTAFPVDTTELVLTGNNLTALPPGL
#P13224	ASLPTAFPVDTTELVLTGNNLTALPPGLLDALP
#P13224	AFPVDTTELVLTGNNLTALPPGLLDALPALRTA
#P13224	LTALPPGLLDALPALRTAHLGANPWRCDCRLVP
#P13639	RNMSVIAHVDHGKSTLTDSLVCKAGIIASARAG
#P13639	CKAGIIASARAGETRFTDTRKDEQERCITIKST
#P13639	AGIIASARAGETRFTDTRKDEQERCITIKSTAI
#P13639	ETRFTDTRKDEQERCITIKSTAISLFYELSEND
#P13639	TDTRKDEQERCITIKSTAISLFYELSENDLNFI
#P13639	INLIDSPGHVDFSSEVTAALRVTDGALVVVDCV
#P13639	PGHVDFSSEVTAALRVTDGALVVVDCVSGVCVQ
#P13639	DGALVVVDCVSGVCVQTETVLRQAIAERIKPVL
#P13639	ALVVVDCVSGVCVQTETVLRQAIAERIKPVLMM
#P13639	DRALLELQLEPEELYQTFQRIVENVNVIISTYG
#P13639	YQTFQRIVENVNVIISTYGEGESGPMGNIMIDP
#P13639	GESGPMGNIMIDPVLGTVGFGSGLHGWAFTLKQ
#P13639	VLGTVGFGSGLHGWAFTLKQFAEMYVAKFAAKG
#P13639	GDRYFDPANGKFSKSATSPEGKKLPRTFCQLIL
#P13639	KFSKSATSPEGKKLPRTFCQLILDPIFKVFDAI
#P13639	PIFKVFDAIMNFKKEETAKLIEKLDIKLDSEDK
#P13639	VMRRWLPAGDALLQMITIHLPSPVTAQKYRCEL
#P13639	GDALLQMITIHLPSPVTAQKYRCELLYEGPPDD
#P13639	CDPKGPLMMYISKMVPTSDKGRFYAFGRVFSGL
#P13639	KGRFYAFGRVFSGLVSTGLKVRIMGPNYTPGKK
#P13639	GLVSTGLKVRIMGPNYTPGKKEDLYLKPIQRTI
#P13639	YTPGKKEDLYLKPIQRTILMMGRYVEPIEDVPC
#P13639	CGNIVGLVGVDQFLVKTGTITTFEHAHNMRVMK
#P13639	NIVGLVGVDQFLVKTGTITTFEHAHNMRVMKFS
#P13639	VGLVGVDQFLVKTGTITTFEHAHNMRVMKFSVS
#P13639	GLVGVDQFLVKTGTITTFEHAHNMRVMKFSVSP
#P13639	ACIPIKKSDPVVSYRETVSEESNVLCLSKSPNK
#P13639	WDVAEARKIWCFGPDGTGPNILTDITKGVQYLN
#P13639	RKIWCFGPDGTGPNILTDITKGVQYLNEIKDSV
#P13639	WCFGPDGTGPNILTDITKGVQYLNEIKDSVVAG
#P13639	YLNEIKDSVVAGFQWATKEGALCEENMRGVRFD
#P13639	LCEENMRGVRFDVHDVTLHADAIHRGGGQIIPT
#P13639	TLHADAIHRGGGQIIPTARRCLYASVLTAQPRL
#P13639	GQIIPTARRCLYASVLTAQPRLMEPIYLVEIQC
#P13639	LNRKRGHVFEESQVAGTPMFVVKAYLPVNESFG
#P13639	MFVVKAYLPVNESFGFTADLRSNTGGQAFPQCV
#P13639	LPVNESFGFTADLRSNTGGQAFPQCVFDHWQIL
#P13639	GDPFDNSSRPSQVVAETRKRKGLKEGIPALDNF
#P13639	SLVCKAGIIASARAGETRFTDTRKDEQERCITI
#P13861	LRQQPPDLVEFAVEYFTRLREARAPASVLPAAT
#P13861	VPVPSRFNRRVSVCAETYNPDEEEEDTDPRVIH
#P13861	VSVCAETYNPDEEEEDTDPRVIHPKTDEQRCRL
#P13861	PDEEEEDTDPRVIHPKTDEQRCRLQEACKDILL
#P13861	IDQGDDGDNFYVIERGTYDILVTKDNQTRSVGQ
#P13861	GDNFYVIERGTYDILVTKDNQTRSVGQYDNRGS
#P13861	VIERGTYDILVTKDNQTRSVGQYDNRGSFGELA
#P13861	QYDNRGSFGELALMYNTPRAATIVATSEGSLWG
#P13861	GSFGELALMYNTPRAATIVATSEGSLWGLDRVT
#P13861	ELALMYNTPRAATIVATSEGSLWGLDRVTFRRI
#P13861	TIVATSEGSLWGLDRVTFRRIIVKNNAKKRKMF
#P13861	VDVIGEKIYKDGERIITQGEKADSFYIIESGEV
#P13861	FYIIESGEVSILIRSRTKSNKDGGNQEVEIARC
#P13861	IARCHKGQYFGELALVTNKPRAASAYAVGDVKC
#P14618	TFLEHMCRLDIDSPPITARNTGIICTIGPASRS
#P14618	DIDSPPITARNTGIICTIGPASRSVETLKEMIK
#P14618	NTGIICTIGPASRSVETLKEMIKSGMNVARLNF
#P14618	MIKSGMNVARLNFSHGTHEYHAETIKNVRTATE
#P14618	VARLNFSHGTHEYHAETIKNVRTATESFASDPI
#P14618	SHGTHEYHAETIKNVRTATESFASDPILYRPVA
#P14618	GTHEYHAETIKNVRTATESFASDPILYRPVAVA
#P14618	FASDPILYRPVAVALDTKGPEIRTGLIKGSGTA
#P14618	YRPVAVALDTKGPEIRTGLIKGSGTAEVELKKG
#P14618	DTKGPEIRTGLIKGSGTAEVELKKGATLKITLD
#P14618	LIKGSGTAEVELKKGATLKITLDNAYMEKCDEN
#P14618	SGTAEVELKKGATLKITLDNAYMEKCDENILWL
#P14618	GLISLQVKQKGADFLVTEVENGGSLGSKKGVNL
#P14618	MMIGRCNRAGKPVICATQMLESMIKKPRPTRAE
#P14618	ICATQMLESMIKKPRPTRAEGSDVANAVLDGAD
#P14618	ANAVLDGADCIMLSGETAKGDYPLEAVRMQHLI
#P14618	IYHLQLFEELRRLAPITSDPTEATAVGAVEASF
#P14618	QLFEELRRLAPITSDPTEATAVGAVEASFKCCS
#P14618	EELRRLAPITSDPTEATAVGAVEASFKCCSGAI
#P14618	AVEASFKCCSGAIIVLTKSGRSAHQVARYRPRA
#P14618	AHQVARYRPRAPIIAVTRNPQTARQAHLYRGIF
#P14618	RYRPRAPIIAVTRNPQTARQAHLYRGIFPVLCK
#P14618	GKARGFFKKGDVVIVLTGWRPGSGFTNTMRVVP
#P14618	HMCRLDIDSPPITARNTGIICTIGPASRSVETL
#P14859	GLDFQKQPVPVGGAISTAQAQAFLGHLHQVQLA
#P14859	QAQAFLGHLHQVQLAGTSLQAAAQSLNVQSKSN
#P14859	PSQPSQQPSVQAAIPQTQLMLAGGQITGLTLTP
#P14859	QAAIPQTQLMLAGGQITGLTLTPAQQQLLLQQA
#P14859	IPQTQLMLAGGQITGLTLTPAQQQLLLQQAQAQ
#P14859	QTQLMLAGGQITGLTLTPAQQQLLLQQAQAQAQ
#P14859	AVQQHSASQQHSAAGATISASAATPMTQIPLSQ
#P14859	SQQHSAAGATISASAATPMTQIPLSQPIQIAQD
#P14859	HSAAGATISASAATPMTQIPLSQPIQIAQDLQQ
#P14859	LQQQNLNLQQFVLVHPTTNLQPAQFIISQTPQG
#P14859	QQQNLNLQQFVLVHPTTNLQPAQFIISQTPQGQ
#P14859	VHPTTNLQPAQFIISQTPQGQQGLLQAQNLLTQ
#P14859	QTPQGQQGLLQAQNLLTQLPQQSQANLLQSQPS
#P14859	LPQQSQANLLQSQPSITLTSQPATPTRTIAATP
#P14859	QQSQANLLQSQPSITLTSQPATPTRTIAATPIQ
#P14859	NLLQSQPSITLTSQPATPTRTIAATPIQTLPQS
#P14859	LQSQPSITLTSQPATPTRTIAATPIQTLPQSQS
#P14859	SQPSITLTSQPATPTRTIAATPIQTLPQSQSTP
#P14859	ITLTSQPATPTRTIAATPIQTLPQSQSTPKRID
#P14859	SQPATPTRTIAATPIQTLPQSQSTPKRIDTPSL
#P14859	PIQTLPQSQSTPKRIDTPSLEEPSDLEELEQFA
#P14859	SLEEPSDLEELEQFAKTFKQRRIKLGFTQGDVG
#P14859	EQFAKTFKQRRIKLGFTQGDVGLAMGKLYGNDF
#P14859	DVGLAMGKLYGNDFSQTTISRFEALNLSFKNMC
#P14859	VGLAMGKLYGNDFSQTTISRFEALNLSFKNMCK
#P14859	LNSPGIEGLSRRRKKRTSIETNIRVALEKSFLE
#P14859	GIEGLSRRRKKRTSIETNIRVALEKSFLENQKP
#P14859	NIRVALEKSFLENQKPTSEEITMIADQLNMEKE
#P14859	LEKSFLENQKPTSEEITMIADQLNMEKEVIRVW
#P14859	NRRQKEKRINPPSSGGTSSSPIKAIFPSPTSLV
#P14859	SGGTSSSPIKAIFPSPTSLVATTPSLVTSSAAT
#P14859	SSPIKAIFPSPTSLVATTPSLVTSSAATTLTVS
#P14859	SPIKAIFPSPTSLVATTPSLVTSSAATTLTVSP
#P14859	IFPSPTSLVATTPSLVTSSAATTLTVSPVLPLT
#P14859	TSLVATTPSLVTSSAATTLTVSPVLPLTSAAVT
#P14859	SLVATTPSLVTSSAATTLTVSPVLPLTSAAVTN
#P14859	VATTPSLVTSSAATTLTVSPVLPLTSAAVTNLS
#P14859	TSSAATTLTVSPVLPLTSAAVTNLSVTGTSDTT
#P14859	TTLTVSPVLPLTSAAVTNLSVTGTSDTTSNNTA
#P14859	SPVLPLTSAAVTNLSVTGTSDTTSNNTATVIST
#P14859	VLPLTSAAVTNLSVTGTSDTTSNNTATVISTAP
#P14859	LTSAAVTNLSVTGTSDTTSNNTATVISTAPPAS
#P14859	TSAAVTNLSVTGTSDTTSNNTATVISTAPPASS
#P14859	VTNLSVTGTSDTTSNNTATVISTAPPASSAVTS
#P14859	NLSVTGTSDTTSNNTATVISTAPPASSAVTSPS
#P14859	TGTSDTTSNNTATVISTAPPASSAVTSPSLSPS
#P14859	NTATVISTAPPASSAVTSPSLSPSPSASASTSE
#P14859	AVTSPSLSPSPSASASTSEASSASETSTTQTTS
#P14859	SPSASASTSEASSASETSTTQTTSTPLSSPLGT
#P14859	SASASTSEASSASETSTTQTTSTPLSSPLGTSQ
#P14859	ASASTSEASSASETSTTQTTSTPLSSPLGTSQV
#P14859	ASTSEASSASETSTTQTTSTPLSSPLGTSQVMV
#P14859	STSEASSASETSTTQTTSTPLSSPLGTSQVMVT
#P14859	SEASSASETSTTQTTSTPLSSPLGTSQVMVTAS
#P14859	TSTTQTTSTPLSSPLGTSQVMVTASGLQTAAAA
#P14859	TSTPLSSPLGTSQVMVTASGLQTAAAAALQGAA
#P14859	SPLGTSQVMVTASGLQTAAAAALQGAAQLPANA
#P14859	PSQFAAGGALLSLNPGTLSGALSPALMSNSTLA
#P14859	PGTLSGALSPALMSNSTLATIQALASGGSLPIT
#P14859	LSGALSPALMSNSTLATIQALASGGSLPITSLD
#P14859	TLATIQALASGGSLPITSLDATGNLVFANAGGA
#P14859	QALASGGSLPITSLDATGNLVFANAGGAPNIVT
#P14859	TGNLVFANAGGAPNIVTAPLFLNPQNLSLLTSN
#P14859	IVTAPLFLNPQNLSLLTSNPVSLVSAAAASAGN
#P14859	AAASAGNSAPVASLHATSTSAESIQNSLFTVAS
#P14859	ASAGNSAPVASLHATSTSAESIQNSLFTVASAS
#P14859	LHATSTSAESIQNSLFTVASASGAASTTTTASK
#P14859	RTIAATPIQTLPQSQSTPKRIDTPSLEEPSDLE
#P14921	LLTPSSKEMMSQALKATFSGFTKEQQRLGIPKD
#P14921	SKEMMSQALKATFSGFTKEQQRLGIPKDPRQWT
#P14921	TKEQQRLGIPKDPRQWTETHVRDWVMWAVNEFS
#P14921	EQQRLGIPKDPRQWTETHVRDWVMWAVNEFSLK
#P14921	PYQVNGVNPAYPESRYTSDYFISYGIEHAQCVP
#P14921	HAQCVPPSEFSEPSFITESYQTLHPISSEELLS
#P14921	PPSEFSEPSFITESYQTLHPISSEELLSLKYEN
#P14921	KYENDYPSVILRDPLQTDTLQNDYFAIKQEVVT
#P14921	ENDYPSVILRDPLQTDTLQNDYFAIKQEVVTPD
#P14921	TDTLQNDYFAIKQEVVTPDNMCMGRTSRGKLGG
#P14921	AIKQEVVTPDNMCMGRTSRGKLGGQDSFESIES
#P14921	QDSFESIESYDSCDRLTQSWSSQSSFNSLQRVP
#P14921	DSEDYPAALPNHKPKGTFKDYVRDRADLNKDKP
#P14921	LNKDKPVIPAAALAGYTGSGPIQLWQFLLELLT
#P14921	TGSGPIQLWQFLLELLTDKSCQSFISWTGDGWE
#P14921	LLELLTDKSCQSFISWTGDGWEFKLSDPDEVAR
#P14921	LSRGLRYYYDKNIIHKTAGKRYVYRFVCDLQSL
#P14921	RYVYRFVCDLQSLLGYTPEELHAMLDVKPDADE
#P15172	QAGRCLLWACKACKRKTTNADRRKAATMRERRR
#P15172	AGRCLLWACKACKRKTTNADRRKAATMRERRRL
#P15172	TMRERRRLSKVNEAFETLKRCTSSNPNQRLPKV
#P15172	RRLSKVNEAFETLKRCTSSNPNQRLPKVEILRN
#P15172	AVSSLDYLSSIVERISTESPAAPALLLADVPSE
#P15172	RQEAAAPSEGESSGDPTQSPDAAPQCPAGANPN
#P15311	IQPNTTGKQLFDQVVKTIGLREVWYFGLHYVDN
#P15311	EVWYFGLHYVDNKGFPTWLKLDKKVSAQEVRKE
#P15311	AKFYPEDVAEELIQDITQKLFFLQVKEGILSDE
#P15311	QVKEGILSDEIYCPPETAVLLGSYAVQAKFGDY
#P15311	SSERLIPQRVMDQHKLTRDQWEDRIQVWHAEHR
#P15311	LEMYGINYFEIKNKKGTDLWLGVDALGLNIYEK
#P15311	GVDALGLNIYEKDDKLTPKIGFPWSEIRNISFN
#P15311	LCMGNHELYMRRRKPDTIEVQQMKAQAREEKHQ
#P15311	AREEKHQKQLERQQLETEKKRRETVEREKEQMM
#P15311	KQLERQQLETEKKRRETVEREKEQMMREKEELM
#P15311	REKEELMLRLQDYEEKTKKAERELSEQIQRALQ
#P15311	DQIKSQEQLAAELAEYTAKIALLEEARRRKEDE
#P15311	EEWQHRAKEAQDDLVKTKEELHLVMTAPPPPPP
#P15311	AQDDLVKTKEELHLVMTAPPPPPPPVYEPVSYH
#P15311	VSYHVQESLQDEGAEPTGYSAELSSEGIRDDRN
#P15311	LSSEGIRDDRNEEKRITEAEKNERVQRQLLTLS
#P15311	RITEAEKNERVQRQLLTLSSELSQARDENKRTH
#P15311	LTLSSELSQARDENKRTHNDIIHNENMRQGRDK
#P15336	LKFGPARNDSVIVADQTPTPTRFLKNCEEVGLF
#P15336	FGPARNDSVIVADQTPTPTRFLKNCEEVGLFNE
#P15336	PARNDSVIVADQTPTPTRFLKNCEEVGLFNELA
#P15336	ATPIIRSKIEEPSVVETTHQDSPLPHPESTTSD
#P15336	TPIIRSKIEEPSVVETTHQDSPLPHPESTTSDE
#P15336	VVETTHQDSPLPHPESTTSDEKEVPLAQTAQPT
#P15336	VETTHQDSPLPHPESTTSDEKEVPLAQTAQPTS
#P15336	HPESTTSDEKEVPLAQTAQPTSAIVRPASLQVP
#P15336	TTSDEKEVPLAQTAQPTSAIVRPASLQVPNVLL
#P15336	SAIVRPASLQVPNVLLTSSDSSVIIQQAVPSPT
#P15336	TSSDSSVIIQQAVPSPTSSTVITQAPSSNRPIV
#P15336	DSSVIIQQAVPSPTSSTVITQAPSSNRPIVPVP
#P15336	VIIQQAVPSPTSSTVITQAPSSNRPIVPVPGPF
#P15336	PVPGPFPLLLHLPNGQTMPVAIPASITSSNVHV
#P15336	HLPNGQTMPVAIPASITSSNVHVPAAVPLVRPV
#P15336	SSNVHVPAAVPLVRPVTMVPSVPGIPGPSSPQP
#P15336	PQPVQSEAKMRLKAALTQQHPPVTNGDTVKGHG
#P15336	AKMRLKAALTQQHPPVTNGDTVKGHGSGLVRTQ
#P15336	LKAALTQQHPPVTNGDTVKGHGSGLVRTQSEES
#P15336	VTNGDTVKGHGSGLVRTQSEESRPQSLQQPATS
#P15336	RTQSEESRPQSLQQPATSTTETPASPAHTTPQT
#P15336	QSEESRPQSLQQPATSTTETPASPAHTTPQTQS
#P15336	SEESRPQSLQQPATSTTETPASPAHTTPQTQST
#P15336	ESRPQSLQQPATSTTETPASPAHTTPQTQSTSG
#P15336	QQPATSTTETPASPAHTTPQTQSTSGRRRRAAN
#P15336	QPATSTTETPASPAHTTPQTQSTSGRRRRAANE
#P15336	TSTTETPASPAHTTPQTQSTSGRRRRAANEDPD
#P15336	TETPASPAHTTPQTQSTSGRRRRAANEDPDEKR
#P15336	KAEDLSSLNGQLQSEVTLLRNEVAQLKQLLLAH
#P15336	VAQLKQLLLAHKDCPVTAMQKKSGYHTADKDDS
#P15336	HKDCPVTAMQKKSGYHTADKDDSSEDISVPSSP
#P15336	DKDDSSEDISVPSSPHTEAIQHSSVSTSNGVSS
#P15336	VPSSPHTEAIQHSSVSTSNGVSSTSKAEAVATS
#P15336	EAIQHSSVSTSNGVSSTSKAEAVATSVLTQMAD
#P15336	STSNGVSSTSKAEAVATSVLTQMADQSTEPALS
#P15336	GVSSTSKAEAVATSVLTQMADQSTEPALSQIVM
#P15336	AEAVATSVLTQMADQSTEPALSQIVMAPSSQSQ
#P15336	SEDDIKKMPLDLSPLATPIIRSKIEEPSVVETT
#P15531	SGPVVAMVWEGLNVVKTGRVMLGETNPADSKPG
#P15531	GRVMLGETNPADSKPGTIRGDFCIQVGRNIIHG
#P15927	QAEKKSRARAQHIVPCTISQLLSATLVDEVFRI
#P15927	RAQHIVPCTISQLLSATLVDEVFRIGNVEISQV
#P15927	LVDEVFRIGNVEISQVTIVGIIRHAEKAPTNIV
#P15927	SQVTIVGIIRHAEKAPTNIVYKIDDMTAAPMDV
#P15927	HAEKAPTNIVYKIDDMTAAPMDVRQWVDTDDTS
#P15927	IDDMTAAPMDVRQWVDTDDTSSENTVVPPETYV
#P15927	MTAAPMDVRQWVDTDDTSSENTVVPPETYVKVA
#P15927	MDVRQWVDTDDTSSENTVVPPETYVKVAGHLRS
#P15927	VDTDDTSSENTVVPPETYVKVAGHLRSFQNKKS
#P15927	SLVAFKIMPLEDMNEFTTHILEVINAHMVLSKA
#P15927	LVAFKIMPLEDMNEFTTHILEVINAHMVLSKAN
#P15927	EAGNFGGNSFMPANGLTVAQNQVLNLIKACPRP
#P15941	VTGSGHASSTPGGEKETSATQRSSVPSSTEKNA
#P15941	SGHASSTPGGEKETSATQRSSVPSSTEKNAVSM
#P15941	GEKETSATQRSSVPSSTEKNAVSMTSSVLSSHS
#P15941	QRSSVPSSTEKNAVSMTSSVLSSHSPGSGSSTT
#P15941	MTSSVLSSHSPGSGSSTTQGQDVTLAPATEPAS
#P15941	TSSVLSSHSPGSGSSTTQGQDVTLAPATEPASG
#P15941	SHSPGSGSSTTQGQDVTLAPATEPASGSAATWG
#P15941	SGSSTTQGQDVTLAPATEPASGSAATWGQDVTS
#P15941	DVTLAPATEPASGSAATWGQDVTSVPVTRPALG
#P15941	ATEPASGSAATWGQDVTSVPVTRPALGSTTPPA
#P15941	SGSAATWGQDVTSVPVTRPALGSTTPPAHDVTS
#P15941	GQDVTSVPVTRPALGSTTPPAHDVTSAPDNKPA
#P15941	QDVTSVPVTRPALGSTTPPAHDVTSAPDNKPAP
#P15941	VTRPALGSTTPPAHDVTSAPDNKPAPGSTAPPA
#P15941	AHDVTSAPDNKPAPGSTAPPAHGVTSAPDTRPA
#P15941	DNKPAPGSTAPPAHGVTSAPDTRPAPGSTAPPA
#P15941	PGSTAPPAHGVTSAPDTRPAPGSTAPPAHGVTS
#P15941	AHGVTSAPDTRPAPGSTAPPAHGVTSAPDTRPA
#P15941	DTRPAPGSTAPPAHGVTSAPDTRPAPGSTAPPA
#P15941	AHGVTSAPDTRPAPGSTAPPAHGVTSAPDNRPA
#P15941	DTRPAPGSTAPPAHGVTSAPDNRPALGSTAPPV
#P15941	AHGVTSAPDNRPALGSTAPPVHNVTSASGSASG
#P15941	DNRPALGSTAPPVHNVTSASGSASGSASTLVHN
#P15941	VHNVTSASGSASGSASTLVHNGTSARATTTPAS
#P15941	ASGSASGSASTLVHNGTSARATTTPASKSTPFS
#P15941	SGSASTLVHNGTSARATTTPASKSTPFSIPSHH
#P15941	GSASTLVHNGTSARATTTPASKSTPFSIPSHHS
#P15941	SASTLVHNGTSARATTTPASKSTPFSIPSHHSD
#P15941	HNGTSARATTTPASKSTPFSIPSHHSDTPTTLA
#P15941	PASKSTPFSIPSHHSDTPTTLASHSTKTDASST
#P15941	SKSTPFSIPSHHSDTPTTLASHSTKTDASSTHH
#P15941	KSTPFSIPSHHSDTPTTLASHSTKTDASSTHHS
#P15941	IPSHHSDTPTTLASHSTKTDASSTHHSSVPPLT
#P15941	SHHSDTPTTLASHSTKTDASSTHHSSVPPLTSS
#P15941	TPTTLASHSTKTDASSTHHSSVPPLTSSNHSTS
#P15941	TKTDASSTHHSSVPPLTSSNHSTSPQLSTGVSF
#P15941	STHHSSVPPLTSSNHSTSPQLSTGVSFFFLSFH
#P15941	VPPLTSSNHSTSPQLSTGVSFFFLSFHISNLQF
#P15941	FHISNLQFNSSLEDPSTDYYQELQRDISEMFLQ
#P15941	GLSNIKFRPGSVVVQLTLAFREGTINVHDVETQ
#P15941	RPGSVVVQLTLAFREGTINVHDVETQFNQYKTE
#P15941	LTLAFREGTINVHDVETQFNQYKTEAASRYNLT
#P15941	GTINVHDVETQFNQYKTEAASRYNLTISDVSVS
#P15941	TQFNQYKTEAASRYNLTISDVSVSDVPFPFSAQ
#P15941	CRRKNYGQLDIFPARDTYHPMSEYPTYHTHGRY
#P15941	DIFPARDTYHPMSEYPTYHTHGRYVPPSSTDRS
#P15941	PARDTYHPMSEYPTYHTHGRYVPPSSTDRSPYE
#P68431	APATGGVKKPHRYRPGTVALREIRRYQKSTELL
#P68431	RPGTVALREIRRYQKSTELLIRKLPFQRLVREI
#P68431	KLPFQRLVREIAQDFKTDLRFQSSAVMALQEAC
#P68431	ALQEACEAYLVGLFEDTNLCAIHAKRVTIMPKD
#P68431	GLFEDTNLCAIHAKRVTIMPKDIQLARRIRGER
#P16220	EAENQQMTVQAQPQIATLAQVSMPAAHATSSAP
#P16220	PQIATLAQVSMPAAHATSSAPTVTLVQLPNGQT
#P16220	LAQVSMPAAHATSSAPTVTLVQLPNGQTVQVHG
#P16220	QVSMPAAHATSSAPTVTLVQLPNGQTVQVHGVI
#P16220	TSSAPTVTLVQLPNGQTVQVHGVIQAAQPSVIQ
#P16220	VIQAAQPSVIQSPQVQTVQSSCKDLKRLFSGTQ
#P16220	QTVQSSCKDLKRLFSGTQISTIAESEDSQESVD
#P16220	SSCKDLKRLFSGTQISTIAESEDSQESVDSVTD
#P16220	DAPGVPRIEEEKSEEETSAPAITTVTVPTPIYQ
#P16220	RIEEEKSEEETSAPAITTVTVPTPIYQTSSGQY
#P16220	IEEEKSEEETSAPAITTVTVPTPIYQTSSGQYI
#P16220	EEKSEEETSAPAITTVTVPTPIYQTSSGQYIAI
#P16220	SEEETSAPAITTVTVPTPIYQTSSGQYIAITQG
#P16220	SAPAITTVTVPTPIYQTSSGQYIAITQGGAIQL
#P16220	VPTPIYQTSSGQYIAITQGGAIQLANNGTDGVQ
#P16220	YIAITQGGAIQLANNGTDGVQGLQTLTMTNAAA
#P16220	AIQLANNGTDGVQGLQTLTMTNAAATQPGTTIL
#P16220	QLANNGTDGVQGLQTLTMTNAAATQPGTTILQY
#P16220	ANNGTDGVQGLQTLTMTNAAATQPGTTILQYAQ
#P16220	DGVQGLQTLTMTNAAATQPGTTILQYAQTTDGQ
#P16220	GLQTLTMTNAAATQPGTTILQYAQTTDGQQILV
#P16220	LQTLTMTNAAATQPGTTILQYAQTTDGQQILVP
#P16220	NAAATQPGTTILQYAQTTDGQQILVPSNQVVVQ
#P16220	AAATQPGTTILQYAQTTDGQQILVPSNQVVVQA
#P16220	VPSNQVVVQAASGDVQTYQIRTAPTSTIAPGVV
#P16220	VVVQAASGDVQTYQIRTAPTSTIAPGVVMASSP
#P16220	QAASGDVQTYQIRTAPTSTIAPGVVMASSPALP
#P16220	ASGDVQTYQIRTAPTSTIAPGVVMASSPALPTQ
#P16220	STIAPGVVMASSPALPTQPAEEAARKREVRLMK
#P16220	VKCLENRVAVLENQNKTLIEELKALKDLYCHKS
#P16333	LDDSKSWWRVRNSMNKTGFVPSNYVERKNSARK
#P16333	RKNSARKASIVKNLKDTLGIGKVKRKPSVPDSA
#P16333	FNYMAEREDELSLIKGTKVIVMEKCSDGWWRGS
#P16333	VGSLSEKLAAVVNNLNTGQVLHVVQALYPFSSS
#P16333	CRKINGMVGLVPKNYVTVMQNNPLTSGLEPSPP
#P16333	GLVPKNYVTVMQNNPLTSGLEPSPPQCDYIRPS
#P16333	GLEPSPPQCDYIRPSLTGKFAGNPWYYGKVTRH
#P16333	SLTGKFAGNPWYYGKVTRHQAEMALNERGHEGD
#P16333	LKAQGKNKHFKVQLKETVYCIGQRKFSTMEELV
#P16333	VQLKETVYCIGQRKFSTMEELVEHYKKAPIFTS
#P16471	PPGKPEIFKCRSPNKETFTCWWRPGTDGGLPTN
#P16471	GKPEIFKCRSPNKETFTCWWRPGTDGGLPTNYS
#P16471	CRSPNKETFTCWWRPGTDGGLPTNYSLTYHREG
#P16471	ETFTCWWRPGTDGGLPTNYSLTYHREGETLMHE
#P16471	WWRPGTDGGLPTNYSLTYHREGETLMHECPDYI
#P16471	GGLPTNYSLTYHREGETLMHECPDYITGGPNSC
#P16471	YHREGETLMHECPDYITGGPNSCHFGKQYTSMW
#P16471	DYITGGPNSCHFGKQYTSMWRTYIMMVNATNQM
#P16471	GPNSCHFGKQYTSMWRTYIMMVNATNQMGSSFS
#P16471	KQYTSMWRTYIMMVNATNQMGSSFSDELYVDVT
#P16471	TNQMGSSFSDELYVDVTYIVQPDPPLELAVEVK
#P16471	QPEDRKPYLWIKWSPPTLIDLKTGWFTLLYEIR
#P16471	PYLWIKWSPPTLIDLKTGWFTLLYEIRLKPEKA
#P16471	IKWSPPTLIDLKTGWFTLLYEIRLKPEKAAEWE
#P16471	KPEKAAEWEIHFAGQQTEFKILSLHPGQKYLVQ
#P16471	VRCKPDHGYWSAWSPATFIQIPSDFTMNDTTVW
#P16471	WSAWSPATFIQIPSDFTMNDTTVWISVAVLSAV
#P16471	SPATFIQIPSDFTMNDTTVWISVAVLSAVICLI
#P16471	PATFIQIPSDFTMNDTTVWISVAVLSAVICLII
#P16471	CLIIVWAVALKGYSMVTCIFPPVPGPKIKGFDA
#P16471	KSEELLSALGCQDFPPTSDYEDLLVEYLEVDDS
#P16471	LMSVHSKEHPSQGMKPTYLDPDTDSGRGSCDSP
#P16471	KEHPSQGMKPTYLDPDTDSGRGSCDSPSLLSEK
#P16471	PSLLSEKCEEPQANPSTFYDPEVIEKPENPETT
#P16471	STFYDPEVIEKPENPETTHTWDPQCISMEGKIP
#P16471	TFYDPEVIEKPENPETTHTWDPQCISMEGKIPY
#P16471	YDPEVIEKPENPETTHTWDPQCISMEGKIPYFH
#P16471	LPQPSQHNPRSSYHNITDVCELAVGPAGAPATL
#P16471	ITDVCELAVGPAGAPATLLNEAGKDALKSSQTI
#P16471	ATLLNEAGKDALKSSQTIKSREEGKATQQREVE
#P16471	ALKSSQTIKSREEGKATQQREVESFHSETDQDT
#P16471	EGKATQQREVESFHSETDQDTPWLLPQEKTPFG
#P16471	TQQREVESFHSETDQDTPWLLPQEKTPFGSAKP
#P16471	HSETDQDTPWLLPQEKTPFGSAKPLDYVEIHKV
#P16471	LLPKQRENSGKPKKPGTPENNKEYAKVSGVMDN
#P16471	PPSLEQNQAEKALANFTATSSKCRLQLGGLDYL
#P16471	SLEQNQAEKALANFTATSSKCRLQLGGLDYLDP
#P16949	AIEENNNFSKMAEEKLTHKMEANKENREAQMAA
#P17275	PEGGGGGSYFSGQGSDTGASLKLASSELERLIV
#P17275	SSELERLIVPNSNGVITTTPTPPGQYFYPRGGG
#P17275	SELERLIVPNSNGVITTTPTPPGQYFYPRGGGS
#P17275	ELERLIVPNSNGVITTTPTPPGQYFYPRGGGSG
#P17275	RGGGSGGGAGGAGGGVTEEQEGFADGFVKALDD
#P17275	DGFVKALDDLHKMNHVTPPNVSLGATGGPPAGP
#P17275	LHKMNHVTPPNVSLGATGGPPAGPGGVYAGPEP
#P17275	AGPGGVYAGPEPPPVYTNLSSYSPASASSGGAG
#P17275	YSPASASSGGAGAAVGTGSSYPTTTISYLPHAP
#P17275	SSGGAGAAVGTGSSYPTTTISYLPHAPPFAGGH
#P17275	SGGAGAAVGTGSSYPTTTISYLPHAPPFAGGHP
#P17275	GGAGAAVGTGSSYPTTTISYLPHAPPFAGGHPA
#P17275	FAGGHPAQLGLGRGASTFKEEPQTVPEARSRDA
#P17275	QLGLGRGASTFKEEPQTVPEARSRDATPPVSPI
#P17275	FKEEPQTVPEARSRDATPPVSPINMEDQERIKV
#P17275	ERIKVERKRLRNRLAATKCRKRKLERIARLEDK
#P17275	RKRKLERIARLEDKVKTLKAENAGLSSTAGLLR
#P17275	EDKVKTLKAENAGLSSTAGLLREQVAQLKQKVM
#P17275	AGLLREQVAQLKQKVMTHVSNGCQLLLGVKGHA
#P17275	ERLIVPNSNGVITTTPTPPGQYFYPRGGGSGGG
#P17676	SPYLEPLGAPQAPAPATATDTFEAAPPAPAPAP
#P17676	YLEPLGAPQAPAPATATDTFEAAPPAPAPAPAS
#P17676	EPLGAPQAPAPATATDTFEAAPPAPAPAPASSG
#P17676	YLGYQAVPSGSSGSLSTSSSSSPPGTPSPADAK
#P17676	GSSGSLSTSSSSSPPGTPSPADAKAPPTACYAG
#P17676	SSPPGTPSPADAKAPPTACYAGAAPAPSQVKSK
#P17676	IAVRKSRDKAKMRNLETQHKVLELTAENERLQK
#P17676	KAKMRNLETQHKVLELTAENERLQKKVEQLSRE
#P17676	NERLQKKVEQLSRELSTLRNLFKQLPEPLLASS
#P17676	AGAAPAPSQVKSKAKKTVDKHSDEYKIRRERNN
#P17858	TSGGDAQGMNAAVRAVTRMGIYVGAKVFLIYEG
#P17858	KQANWLSVSNIIQLGGTIIGSARCKAFTTREGR
#P17858	IQLGGTIIGSARCKAFTTREGRRAAAYNLVQHG
#P17858	QLGGTIIGSARCKAFTTREGRRAAAYNLVQHGI
#P17858	REGRRAAAYNLVQHGITNLCVIGGDGSLTGANI
#P17858	QHGITNLCVIGGDGSLTGANIFRSEWGSLLEEL
#P17858	WGSLLEELVAEGKISETTARTYSHLNIAGLVGS
#P17858	GSLLEELVAEGKISETTARTYSHLNIAGLVGSI
#P17858	LEELVAEGKISETTARTYSHLNIAGLVGSIDND
#P17858	LNIAGLVGSIDNDFCGTDMTIGTDSALHRIMEV
#P17858	AGLVGSIDNDFCGTDMTIGTDSALHRIMEVIDA
#P17858	VGSIDNDFCGTDMTIGTDSALHRIMEVIDAITT
#P17858	GTDSALHRIMEVIDAITTTAQSHQRTFVLEVMG
#P17858	TDSALHRIMEVIDAITTTAQSHQRTFVLEVMGR
#P17858	DSALHRIMEVIDAITTTAQSHQRTFVLEVMGRH
#P17858	MEVIDAITTTAQSHQRTFVLEVMGRHCGYLALV
#P17858	PPEDGWENFMCERLGETRSRGSRLNIIIIAEGA
#P17858	SSSYVKDLVVQRLGFDTRVTVLGHVQRGGTPSA
#P17858	YVKDLVVQRLGFDTRVTVLGHVQRGGTPSAFDR
#P17858	GFDTRVTVLGHVQRGGTPSAFDRILSSKMGMEA
#P17858	LSSKMGMEAVMALLEATPDTPACVVTLSGNQSV
#P17858	KMGMEAVMALLEATPDTPACVVTLSGNQSVRLP
#P17858	VMALLEATPDTPACVVTLSGNQSVRLPLMECVQ
#P17858	SGNQSVRLPLMECVQMTKEVQKAMDDKRFDEAT
#P17858	TKEVQKAMDDKRFDEATQLRGGSFENNWNIYKL
#P17858	GAPAAGMNAAVRSAVRTGISHGHTVYVVHDGFE
#P17858	NAAVRSAVRTGISHGHTVYVVHDGFEGLAKGQV
#P17858	WHDVAGWLGRGGSMLGTKRTLPKGQLESIVENI
#P17858	VAGWLGRGGSMLGTKRTLPKGQLESIVENIRIY
#P17858	RGRYEELCIVMCVIPATISNNVPGTDFSLGSDT
#P17858	IVMCVIPATISNNVPGTDFSLGSDTAVNAAMES
#P17858	TISNNVPGTDFSLGSDTAVNAAMESCDRIKQSA
#P17858	NAAMESCDRIKQSASGTKRRVFIVETMGGYCGY
#P17858	IKQSASGTKRRVFIVETMGGYCGYLATVTGIAV
#P17858	RVFIVETMGGYCGYLATVTGIAVGADAAYVFED
#P17858	FIVETMGGYCGYLATVTGIAVGADAAYVFEDPF
#P17858	EDPFNIHDLKVNVEHMTEKMKTDIQRGLVLRNE
#P17858	IHDLKVNVEHMTEKMKTDIQRGLVLRNEKCHDY
#P17858	IQRGLVLRNEKCHDYYTTEFLYNLYSSEGKGVF
#P17858	QRGLVLRNEKCHDYYTTEFLYNLYSSEGKGVFD
#P17858	LYNLYSSEGKGVFDCRTNVLGHLQQGGAPTPFD
#P17858	DCRTNVLGHLQQGGAPTPFDRNYGTKLGVKAML
#P17858	HLQQGGAPTPFDRNYGTKLGVKAMLWLSEKLRE
#P17858	ACVIGLKKKAVAFSPVTELKKDTDFEHRMPREQ
#P17858	KKKAVAFSPVTELKKDTDFEHRMPREQWWLSLR
#P18206	IMHEEGEVDGKAIPDLTAPVAAVQAAVSNLVRV
#P18206	AAVQAAVSNLVRVGKETVQTTEDQILKRDMPPA
#P18206	QAAVSNLVRVGKETVQTTEDQILKRDMPPAFIK
#P18206	AAVSNLVRVGKETVQTTEDQILKRDMPPAFIKV
#P18206	LKRDMPPAFIKVENACTKLVQAAQMLQSDPYSV
#P18206	PARDYLIDGSRGILSGTSDLLLTFDEAEVRKII
#P18206	IDGSRGILSGTSDLLLTFDEAEVRKIIRVCKGI
#P18206	EVRKIIRVCKGILEYLTVAEVVETMEDLVTYTK
#P18206	VCKGILEYLTVAEVVETMEDLVTYTKNLGPGMT
#P18206	EYLTVAEVVETMEDLVTYTKNLGPGMTKMAKMI
#P18206	LTVAEVVETMEDLVTYTKNLGPGMTKMAKMIDE
#P18206	TMEDLVTYTKNLGPGMTKMAKMIDERQQELTHQ
#P18206	GMTKMAKMIDERQQELTHQEHRVMLVNSMNTVK
#P18206	ELTHQEHRVMLVNSMNTVKELLPVLISAMKIFV
#P18206	VKELLPVLISAMKIFVTTKNSKNQGIEEALKNR
#P18206	KELLPVLISAMKIFVTTKNSKNQGIEEALKNRN
#P18206	NSKNQGIEEALKNRNFTVEKMSAEINEIIRVLQ
#P18206	EKMSAEINEIIRVLQLTSWDEDAWASKDTEAMK
#P18206	VLQLTSWDEDAWASKDTEAMKRALASIDSKLNQ
#P18206	KVGELCAGKERREILGTCKMLGQMTDQVADLRA
#P18206	KERREILGTCKMLGQMTDQVADLRARGQGSSPV
#P18206	VAMQKAQQVSQGLDVLTAKVENAARKLEAMTNS
#P18206	VLTAKVENAARKLEAMTNSKQSIAKKIDAAQNW
#P18206	KERDDILRSLGEISALTSKLADLRRQGKGDSPE
#P18206	GKGDSPEARALAKQVATALQNLQTKTNRAVANS
#P18206	ARALAKQVATALQNLQTKTNRAVANSRPAKAAV
#P18206	ALAKQVATALQNLQTKTNRAVANSRPAKAAVHL
#P18206	PYRQDLLAKCDRVDQLTAQLADLAARGEGESPQ
#P18206	LQDSLKDLKARMQEAMTQEVSDVFSDTTTPIKL
#P18206	RMQEAMTQEVSDVFSDTTTPIKLLAVAATAPPD
#P18206	MQEAMTQEVSDVFSDTTTPIKLLAVAATAPPDA
#P18206	QEAMTQEVSDVFSDTTTPIKLLAVAATAPPDAP
#P18206	VFSDTTTPIKLLAVAATAPPDAPNREEVFDERA
#P18206	DERAANFENHSGKLGATAEKAAAVGTANKSTVE
#P18206	HSGKLGATAEKAAAVGTANKSTVEGIQASVKTA
#P18206	GATAEKAAAVGTANKSTVEGIQASVKTARELTP
#P18206	GTANKSTVEGIQASVKTARELTPQVVSAARILL
#P18206	STVEGIQASVKTARELTPQVVSAARILLRNPGN
#P18206	ILLRNPGNQAAYEHFETMKNQWIDNVEKMTGLV
#P18206	HFETMKNQWIDNVEKMTGLVDEAIDTKSLLDAS
#P18206	IDNVEKMTGLVDEAIDTKSLLDASEEAIKKDLD
#P18206	KVAMANIQPQMLVAGATSIARRANRILLVAKRE
#P18206	PKFREAVKAASDELSKTISPMVMDAKAVAGNIS
#P18206	EPDFPPPPPDLEQLRLTDELAPPKPPLPEGEVP
#P18206	VNQPILAAAQSLHREATKWSSKGNDIIAAAKRM
#P18206	ALLMAEMSRLVRGGSGTKRALIQCAKDIAKASD
#P18206	ALIQCAKDIAKASDEVTRLAKEVAKQCTDKRIR
#P18206	ASDEVTRLAKEVAKQCTDKRIRTNLLQVCERIP
#P18206	RLAKEVAKQCTDKRIRTNLLQVCERIPTISTQL
#P18206	DKRIRTNLLQVCERIPTISTQLKILSTVKATML
#P18206	IRTNLLQVCERIPTISTQLKILSTVKATMLGRT
#P18206	VCERIPTISTQLKILSTVKATMLGRTNISDEES
#P18206	IPTISTQLKILSTVKATMLGRTNISDEESEQAT
#P18206	TQLKILSTVKATMLGRTNISDEESEQATEMLVH
#P18206	TMLGRTNISDEESEQATEMLVHNAQNLMQSVKE
#P18206	EMLVHNAQNLMQSVKETVREAEAASIKIRTDAG
#P18206	VKETVREAEAASIKIRTDAGFTLRWVRKTPWYQ
#P18846	RRPSYRKILKDLSSEDTRGRKGDGENSGVSAAV
#P18846	RGRKGDGENSGVSAAVTSMSVPTPIYQTSSGQY
#P18846	GENSGVSAAVTSMSVPTPIYQTSSGQYIAIAPN
#P18846	VSAAVTSMSVPTPIYQTSSGQYIAIAPNGALQL
#P18846	YIAIAPNGALQLASPGTDGVQGLQTLTMTNSGS
#P18846	ALQLASPGTDGVQGLQTLTMTNSGSTQQGTTIL
#P18846	QLASPGTDGVQGLQTLTMTNSGSTQQGTTILQY
#P18846	ASPGTDGVQGLQTLTMTNSGSTQQGTTILQYAQ
#P18846	DGVQGLQTLTMTNSGSTQQGTTILQYAQTSDGQ
#P18846	GLQTLTMTNSGSTQQGTTILQYAQTSDGQQILV
#P18846	LQTLTMTNSGSTQQGTTILQYAQTSDGQQILVP
#P18846	NSGSTQQGTTILQYAQTSDGQQILVPSNQVVVQ
#P18846	SDGQQILVPSNQVVVQTASGDMQTYQIRTTPSA
#P18846	VPSNQVVVQTASGDMQTYQIRTTPSATSLPQTV
#P18846	VVVQTASGDMQTYQIRTTPSATSLPQTVVMTSP
#P18846	VVQTASGDMQTYQIRTTPSATSLPQTVVMTSPV
#P18846	ASGDMQTYQIRTTPSATSLPQTVVMTSPVTLTS
#P18846	QTYQIRTTPSATSLPQTVVMTSPVTLTSQTTKT
#P18846	PSATSLPQTVVMTSPVTLTSQTTKTDDPQLKRE
#P18846	ATSLPQTVVMTSPVTLTSQTTKTDDPQLKREIR
#P18846	LPQTVVMTSPVTLTSQTTKTDDPQLKREIRLMK
#P18846	PQTVVMTSPVTLTSQTTKTDDPQLKREIRLMKN
#P18846	TVVMTSPVTLTSQTTKTDDPQLKREIRLMKNRE
#P18846	VKCLENRVAVLENQNKTLIEELKTLKDLYSNKS
#P18846	IRTTPSATSLPQTVVMTSPVTLTSQTTKTDDPQ
#P18858	PPRPATSPENNASLSDTSPMDSSPSGIPKRRTA
#P18858	DTSPMDSSPSGIPKRRTARKQLPKRTIQEVLEE
#P18858	SGIPKRRTARKQLPKRTIQEVLEEQSEDEDREA
#P18858	DEDREAKRKKEEEEEETPKESLTEAEVATEKEG
#P18858	KRKKEEEEEETPKESLTEAEVATEKEGEDGDQP
#P18858	EEEETPKESLTEAEVATEKEGEDGDQPTTPPKP
#P18858	EAEVATEKEGEDGDQPTTPPKPLKTSKAETPTE
#P18858	AEVATEKEGEDGDQPTTPPKPLKTSKAETPTES
#P18858	EGEDGDQPTTPPKPLKTSKAETPTESVSEPEVA
#P18858	DQPTTPPKPLKTSKAETPTESVSEPEVATKQEL
#P18858	PTTPPKPLKTSKAETPTESVSEPEVATKQELQE
#P18858	SKAETPTESVSEPEVATKQELQEEEEQTKPPRR
#P18858	EPEVATKQELQEEEEQTKPPRRAPKTLSSFFTP
#P18858	LQEEEEQTKPPRRAPKTLSSFFTPRKPAVKKEV
#P18858	QTKPPRRAPKTLSSFFTPRKPAVKKEVKEEEPG
#P18858	ACWKPGQKVPYLAVARTFEKIEEVSARLRMVET
#P18858	TFEKIEEVSARLRMVETLSNLLRSVVALSPPDL
#P18858	ELGVGDGVLLKAVAQATGRQLESVRAEAAEKGD
#P18858	AAEKGDVGLVAENSRSTQRLMLPPPPLTASGVF
#P18858	ENSRSTQRLMLPPPPLTASGVFSKFRDIARLTG
#P18858	LTASGVFSKFRDIARLTGSASTAKKIDIIKGLF
#P18858	VFSKFRDIARLTGSASTAKKIDIIKGLFVACRH
#P18858	LAEQSVLAALSQAVSLTPPGQEFPPAMVDAGKG
#P18858	PGQEFPPAMVDAGKGKTAEARKTWLEEQGMILK
#P18858	PAMVDAGKGKTAEARKTWLEEQGMILKQTFCEV
#P18858	EARKTWLEEQGMILKQTFCEVPDLDRIIPVLLE
#P18858	CKLSPGIPLKPMLAHPTRGISEVLKRFEEAAFT
#P18858	TRGISEVLKRFEEAAFTCEYKYDGQRAQIHALE
#P18858	LEGGEVKIFSRNQEDNTGKYPDIISRIPKIKLP
#P18858	YPDIISRIPKIKLPSVTSFILDTEAVAWDREKK
#P18858	RIPKIKLPSVTSFILDTEAVAWDREKKQIQPFQ
#P18858	VAWDREKKQIQPFQVLTTRKRKEVDASEIQVQV
#P18858	AWDREKKQIQPFQVLTTRKRKEVDASEIQVQVC
#P18858	EPLSRRRQLLRENFVETEGEFVFATSLDTKDIE
#P18858	LLRENFVETEGEFVFATSLDTKDIEQIAEFLEQ
#P18858	NFVETEGEFVFATSLDTKDIEQIAEFLEQSVKD
#P18858	FLEQSVKDSCEGLMVKTLDVDATYEIAKRSHNW
#P18858	KDSCEGLMVKTLDVDATYEIAKRSHNWLKLKKD
#P18858	HNWLKLKKDYLDGVGDTLDLVVIGAYLGRGKRA
#P18858	SYDEDSEELQAICKLGTGFSDEELEEHHQSLKA
#P18858	FPRFIRVREDKQPEQATTSAQVACLYRKQSQIQ
#P18858	PRFIRVREDKQPEQATTSAQVACLYRKQSQIQN
#P18858	QKPALDCSQVSPPRPATSPENNASLSDTSPMDS
#P68400	KLGRGKYSEVFEAINITNNEKVVVKILKPVKKK
#P68400	REIKILENLRGGPNIITLADIVKDPVSRTPALV
#P68400	PNIITLADIVKDPVSRTPALVFEHVNNTDFKQL
#P68400	DPVSRTPALVFEHVNNTDFKQLYQTLTDYDIRF
#P68400	LVFEHVNNTDFKQLYQTLTDYDIRFYMYEILKA
#P68400	FEHVNNTDFKQLYQTLTDYDIRFYMYEILKALD
#P68400	GHDNYDQLVRIAKVLGTEDLYDYIDKYNIELDP
#P68400	LDFLDKLLRYDHQSRLTAREAMEHPYFYTVVKD
#P68400	QSRLTAREAMEHPYFYTVVKDQARMGSSSMPGG
#P68400	VKDQARMGSSSMPGGSTPVSSANMMSGISSVPT
#P68400	TPVSSANMMSGISSVPTPSPLGPLAGSPVIAAA
#P19793	LGPGIGSPGQLHSPISTLSSPINGMGPPFSVIS
#P19793	FSVISSPMGPHSMSVPTTPTLGFSTGSPQLSSP
#P19793	ISSPMGPHSMSVPTTPTLGFSTGSPQLSSPMNP
#P19793	GPHSMSVPTTPTLGFSTGSPQLSSPMNPVSSSE
#P19793	GVLKVPAHPSGNMASFTKHICAICGDRSSGKHY
#P19793	HYGVYSCEGCKGFFKRTVRKDLTYTCRDNKDCL
#P19793	CEGCKGFFKRTVRKDLTYTCRDNKDCLIDKRQR
#P19793	GCKGFFKRTVRKDLTYTCRDNKDCLIDKRQRNR
#P19793	EERQRGKDRNENEVESTSSANEDMPVERILEAE
#P19793	MPVERILEAELAVEPKTETYVEANMGLNPSSPN
#P19793	VERILEAELAVEPKTETYVEANMGLNPSSPNDP
#P19793	VEANMGLNPSSPNDPVTNICQAADKQLFTLVEW
#P19793	NDPVTNICQAADKQLFTLVEWAKRIPHFSELPL
#P19793	SFSHRSIAVKDGILLATGLHVHRNSAHSAGVGA
#P19793	NSAHSAGVGAIFDRVLTELVSKMRDMQMDKTEL
#P19793	VLTELVSKMRDMQMDKTELGCLRAIVLFNPDSK
#P19793	GLKCLEHLFFFKLIGDTPIDTFLMEMLEAPHQM
#P19838	HTIFNPEVFQPQMALPTDGPYLQILEQPKQRGF
#P19838	KICNYVGPAKVIVQLVTNGKNIHLHAHSLVGKH
#P19838	LHAHSLVGKHCEDGICTVTAGPKDMVVGFANLG
#P19838	AHSLVGKHCEDGICTVTAGPKDMVVGFANLGIL
#P19838	PKDMVVGFANLGILHVTKKKVFETLEARMTEAC
#P19838	FANLGILHVTKKKVFETLEARMTEACIRGYNPG
#P19838	LHVTKKKVFETLEARMTEACIRGYNPGLLVHPD
#P19838	LGDREKELIRQAALQQTKEMDLSVVRLMFTAFL
#P19838	LQQTKEMDLSVVRLMFTAFLPDSTGSFTRRLEP
#P19838	DLSVVRLMFTAFLPDSTGSFTRRLEPVVSDAIY
#P19838	VRLMFTAFLPDSTGSFTRRLEPVVSDAIYDSKA
#P19838	SKAPNASNLKIVRMDRTAGCVTGGEEIYLLCDK
#P19838	ASNLKIVRMDRTAGCVTGGEEIYLLCDKVQKDD
#P19838	EEENGGVWEGFGDFSPTDVHRQFAIVFKTPKYK
#P19838	DFSPTDVHRQFAIVFKTPKYKDINITKPASVFV
#P19838	QFAIVFKTPKYKDINITKPASVFVQLRRKSDLE
#P19838	KPASVFVQLRRKSDLETSEPKPFLYYPEIKDKE
#P19838	GAGGGGMFGSGGGGGGTGSTGPGYSFPHYGFPT
#P19838	GGGMFGSGGGGGGTGSTGPGYSFPHYGFPTYGG
#P19838	TGSTGPGYSFPHYGFPTYGGITFHPGTTKSNAG
#P19838	PGYSFPHYGFPTYGGITFHPGTTKSNAGMKHGT
#P19838	PHYGFPTYGGITFHPGTTKSNAGMKHGTMDTES
#P19838	HYGFPTYGGITFHPGTTKSNAGMKHGTMDTESK
#P19838	TFHPGTTKSNAGMKHGTMDTESKKDPEGCDKSD
#P19838	PGTTKSNAGMKHGTMDTESKKDPEGCDKSDDKN
#P19838	ESKKDPEGCDKSDDKNTVNLFGKVIETTEQDQE
#P19838	KSDDKNTVNLFGKVIETTEQDQEPSEATVGNGE
#P19838	SDDKNTVNLFGKVIETTEQDQEPSEATVGNGEV
#P19838	GKVIETTEQDQEPSEATVGNGEVTLTYATGTKE
#P19838	EQDQEPSEATVGNGEVTLTYATGTKEESAGVQD
#P19838	DQEPSEATVGNGEVTLTYATGTKEESAGVQDNL
#P19838	PSEATVGNGEVTLTYATGTKEESAGVQDNLFLE
#P19838	EATVGNGEVTLTYATGTKEESAGVQDNLFLEKA
#P19838	MQLAKRHANALFDYAVTGDVKMLLAVQRHLTAV
#P19838	AVTGDVKMLLAVQRHLTAVQDENGDSVLHLAII
#P19838	AIIHLHSQLVRDLLEVTSGLISDDIINMRNDLY
#P19838	GLISDDIINMRNDLYQTPLHLAVITKQEDVVED
#P19838	NMRNDLYQTPLHLAVITKQEDVVEDLLRAGADL
#P19838	VAAGADVNAQEQKSGRTALHLAVEHDNISLAGC
#P19838	SLAGCLLLEGDAHVDSTTYDGTTPLHIAAGRGS
#P19838	LAGCLLLEGDAHVDSTTYDGTTPLHIAAGRGST
#P19838	LLLEGDAHVDSTTYDGTTPLHIAAGRGSTRLAA
#P19838	LLEGDAHVDSTTYDGTTPLHIAAGRGSTRLAAL
#P19838	TYDGTTPLHIAAGRGSTRLAALLKAAGADPLVE
#P19838	DDSWENAGEDEGVVPGTTPLDMATSWQVFDILN
#P19838	DSWENAGEDEGVVPGTTPLDMATSWQVFDILNG
#P19838	GEDEGVVPGTTPLDMATSWQVFDILNGKPYEPE
#P19838	WQVFDILNGKPYEPEFTSDDLLAQGDMKQLAED
#P19838	QLYKLLEIPDPDKNWATLAQKLGLGILNNAFRL
#P19838	LGILNNAFRLSPAPSKTLMDNYEVSGGTVRELV
#P19838	PAPSKTLMDNYEVSGGTVRELVEALRQMGYTEA
#P19838	GGTVRELVEALRQMGYTEAIEVIQAASSPVKTT
#P19838	YTEAIEVIQAASSPVKTTSQAHSLPLSPASTRQ
#P19838	TEAIEVIQAASSPVKTTSQAHSLPLSPASTRQQ
#P19838	VKTTSQAHSLPLSPASTRQQIDELRDSDSVCDS
#P19838	IDELRDSDSVCDSGVETSFRKLSFTESLTSGAS
#P19838	SGVETSFRKLSFTESLTSGASLLTLNKMPHDYG
#P19838	RKLSFTESLTSGASLLTLNKMPHDYGQEGPLEG
#P20020	FGITLAELRALMELRSTDALRKIQESYGDVYGI
#P20020	ALRKIQESYGDVYGICTKLKTSPNEGLSGNPAD
#P20020	IQESYGDVYGICTKLKTSPNEGLSGNPADLERR
#P20020	REAVFGKNFIPPKKPKTFLQLVWEALQDVTLII
#P20020	KPKTFLQLVWEALQDVTLIILEIAAIVSLGLSF
#P20020	ALCGEVSVGEEEGEGETGWIEGAAILLSVVCVV
#P20020	IEGAAILLSVVCVVLVTAFNDWSKEKQFRGLQS
#P20020	KQFRGLQSRIEQEQKFTVIRGGQVIQIPVADIT
#P20020	TVIRGGQVIQIPVADITVGDIAQVKYGDLLPAD
#P20020	GILIQGNDLKIDESSLTGESDHVKKSLDKDPLL
#P20020	DHVKKSLDKDPLLLSGTHVMEGSGRMVVTAVGV
#P20020	LLSGTHVMEGSGRMVVTAVGVNSQTGIIFTLLG
#P20020	EGSGRMVVTAVGVNSQTGIIFTLLGAGGEEEEK
#P20020	MVVTAVGVNSQTGIIFTLLGAGGEEEEKKDEKK
#P20020	KANLPKKEKSVLQGKLTKLAVQIGKAGLLMSAI
#P20020	KLAVQIGKAGLLMSAITVIILVLYFVIDTFWVQ
#P20020	MSAITVIILVLYFVIDTFWVQKRPWLAECTPIY
#P20020	VIDTFWVQKRPWLAECTPIYIQYFVKFFIIGVT
#P20020	TPIYIQYFVKFFIIGVTVLVVAVPEGLPLAVTI
#P20020	VTVLVVAVPEGLPLAVTISLAYSVKKMMKDNNL
#P20020	KMMKDNNLVRHLDACETMGNATAICSDKTGTLT
#P20020	NNLVRHLDACETMGNATAICSDKTGTLTMNRMT
#P20020	DACETMGNATAICSDKTGTLTMNRMTVVQAYIN
#P20020	CETMGNATAICSDKTGTLTMNRMTVVQAYINEK
#P20020	TMGNATAICSDKTGTLTMNRMTVVQAYINEKHY
#P20020	TAICSDKTGTLTMNRMTVVQAYINEKHYKKVPE
#P20020	VPEPEAIPPNILSYLVTGISVNCAYTSKILPPE
#P20020	NILSYLVTGISVNCAYTSKILPPEKEGGLPRHV
#P20020	LPPEKEGGLPRHVGNKTECALLGLLLDLKRDYQ
#P20020	QDVRNEIPEEALYKVYTFNSVRKSMSTVLKNSD
#P20020	ALYKVYTFNSVRKSMSTVLKNSDGSYRIFSKGA
#P20020	GEAKVFRPRDRDDIVKTVIEPMASEGLRTICLA
#P20020	DIVKTVIEPMASEGLRTICLAFRDFPAGEPEPE
#P20020	PAGEPEPEWDNENDIVTGLTCIAVVGIEDPVRP
#P20020	EPEPEWDNENDIVTGLTCIAVVGIEDPVRPEVP
#P20020	RPEVPDAIKKCQRAGITVRMVTGDNINTARAIA
#P20020	DAIKKCQRAGITVRMVTGDNINTARAIATKCGI
#P20020	QRAGITVRMVTGDNINTARAIATKCGILHPGED
#P20020	VRMVTGDNINTARAIATKCGILHPGEDFLCLEG
#P20020	IDKIWPKLRVLARSSPTDKHTLVKGIIDSTVSD
#P20020	WPKLRVLARSSPTDKHTLVKGIIDSTVSDQRQV
#P20020	SSPTDKHTLVKGIIDSTVSDQRQVVAVTGDGTN
#P20020	GIIDSTVSDQRQVVAVTGDGTNDGPALKKADVG
#P20020	STVSDQRQVVAVTGDGTNDGPALKKADVGFAMG
#P20020	PALKKADVGFAMGIAGTDVAKEASDIILTDDNF
#P20020	GIAGTDVAKEASDIILTDDNFTSIVKAVMWGRN
#P20020	DVAKEASDIILTDDNFTSIVKAVMWGRNVYDSI
#P20020	GRNVYDSISKFLQFQLTVNVVAVIVAFTGACIT
#P20020	LQFQLTVNVVAVIVAFTGACITQDSPLKAVQML
#P20020	TVNVVAVIVAFTGACITQDSPLKAVQMLWVNLI
#P20020	SPLKAVQMLWVNLIMDTLASLALATEPPTESLL
#P20020	LWVNLIMDTLASLALATEPPTESLLLRKPYGRN
#P20020	LIMDTLASLALATEPPTESLLLRKPYGRNKPLI
#P20020	LLLRKPYGRNKPLISRTMMKNILGHAFYQLVVV
#P20020	MKNILGHAFYQLVVVFTLLFAGEKFFDIDSGRN
#P20020	DSGRNAPLHAPPSEHYTIVFNTFVLMQLFNEIN
#P20020	APLHAPPSEHYTIVFNTFVLMQLFNEINARKIH
#P20020	GERNVFEGIFNNAIFCTIVLGTFVVQIIIVQFG
#P20020	FEGIFNNAIFCTIVLGTFVVQIIIVQFGGKPFS
#P20020	ELSIEQWLWSIFLGMGTLLWGQLISTIPTSRLK
#P20020	SIFLGMGTLLWGQLISTIPTSRLKFLKEAGHGT
#P20020	LGMGTLLWGQLISTIPTSRLKFLKEAGHGTQKE
#P20020	TIPTSRLKFLKEAGHGTQKEEIPEEELAEDVEE
#P20020	LRRGQILWFRGLNRIQTQMDVVNAFQSGSSIQG
#P20020	GALRRQPSIASQHHDVTNISTPTHIRVVNAFRS
#P20020	RQPSIASQHHDVTNISTPTHIRVVNAFRSSLYE
#P20020	PSIASQHHDVTNISTPTHIRVVNAFRSSLYEGL
#P20020	EGLEKPESRSSIHNFMTHPEFRIEDSEPHIPLI
#P20020	EFRIEDSEPHIPLIDDTDAEDDAPTKRNSSPPP
#P20020	PHIPLIDDTDAEDDAPTKRNSSPPPSPNKNNNA
#P20020	PSPNKNNNAVDSGIHLTIEMNKSATSSSPGSPL
#P20333	LPAQVAFTPYAPEPGSTCRLREYYDQTAQMCCS
#P20333	APEPGSTCRLREYYDQTAQMCCSKCSPGQHAKV
#P20333	MCCSKCSPGQHAKVFCTKTSDTVCDSCEDSTYT
#P20333	CSKCSPGQHAKVFCTKTSDTVCDSCEDSTYTQL
#P20333	CSPGQHAKVFCTKTSDTVCDSCEDSTYTQLWNW
#P20333	FCTKTSDTVCDSCEDSTYTQLWNWVPECLSCGS
#P20333	TKTSDTVCDSCEDSTYTQLWNWVPECLSCGSRC
#P20333	PECLSCGSRCSSDQVETQACTREQNRICTCRPG
#P20333	SCGSRCSSDQVETQACTREQNRICTCRPGWYCA
#P20333	DQVETQACTREQNRICTCRPGWYCALSKQEGCR
#P20333	APLRKCRPGFGVARPGTETSDVVCKPCAPGTFS
#P20333	LRKCRPGFGVARPGTETSDVVCKPCAPGTFSNT
#P20333	PGTETSDVVCKPCAPGTFSNTTSSTDICRPHQI
#P20333	TSDVVCKPCAPGTFSNTTSSTDICRPHQICNVV
#P20333	SDVVCKPCAPGTFSNTTSSTDICRPHQICNVVA
#P20333	VCKPCAPGTFSNTTSSTDICRPHQICNVVAIPG
#P20333	CNVVAIPGNASMDAVCTSTSPTRSMAPGAVHLP
#P20333	VVAIPGNASMDAVCTSTSPTRSMAPGAVHLPQP
#P20333	IPGNASMDAVCTSTSPTRSMAPGAVHLPQPVST
#P20333	TRSMAPGAVHLPQPVSTRSQHTQPTPEPSTAPS
#P20333	PGAVHLPQPVSTRSQHTQPTPEPSTAPSTSFLL
#P20333	VHLPQPVSTRSQHTQPTPEPSTAPSTSFLLPMG
#P20333	PVSTRSQHTQPTPEPSTAPSTSFLLPMGPSPPA
#P20333	RSQHTQPTPEPSTAPSTSFLLPMGPSPPAEGST
#P20333	TSFLLPMGPSPPAEGSTGDFALPVGLIVGVTAL
#P20333	GSTGDFALPVGLIVGVTALGLLIIGVVNCVIMT
#P20333	TALGLLIIGVVNCVIMTQVKKKPLCLQREAKVP
#P20333	QREAKVPHLPADKARGTQGPEQQHLLITAPSSS
#P20333	DKARGTQGPEQQHLLITAPSSSSSSLESSASAL
#P20333	SSSLESSASALDRRAPTRNQPQAPGVEASGAGE
#P20333	QAPGVEASGAGEARASTGSSDSSPGGHGTQVNV
#P20333	ARASTGSSDSSPGGHGTQVNVTCIVNVCSSSDH
#P20333	GSSDSSPGGHGTQVNVTCIVNVCSSSDHSSQCS
#P20333	CSSSDHSSQCSSQASSTMGDTDSSPSESPKDEQ
#P20333	DHSSQCSSQASSTMGDTDSSPSESPKDEQVPFS
#P20333	FSKEECAFRSQLETPETLLGSTEEKPLPLGVPD
#P20333	CAFRSQLETPETLLGSTEEKPLPLGVPDAGMKP
#P20700	LNDRLAVYIDKVRSLETENSALQLQVTEREEVR
#P20700	KVRSLETENSALQLQVTEREEVRGRELTGLKAL
#P20700	LQLQVTEREEVRGRELTGLKALYETELADARRA
#P20700	EEVRGRELTGLKALYETELADARRALDDTARER
#P20700	ALYETELADARRALDDTARERAKLQIELGKCKA
#P20700	LREYEAALNSKDAALATALGDKKSLEGDLEDLK
#P20700	QLEASLAAAKKQLADETLLKVDLENRCQSLTED
#P20700	DETLLKVDLENRCQSLTEDLEFRKSMYEEEINE
#P20700	EDLEFRKSMYEEEINETRRKHETRLVEVDSGRQ
#P20700	KSMYEEEINETRRKHETRLVEVDSGRQIEYEYK
#P20700	EQHDAQVRLYKEELEQTYHAKLENARLSSEMNT
#P20700	TYHAKLENARLSSEMNTSTVNSAREELMESRMR
#P20700	HAKLENARLSSEMNTSTVNSAREELMESRMRIE
#P20700	LEDLLAKEKDNSRRMLTDKEREMAEIRDQMQQQ
#P20700	GEEERLKLSPSPSSRVTVSRASSSRSVRTTRGK
#P20700	SSRVTVSRASSSRSVRTTRGKRKRVDVEESEAS
#P20700	SRVTVSRASSSRSVRTTRGKRKRVDVEESEASS
#P20700	ESEASSSVSISHSASATGNVCIEEIDVDGKFIR
#P20700	CIEEIDVDGKFIRLKNTSEQDQPMGGWEMIRKI
#P20700	QDQPMGGWEMIRKIGDTSVSYKYTSRYVLKAGQ
#P20700	WEMIRKIGDTSVSYKYTSRYVLKAGQTVTIWAA
#P20700	SVSYKYTSRYVLKAGQTVTIWAANAGVTASPPT
#P20700	SYKYTSRYVLKAGQTVTIWAANAGVTASPPTDL
#P20700	LKAGQTVTIWAANAGVTASPPTDLIWKNQNSWG
#P20700	TVTIWAANAGVTASPPTDLIWKNQNSWGTGEDV
#P20700	ASPPTDLIWKNQNSWGTGEDVKVILKNSQGEEV
#P20700	KVILKNSQGEEVAQRSTVFKTTIPEEEEEEEEA
#P20700	KNSQGEEVAQRSTVFKTTIPEEEEEEEEAAGVV
#P20700	NSQGEEVAQRSTVFKTTIPEEEEEEEEAAGVVV
#P21333	EKDLAEDAPWKKIQQNTFTRWCNEHLKCVSKRI
#P21333	DLAEDAPWKKIQQNTFTRWCNEHLKCVSKRIAN
#P21333	CNEHLKCVSKRIANLQTDLSDGLRLIALLEVLS
#P21333	EVLSQKKMHRKHNQRPTFRQMQLENVSVALEFL
#P21333	KAIVDGNLKLILGLIWTLILHYSISMPMWDEEE
#P21333	SMPMWDEEEDEEAKKQTPKQRLLGWIQNKLPQL
#P21333	QRLLGWIQNKLPQLPITNFSRDWQSGRALGALV
#P21333	PGLCPDWDSWDASKPVTNAREAMQQADDWLGIP
#P21333	EAMQQADDWLGIPQVITPEEIVDPNVDEHSVMT
#P21333	TPEEIVDPNVDEHSVMTYLSQFPKAKLKPGAPL
#P21333	KLNPKKARAYGPGIEPTGNMVKKRAEFTVETRS
#P21333	PGIEPTGNMVKKRAEFTVETRSAGQGEVLVYVE
#P21333	EPTGNMVKKRAEFTVETRSAGQGEVLVYVEDPA
#P21333	LVYVEDPAGHQEEAKVTANNDKNRTFSVWYVPE
#P21333	GHQEEAKVTANNDKNRTFSVWYVPEVTGTHKVT
#P21333	NNDKNRTFSVWYVPEVTGTHKVTVLFAGQHIAK
#P21333	DKNRTFSVWYVPEVTGTHKVTVLFAGQHIAKSP
#P21333	TFSVWYVPEVTGTHKVTVLFAGQHIAKSPFEVY
#P21333	PFEVYVDKSQGDASKVTAQGPGLEPSGNIANKT
#P21333	TAQGPGLEPSGNIANKTTYFEIFTAGAGTGEVE
#P21333	AQGPGLEPSGNIANKTTYFEIFTAGAGTGEVEV
#P21333	EPSGNIANKTTYFEIFTAGAGTGEVEVVIQDPM
#P21333	IANKTTYFEIFTAGAGTGEVEVVIQDPMGQKGT
#P21333	TGEVEVVIQDPMGQKGTVEPQLEARGDSTYRCS
#P21333	GQKGTVEPQLEARGDSTYRCSYQPTMEGVHTVH
#P21333	QLEARGDSTYRCSYQPTMEGVHTVHVTFAGVPI
#P21333	DSTYRCSYQPTMEGVHTVHVTFAGVPIPRSPYT
#P21333	RCSYQPTMEGVHTVHVTFAGVPIPRSPYTVTVG
#P21333	TVHVTFAGVPIPRSPYTVTVGQACNPSACRAVG
#P21333	HVTFAGVPIPRSPYTVTVGQACNPSACRAVGRG
#P21333	RAVGRGLQPKGVRVKETADFKVYTKGAGSGELK
#P21333	QPKGVRVKETADFKVYTKGAGSGELKVTVKGPK
#P21333	DFKVYTKGAGSGELKVTVKGPKGEERVKQKDLG
#P21333	LGDGVYGFEYYPMVPGTYIVTITWGGQNIGRSP
#P21333	VYGFEYYPMVPGTYIVTITWGGQNIGRSPFEVK
#P21333	GFEYYPMVPGTYIVTITWGGQNIGRSPFEVKVG
#P21333	WGGQNIGRSPFEVKVGTECGNQKVRAWGPGLEG
#P21333	GKSADFVVEAIGDDVGTLGFSVEGPSQAKIECD
#P21333	DFHPDRVKARGPGLEKTGVAVNKPAEFTVDAKH
#P21333	PGLEKTGVAVNKPAEFTVDAKHGGKAPLRVQVQ
#P21333	NEGCPVEALVKDNGNGTYSCSYVPRKPVKHTAM
#P21333	NGTYSCSYVPRKPVKHTAMVSWGGVSIPNSPFR
#P21333	GSHPNKVKVYGPGVAKTGLKAHEPTYFTVDCAE
#P21333	VYGPGVAKTGLKAHEPTYFTVDCAEAGQGDVSI
#P21333	PGVAKTGLKAHEPTYFTVDCAEAGQGDVSIGIK
#P21333	PAEADIDFDIIRNDNDTFTVKYTPRGAGSYTIM
#P21333	EADIDFDIIRNDNDTFTVKYTPRGAGSYTIMVL
#P21333	DFDIIRNDNDTFTVKYTPRGAGSYTIMVLFADQ
#P21333	NDTFTVKYTPRGAGSYTIMVLFADQATPTSPIR
#P21333	RGAGSYTIMVLFADQATPTSPIRVKVEPSHDAS
#P21333	AGSYTIMVLFADQATPTSPIRVKVEPSHDASKV
#P21333	SHDASKVKAEGPGLSRTGVELGKPTHFTVNAKA
#P21333	AEGPGLSRTGVELGKPTHFTVNAKAAGKGKLDV
#P21333	PGLSRTGVELGKPTHFTVNAKAAGKGKLDVQFS
#P21333	AKAAGKGKLDVQFSGLTKGDAVRDVDIIDHHDN
#P21333	KGDAVRDVDIIDHHDNTYTVKYTPVQQGPVGVN
#P21333	DAVRDVDIIDHHDNTYTVKYTPVQQGPVGVNVT
#P21333	DVDIIDHHDNTYTVKYTPVQQGPVGVNVTYGGD
#P21333	TVKYTPVQQGPVGVNVTYGGDPIPKSPFSVAVS
#P21333	VSGLGEKVDVGKDQEFTVKSKGAGGQGKVASKI
#P21333	VVRFLPREEGPYEVEVTYDGVPVPGSPFPLEAV
#P21333	GVPVPGSPFPLEAVAPTKPSKVKAFGPGLQGGS
#P21333	FGPGLQGGSAGSPARFTIDTKGAGTGGLGLTVE
#P21333	GLQGGSAGSPARFTIDTKGAGTGGLGLTVEGPC
#P21333	SAGSPARFTIDTKGAGTGGLGLTVEGPCEAQLE
#P21333	RFTIDTKGAGTGGLGLTVEGPCEAQLECLDNGD
#P21333	EGPCEAQLECLDNGDGTCSVSYVPTEPGDYNIN
#P21333	ECLDNGDGTCSVSYVPTEPGDYNINILFADTHI
#P21333	VPTEPGDYNINILFADTHIPGSPFKAHVVPCFD
#P21333	FDASKVKCSGPGLERATAGEVGQFQVDCSSAGS
#P21333	VGQFQVDCSSAGSAELTIEICSEAGLPAEVYIQ
#P21333	EAGLPAEVYIQDHGDGTHTITYIPLCPGAYTVT
#P21333	GLPAEVYIQDHGDGTHTITYIPLCPGAYTVTIK
#P21333	PAEVYIQDHGDGTHTITYIPLCPGAYTVTIKYG
#P21333	DGTHTITYIPLCPGAYTVTIKYGGQPVPNFPSK
#P21333	THTITYIPLCPGAYTVTIKYGGQPVPNFPSKLQ
#P21333	PVPNFPSKLQVEPAVDTSGVQCYGPGIEGQGVF
#P21333	QCYGPGIEGQGVFREATTEFSVDARALTQTGGP
#P21333	CYGPGIEGQGVFREATTEFSVDARALTQTGGPH
#P21333	VFREATTEFSVDARALTQTGGPHVKARVANPSG
#P21333	REATTEFSVDARALTQTGGPHVKARVANPSGNL
#P21333	GGPHVKARVANPSGNLTETYVQDRGDGMYKVEY
#P21333	PHVKARVANPSGNLTETYVQDRGDGMYKVEYTP
#P21333	ETYVQDRGDGMYKVEYTPYEEGLHSVDVTYDGS
#P21333	TYDGSPVPSSPFQVPVTEGCDPSRVRVHGPGIQ
#P21333	CDPSRVRVHGPGIQSGTTNKPNKFTVETRGAGT
#P21333	DPSRVRVHGPGIQSGTTNKPNKFTVETRGAGTG
#P21333	HGPGIQSGTTNKPNKFTVETRGAGTGGLGLAVE
#P21333	GIQSGTTNKPNKFTVETRGAGTGGLGLAVEGPS
#P21333	TTNKPNKFTVETRGAGTGGLGLAVEGPSEAKMS
#P21333	NKDGSCSVEYIPYEAGTYSLNVTYGGHQVPGSP
#P21333	SVEYIPYEAGTYSLNVTYGGHQVPGSPFKVPVH
#P21333	GHQVPGSPFKVPVHDVTDASKVKCSGPGLSPGM
#P21333	SPGMVRANLPQSFQVDTSKAGVAPLQVKVQGPK
#P21333	PKGLVEPVDVVDNADGTQTVNYVPSREGPYSIS
#P21333	GLVEPVDVVDNADGTQTVNYVPSREGPYSISVL
#P21333	GDEEVPRSPFKVKVLPTHDASKVKASGPGLNTT
#P21333	PTHDASKVKASGPGLNTTGVPASLPVEFTIDAK
#P21333	THDASKVKASGPGLNTTGVPASLPVEFTIDAKD
#P21333	PGLNTTGVPASLPVEFTIDAKDAGEGLLAVQIT
#P21333	TIDAKDAGEGLLAVQITDPEGKPKKTHIQDNHD
#P21333	GLLAVQITDPEGKPKKTHIQDNHDGTYTVAYVP
#P21333	PEGKPKKTHIQDNHDGTYTVAYVPDVTGRYTIL
#P21333	GKPKKTHIQDNHDGTYTVAYVPDVTGRYTILIK
#P21333	QDNHDGTYTVAYVPDVTGRYTILIKYGGDEIPF
#P21333	DGTYTVAYVPDVTGRYTILIKYGGDEIPFSPYR
#P21333	GGDEIPFSPYRVRAVPTGDASKCTVTVSIGGHG
#P21333	SPYRVRAVPTGDASKCTVTVSIGGHGLGAGIGP
#P21333	YRVRAVPTGDASKCTVTVSIGGHGLGAGIGPTI
#P21333	VTVSIGGHGLGAGIGPTIQIGEETVITVDTKAA
#P21333	HGLGAGIGPTIQIGEETVITVDTKAAGKGKVTC
#P21333	GAGIGPTIQIGEETVITVDTKAAGKGKVTCTVC
#P21333	IGPTIQIGEETVITVDTKAAGKGKVTCTVCTPD
#P21333	ETVITVDTKAAGKGKVTCTVCTPDGSEVDVDVV
#P21333	VITVDTKAAGKGKVTCTVCTPDGSEVDVDVVEN
#P21333	VDTKAAGKGKVTCTVCTPDGSEVDVDVVENEDG
#P21333	PDGSEVDVDVVENEDGTFDIFYTAPQPGKYVIC
#P21333	DVDVVENEDGTFDIFYTAPQPGKYVICVRFGGE
#P21333	CVRFGGEHVPNSPFQVTALAGDQPSVQPPLRSQ
#P21333	PSVQPPLRSQQLAPQYTYAQGGQQTWAPERPLV
#P21333	SQQLAPQYTYAQGGQQTWAPERPLVGVNGLDVT
#P21333	TWAPERPLVGVNGLDVTSLRPFDLVIPFTIKKG
#P21333	GLDVTSLRPFDLVIPFTIKKGEITGEVRMPSGK
#P21333	RPFDLVIPFTIKKGEITGEVRMPSGKVAQPTIT
#P21333	EITGEVRMPSGKVAQPTITDNKDGTVTVRYAPS
#P21333	TGEVRMPSGKVAQPTITDNKDGTVTVRYAPSEA
#P21333	PSGKVAQPTITDNKDGTVTVRYAPSEAGLHEMD
#P21333	GKVAQPTITDNKDGTVTVRYAPSEAGLHEMDIR
#P21333	GSPLQFYVDYVNCGHVTAYGPGLTHGVVNKPAT
#P21333	VDYVNCGHVTAYGPGLTHGVVNKPATFTVNTKD
#P21333	TAYGPGLTHGVVNKPATFTVNTKDAGEGGLSLA
#P21333	YGPGLTHGVVNKPATFTVNTKDAGEGGLSLAIE
#P21333	GLTHGVVNKPATFTVNTKDAGEGGLSLAIEGPS
#P21333	GLSLAIEGPSKAEISCTDNQDGTCSVSYLPVLP
#P21333	EGPSKAEISCTDNQDGTCSVSYLPVLPGDYSIL
#P21333	SILVKYNEQHVPGSPFTARVTGDDSMRMSHLKV
#P21333	KYNEQHVPGSPFTARVTGDDSMRMSHLKVGSAA
#P21333	HLKVGSAADIPINISETDLSLLTATVVPPSGRE
#P21333	AADIPINISETDLSLLTATVVPPSGREEPCLLK
#P21333	DIPINISETDLSLLTATVVPPSGREEPCLLKRL
#P21333	KRLRNGHVGISFVPKETGEHLVHVKKNGQHVAS
#P21333	DASRVRVSGQGLHEGHTFEPAEFIIDTRDAGYG
#P21333	GLHEGHTFEPAEFIIDTRDAGYGGLSLSIEGPS
#P21333	GGLSLSIEGPSKVDINTEDLEDGTCRVTYCPTE
#P21333	EGPSKVDINTEDLEDGTCRVTYCPTEPGNYIIN
#P21333	KVDINTEDLEDGTCRVTYCPTEPGNYIINIKFA
#P21333	NTEDLEDGTCRVTYCPTEPGNYIINIKFADQHV
#P21333	KFADQHVPGSPFSVKVTGEGRVKESITRRRRAP
#P21333	PFSVKVTGEGRVKESITRRRRAPSVANVGSHCD
#P21333	HCDLSLKIPEISIQDMTAQVTSPSGKTHEAEIV
#P21333	SLKIPEISIQDMTAQVTSPSGKTHEAEIVEGEN
#P21333	ISIQDMTAQVTSPSGKTHEAEIVEGENHTYCIR
#P21333	PSGKTHEAEIVEGENHTYCIRFVPAEMGTHTVS
#P21333	GENHTYCIRFVPAEMGTHTVSVKYKGQHVPGSP
#P21333	NHTYCIRFVPAEMGTHTVSVKYKGQHVPGSPFQ
#P21333	SVKYKGQHVPGSPFQFTVGPLGEGGAHKVRAGG
#P21333	GLERAEAGVPAEFSIWTREAGAGGLAIAVEGPS
#P21333	PFVVPVASPSGDARRLTVSSLQESGLKVNQPAS
#P21333	DAKVHSPSGALEECYVTEIDQDKYAVRFIPREN
#P21333	IPRENGVYLIDVKFNGTHIPGSPFKIRVGEPGH
#P21333	DPGLVSAYGAGLEGGVTGNPAEFVVNTSNAGAG
#P21333	GLEGGVTGNPAEFVVNTSNAGAGALSVTIDGPS
#P21333	EFVVNTSNAGAGALSVTIDGPSKVKMDCQECPE
#P21333	SKVKMDCQECPEGYRVTYTPMAPGSYLISIKYG
#P21333	VKMDCQECPEGYRVTYTPMAPGSYLISIKYGGP
#P21333	YGGPYHIGGSPFKAKVTGPRLVSNHSLHETSSV
#P21333	AKVTGPRLVSNHSLHETSSVFVDSLTKATCAPQ
#P21333	SNHSLHETSSVFVDSLTKATCAPQHGAPGPGPA
#P21333	SLHETSSVFVDSLTKATCAPQHGAPGPGPADAS
#P21333	KGLGLSKAYVGQKSSFTVDCSKAGNNMLLVGVH
#P21333	SKAGNNMLLVGVHGPRTPCEEILVKHVGSRLYS
#P21333	SRLYSVSYLLKDKGEYTLVVKWGDEHIPGSPYR
#P21675	KKHLAGLGALGLGSLITELTANEELTGTDGALV
#P21675	LAGLGALGLGSLITELTANEELTGTDGALVNDE
#P21675	LGLGSLITELTANEELTGTDGALVNDEGWVRST
#P21675	LGSLITELTANEELTGTDGALVNDEGWVRSTED
#P21675	TGTDGALVNDEGWVRSTEDAVDYSDINEVAEDE
#P21675	SDINEVAEDESRRYQQTMGSLQPLCHSDYDEDD
#P21675	PPPPGPMKKDKDQDSITGEKVDFSSSSDSESEM
#P21675	FSSSSDSESEMGPQEATQAESEDGKLTLPLAGI
#P21675	MGPQEATQAESEDGKLTLPLAGIMQHDATKLLP
#P21675	DGKLTLPLAGIMQHDATKLLPSVTELFPEFRPG
#P21675	LAGIMQHDATKLLPSVTELFPEFRPGKVLRFLR
#P21675	YAPPPPPEQCLSDDEITMMAPVESKFSQSTGDI
#P21675	DEITMMAPVESKFSQSTGDIDKVTDTKPRVAEW
#P21675	PVESKFSQSTGDIDKVTDTKPRVAEWRYGPARL
#P21675	ESKFSQSTGDIDKVTDTKPRVAEWRYGPARLWY
#P21675	VPEDGSGFDYGFKLRKTEHEPVIKSRMIEEFRK
#P21675	KSRMIEEFRKLEENNGTDLLADENFLMVTQLHW
#P21675	ENNGTDLLADENFLMVTQLHWEDDIIWDGEDVK
#P21675	WEDDIIWDGEDVKHKGTKPQRASLAGWLPSSMT
#P21675	TKPQRASLAGWLPSSMTRNAMAYNVQQGFAATL
#P21675	MTRNAMAYNVQQGFAATLDDDKPWYSIFPIDNE
#P21675	IWDAQAMPRLLEPPVLTLDPNDENLILEIPDEK
#P21675	SKKESSLKKSRILLGKTGVIKEEPQQNMSQPEV
#P21675	LSNDEYYYPKQQGLRGTFGGNIIQHSIPAVELR
#P21675	IQHSIPAVELRQPFFPTHMGPIKLRQFHRPPLK
#P21675	EQERQASGGGEMFFMRTPQDLTGKDGDLILAEY
#P21675	ASGGGEMFFMRTPQDLTGKDGDLILAEYSEENG
#P21675	EYSEENGPLMMQVGMATKIKNYYKRKPGKDPGA
#P21675	RKPGKDPGAPDCKYGETVYCHTSPFLGSLHPGQ
#P21675	DPGAPDCKYGETVYCHTSPFLGSLHPGQLLQAF
#P21675	ENNLFRAPIYLHKMPETDFLIIRTRQGYYIREL
#P21675	PIYLHKMPETDFLIIRTRQGYYIRELVDIFVVG
#P21675	QCPLFEVPGPNSKRANTHIRDFLQVFIYRLFWK
#P21675	ESSIRKRLKLCADFKRTGMDSNWWVLKSDFRLP
#P21675	GMDSNWWVLKSDFRLPTEEEIRAMVSPEQCCAY
#P21675	EENEEDFQMKIDDEVRTAPWNTTRAFIAAMKGK
#P21675	DFQMKIDDEVRTAPWNTTRAFIAAMKGKCLLEV
#P21675	FQMKIDDEVRTAPWNTTRAFIAAMKGKCLLEVT
#P21675	TRAFIAAMKGKCLLEVTGVADPTGCGEGFSYVK
#P21675	AMKGKCLLEVTGVADPTGCGEGFSYVKIPNKPT
#P21675	TGCGEGFSYVKIPNKPTQQKDDKEPQPVKKTVT
#P21675	KPTQQKDDKEPQPVKKTVTGTDADLRRLSLKNA
#P21675	TQQKDDKEPQPVKKTVTGTDADLRRLSLKNAKQ
#P21675	QKDDKEPQPVKKTVTGTDADLRRLSLKNAKQLL
#P21675	EEIKKLSRWEVIDVVRTMSTEQARSGEGPMSKF
#P21675	KKLSRWEVIDVVRTMSTEQARSGEGPMSKFARG
#P21675	EECQRIFDLQNKVLSSTEVLSTDTDSSSAEDSD
#P21675	IFDLQNKVLSSTEVLSTDTDSSSAEDSDFEEMG
#P21675	DLQNKVLSSTEVLSTDTDSSSAEDSDFEEMGKN
#P21675	FEEMGKNIENMLQNKKTSSQLSREREEQERKEL
#P21675	LAAGSAASGNNHRDDDTASVTSLNSSATGRCLK
#P21675	SAASGNNHRDDDTASVTSLNSSATGRCLKIYRT
#P21675	HRDDDTASVTSLNSSATGRCLKIYRTFRDEEGK
#P21675	TSLNSSATGRCLKIYRTFRDEEGKEYVRCETVR
#P21675	YRTFRDEEGKEYVRCETVRKPAVIDAYVRIRTT
#P21675	ETVRKPAVIDAYVRIRTTKDEEFIRKFALFDEQ
#P21675	TVRKPAVIDAYVRIRTTKDEEFIRKFALFDEQH
#P21675	DLKLKCGACGAIGHMRTNKFCPLYYQTNAPPSN
#P21675	AIGHMRTNKFCPLYYQTNAPPSNPVAMTEEQEE
#P21675	PLYYQTNAPPSNPVAMTEEQEEELEKTVIHNDN
#P21675	SNPVAMTEEQEEELEKTVIHNDNEELIKVEGTK
#P21675	KTVIHNDNEELIKVEGTKIVLGKQLIESADEVR
#P21675	KFPKQQLPPKKKRRVGTTVHCDYLNRPHKSIHR
#P21675	FPKQQLPPKKKRRVGTTVHCDYLNRPHKSIHRR
#P21675	HCDYLNRPHKSIHRRRTDPMVTLSSILESIIND
#P21675	NRPHKSIHRRRTDPMVTLSSILESIINDMRDLP
#P21675	SSILESIINDMRDLPNTYPFHTPVNAKVVKDYY
#P21675	SIINDMRDLPNTYPFHTPVNAKVVKDYYKIITR
#P21675	HTPVNAKVVKDYYKIITRPMDLQTLRENVRKRL
#P21675	VVKDYYKIITRPMDLQTLRENVRKRLYPSREEF
#P21675	REEFREHLELIVKNSATYNGPKHSLTQISQSML
#P21675	LIVKNSATYNGPKHSLTQISQSMLDLCDEKLKE
#P21675	DDDDQVAFSFILDNIVTQKMMAVPDSWPFHHPV
#P21675	FVPDYYKVIVNPMDLETIRKNISKHKYQSRESF
#P21675	LILANSVKYNGPESQYTKTAQEIVNVCYQTLTE
#P21675	LANSVKYNGPESQYTKTAQEIVNVCYQTLTEYD
#P21675	SQYTKTAQEIVNVCYQTLTEYDEHLTQLEKDIC
#P21675	YTKTAQEIVNVCYQTLTEYDEHLTQLEKDICTA
#P21675	IVNVCYQTLTEYDEHLTQLEKDICTAKEAALEE
#P21675	LTEYDEHLTQLEKDICTAKEAALEEAELESLDP
#P21675	KEAALEEAELESLDPMTPGPYTPQPPDLYDTNT
#P21675	EEAELESLDPMTPGPYTPQPPDLYDTNTSLSMS
#P21675	PMTPGPYTPQPPDLYDTNTSLSMSRDASVFQDE
#P21675	TPGPYTPQPPDLYDTNTSLSMSRDASVFQDESN
#P21675	VFQDESNMSVLDIPSATPEKQVTQEGEDGDGDL
#P21675	NMSVLDIPSATPEKQVTQEGEDGDGDLADEEEG
#P21675	QEGEDGDGDLADEEEGTVQQPQASVLYEDLLMS
#P21675	GSGGIRPKQPRMLQENTRMDMENEESMMSYEGD
#P21675	SNISYGSYEEPDPKSNTQDTSFSSIGGYEVSEE
#P21675	SYGSYEEPDPKSNTQDTSFSSIGGYEVSEEEED
#P23443	PYELGMEHCEKFEISETSVNRGPEKIRPECFEL
#P23443	VLGKGGYGKVFQVRKVTGANTGKIFAMKVLKKA
#P23443	GGYGKVFQVRKVTGANTGKIFAMKVLKKAMIVR
#P23443	AMKVLKKAMIVRNAKDTAHTKAERNILEEVKHP
#P23443	VLKKAMIVRNAKDTAHTKAERNILEEVKHPFIV
#P23443	EEVKHPFIVDLIYAFQTGGKLYLILEYLSGGEL
#P23443	GELFMQLEREGIFMEDTACFYLAEISMALGHLH
#P23443	LKPENIMLNHQGHVKLTDFGLCKESIHDGTVTH
#P23443	VKLTDFGLCKESIHDGTVTHTFCGTIEYMAPEI
#P23443	LTDFGLCKESIHDGTVTHTFCGTIEYMAPEILM
#P23443	DFGLCKESIHDGTVTHTFCGTIEYMAPEILMRS
#P23443	CKESIHDGTVTHTFCGTIEYMAPEILMRSGHNR
#P23443	RAVDWWSLGALMYDMLTGAPPFTGENRKKTIDK
#P23443	SLGALMYDMLTGAPPFTGENRKKTIDKILKCKL
#P23443	DMLTGAPPFTGENRKKTIDKILKCKLNLPPYLT
#P23443	TIDKILKCKLNLPPYLTQEARDLLKKLLKRNAA
#P23443	PLLQSEEDVSQFDSKFTRQTPVDSPDDSTLSES
#P23443	DSKFTRQTPVDSPDDSTLSESANQVFLGFTYVA
#P23443	DDSTLSESANQVFLGFTYVAPSVLESVKEKFSF
#P23443	FEPKIRSPRRFIGSPRTPVSPVKFSPGDFWGRG
#P23443	VKFSPGDFWGRGASASTANPQTPVEYPMETSGI
#P23443	GDFWGRGASASTANPQTPVEYPMETSGIEQMDV
#P23443	SASTANPQTPVEYPMETSGIEQMDVTMSGEASA
#P23443	PVEYPMETSGIEQMDVTMSGEASAPLPIRQPNS
#P23443	QSEEDVSQFDSKFTRQTPVDSPDDSTLSESANQ
#P23528	IILEEGKEILVGDVGQTVDDPYATFVKMLPDKD
#P23528	EILVGDVGQTVDDPYATFVKMLPDKDCRYALYD
#P23528	VKMLPDKDCRYALYDATYETKESKKEDLVFIFW
#P23528	LPDKDCRYALYDATYETKESKKEDLVFIFWAPE
#P23528	SKMIYASSKDAIKKKLTGIKHELQANCYEEVKD
#P23528	KHELQANCYEEVKDRCTLAEKLGGSAVISLEGK
#P24385	NLLNDRVLRAMLKAEETCAPSVSYFKCVQKEVL
#P24385	KCVQKEVLPSMRKIVATWMLEVCEEQKCEEEVF
#P24385	LSLEPVKKSRLQLLGATCMFVASKMKETIPLTA
#P24385	QLLGATCMFVASKMKETIPLTAEKLCIYTDNSI
#P24385	ATCMFVASKMKETIPLTAEKLCIYTDNSIRPEE
#P24385	KMKETIPLTAEKLCIYTDNSIRPEELLQMELLL
#P24385	MELLLVNKLKWNLAAMTPHDFIEHFLSKMPEAE
#P24385	MPEAEENKQIIRKHAQTFVALCATDVKFISNPP
#P24385	KQIIRKHAQTFVALCATDVKFISNPPSMVAAGS
#P24385	GLNLRSPNNFLSYYRLTRFLSRVIKCDPDCLRA
#P24844	DKEDLHDMLASLGKNPTDEYLEGMMSEAPGPIN
#P24844	EYLEGMMSEAPGPINFTMFLTMFGEKLNGTDPE
#P24844	GMMSEAPGPINFTMFLTMFGEKLNGTDPEDVIR
#P24844	INFTMFLTMFGEKLNGTDPEDVIRNAFACFDEE
#P24844	EEASGFIHEDHLRELLTTMGDRFTDEEVDEMYR
#P24844	EASGFIHEDHLRELLTTMGDRFTDEEVDEMYRE
#P24844	HEDHLRELLTTMGDRFTDEEVDEMYREAPIDKK
#P24928	VQFGVLSPDELKRMSVTEGGIKYPETTEGGRPK
#P24928	ELKRMSVTEGGIKYPETTEGGRPKLGGLMDPRQ
#P24928	LKRMSVTEGGIKYPETTEGGRPKLGGLMDPRQG
#P24928	PKLGGLMDPRQGVIERTGRCQTCAGNMTECPGH
#P24928	LMDPRQGVIERTGRCQTCAGNMTECPGHFGHIE
#P24928	GVIERTGRCQTCAGNMTECPGHFGHIELAKPVF
#P24928	HIELAKPVFHVGFLVKTMKVLRCVCFFCSKLLV
#P24928	IKDILAKSKGQPKKRLTHVYDLCKGKNICEGGE
#P24928	MDNKFGVEQPEGDEDLTKEKGHGGCGRYQPRIR
#P24928	VLGMEPRYARPEWMIVTVLPVPPLSVRPAVVMQ
#P24928	RPAVVMQGSARNQDDLTHKLADIVKINNQLRRN
#P24928	AHVIAEDVKLLQFHVATMVDNELPGLPRAMQKS
#P24928	RVRGNLMGKRVDFSARTVITPDPNLSIDQVGVP
#P24928	GNLMGKRVDFSARTVITPDPNLSIDQVGVPRSI
#P24928	LSIDQVGVPRSIAANMTFAEIVTPFNIDRLQEL
#P24928	GVPRSIAANMTFAEIVTPFNIDRLQELVRRGNS
#P24928	RIDLRFHPKPSDLHLQTGYKVERHMCDGDIVIF
#P24928	ERHMCDGDIVIFNRQPTLHKMSMMGHRVRILPW
#P24928	HKMSMMGHRVRILPWSTFRLNLSVTTPYNADFD
#P24928	RVRILPWSTFRLNLSVTTPYNADFDGDEMNLHL
#P24928	VRILPWSTFRLNLSVTTPYNADFDGDEMNLHLP
#P24928	DFDGDEMNLHLPQSLETRAEIQELAMVPRMIVT
#P24928	TRAEIQELAMVPRMIVTPQSNRPVMGIVQDTLT
#P24928	IVTPQSNRPVMGIVQDTLTAVRKFTKRDVFLER
#P24928	TPQSNRPVMGIVQDTLTAVRKFTKRDVFLERGE
#P24928	PVMGIVQDTLTAVRKFTKRDVFLERGEVMNLLM
#P24928	VFLERGEVMNLLMFLSTWDGKVPQPAILKPRPL
#P24928	DGKVPQPAILKPRPLWTGKQIFSLIIPGHINCI
#P24928	KQIFSLIIPGHINCIRTHSTHPDDEDSGPYKHI
#P24928	FSLIIPGHINCIRTHSTHPDDEDSGPYKHISPG
#P24928	PDDEDSGPYKHISPGDTKVVVENGELIMGILCK
#P24928	ENGELIMGILCKKSLGTSAGSLVHISYLEMGHD
#P24928	AGSLVHISYLEMGHDITRLFYSNIQTVINNWLL
#P24928	LEMGHDITRLFYSNIQTVINNWLLIEGHTIGIG
#P24928	SNIQTVINNWLLIEGHTIGIGDSIADSKTYQDI
#P24928	IEGHTIGIGDSIADSKTYQDIQNTIKKAKQDVI
#P24928	IGDSIADSKTYQDIQNTIKKAKQDVIEVIEKAH
#P24928	DVIEVIEKAHNNELEPTPGNTLRQTFENQVNRI
#P24928	VIEKAHNNELEPTPGNTLRQTFENQVNRILNDA
#P24928	AHNNELEPTPGNTLRQTFENQVNRILNDARDKT
#P24928	TFENQVNRILNDARDKTGSSAQKSLSEYNNFKS
#P24928	QQNVEGKRIPFGFKHRTLPHFIKDDYGPESRGF
#P24928	GPESRGFVENSYLAGLTPTEFFFHAMGGREGLI
#P24928	ESRGFVENSYLAGLTPTEFFFHAMGGREGLIDT
#P24928	TEFFFHAMGGREGLIDTAVKTAETGYIQRRLIK
#P24928	FHAMGGREGLIDTAVKTAETGYIQRRLIKSMES
#P24928	MGGREGLIDTAVKTAETGYIQRRLIKSMESVMV
#P24928	RRLIKSMESVMVKYDATVRNSINQVVQLRYGED
#P24928	GEDGLAGESVEFQNLATLKPSNKAFEKKFRFDY
#P24928	LKPSNKAFEKKFRFDYTNERALRRTLQEDLVKD
#P24928	EKKFRFDYTNERALRRTLQEDLVKDVLSNAHIQ
#P24928	FERMREDREVLRVIFPTGDSKVVLPCNLLRMIW
#P24928	IVNGDDPLSRQAQENATLLFNIHLRSTLCSRRM
#P24928	QAQENATLLFNIHLRSTLCSRRMAEEFRLSGEA
#P24928	GEMVGALAAQSLGEPATQMTLNTFHYAGVSAKN
#P24928	VGALAAQSLGEPATQMTLNTFHYAGVSAKNVTL
#P24928	LAAQSLGEPATQMTLNTFHYAGVSAKNVTLGVP
#P24928	MTLNTFHYAGVSAKNVTLGVPRLKELINISKKP
#P24928	GVPRLKELINISKKPKTPSLTVFLLGQSARDAE
#P24928	LKELINISKKPKTPSLTVFLLGQSARDAERAKD
#P24928	ARDAERAKDILCRLEHTTLRKVTANTAIYYDPN
#P24928	RDAERAKDILCRLEHTTLRKVTANTAIYYDPNP
#P24928	AKDILCRLEHTTLRKVTANTAIYYDPNPQSTVV
#P24928	ILCRLEHTTLRKVTANTAIYYDPNPQSTVVAED
#P24928	KVTANTAIYYDPNPQSTVVAEDQEWVNVYYEMP
#P24928	RISPWLLRVELDRKHMTDRKLTMEQIAEKINAG
#P24928	LLRVELDRKHMTDRKLTMEQIAEKINAGFGDDL
#P24928	KMDDDVFLRCIESNMLTDMTLQGIEQISKVYMH
#P24928	DDVFLRCIESNMLTDMTLQGIEQISKVYMHLPQ
#P24928	LQGIEQISKVYMHLPQTDNKKKIIITEDGEFKA
#P24928	VYMHLPQTDNKKKIIITEDGEFKALQEWILETD
#P24928	ITEDGEFKALQEWILETDGVSLMRVLSEKDVDP
#P24928	VSLMRVLSEKDVDPVRTTSNDIVEIFTVLGIEA
#P24928	SLMRVLSEKDVDPVRTTSNDIVEIFTVLGIEAV
#P24928	DVDPVRTTSNDIVEIFTVLGIEAVRKALERELY
#P24928	FDGSYVNYRHLALLCDTMTCRGHLMAITRHGVN
#P24928	GSYVNYRHLALLCDTMTCRGHLMAITRHGVNRQ
#P24928	ALLCDTMTCRGHLMAITRHGVNRQDTGPLMKCS
#P24928	RGHLMAITRHGVNRQDTGPLMKCSFEETVDVLM
#P24928	VNRQDTGPLMKCSFEETVDVLMEAAAHGESDPM
#P24928	KGVSENIMLGQLAPAGTGCFDLLLDAEKCKYGM
#P24928	DLLLDAEKCKYGMEIPTNIPGLGAAGPTGMFFG
#P24928	GMEIPTNIPGLGAAGPTGMFFGSAPSPMGGISP
#P24928	FFGSAPSPMGGISPAMTPWNQGATPAYGAWSPS
#P24928	PMGGISPAMTPWNQGATPAYGAWSPSVGSGMTP
#P24928	ATPAYGAWSPSVGSGMTPGAAGFSPSAASDASG
#P24928	SDASGFSPGYSPAWSPTPGSPGSPGPSSPYIPS
#P24928	PYIPSPGGAMSPSYSPTSPAYEPRSPGGYTPQS
#P24928	YSPTSPAYEPRSPGGYTPQSPSYSPTSPSYSPT
#P24928	PRSPGGYTPQSPSYSPTSPSYSPTSPSYSPTSP
#P24928	TPQSPSYSPTSPSYSPTSPSYSPTSPNYSPTSP
#P24928	SPTSPSYSPTSPSYSPTSPNYSPTSPSYSPTSP
#P24928	SPTSPSYSPTSPNYSPTSPSYSPTSPSYSPTSP
#P24928	SPTSPNYSPTSPSYSPTSPSYSPTSPSYSPTSP
#P24928	SPTSPSYSPTSPSYSPTSPSYSPTSPSYSPTSP
#P24928	SPTSPSYSPTSPSYSPTSPSYSPTSPNYSPTSP
#P24928	SPTSPSYSPTSPSYSPTSPNYSPTSPNYTPTSP
#P24928	SPTSPSYSPTSPNYSPTSPNYTPTSPSYSPTSP
#P24928	SYSPTSPNYSPTSPNYTPTSPSYSPTSPSYSPT
#P24928	SPTSPNYSPTSPNYTPTSPSYSPTSPSYSPTSP
#P24928	SPTSPNYTPTSPSYSPTSPSYSPTSPNYTPTSP
#P24928	TPTSPSYSPTSPSYSPTSPNYTPTSPNYSPTSP
#P24928	SYSPTSPSYSPTSPNYTPTSPNYSPTSPSYSPT
#P24928	SPTSPSYSPTSPNYTPTSPNYSPTSPSYSPTSP
#P24928	SPTSPNYTPTSPNYSPTSPSYSPTSPSYSPTSP
#P24928	TPTSPNYSPTSPSYSPTSPSYSPTSPSYSPSSP
#P24928	SPTSPSYSPTSPSYSPTSPSYSPSSPRYTPQSP
#P24928	SYSPTSPSYSPSSPRYTPQSPTYTPSSPSYSPS
#P24928	SPSYSPSSPRYTPQSPTYTPSSPSYSPSSPSYS
#P24928	SYSPSSPRYTPQSPTYTPSSPSYSPSSPSYSPT
#P24928	TPSSPSYSPSSPSYSPTSPKYTPTSPSYSPSSP
#P24928	SYSPSSPSYSPTSPKYTPTSPSYSPSSPEYTPT
#P24928	SPSSPSYSPTSPKYTPTSPSYSPSSPEYTPTSP
#P24928	KYTPTSPSYSPSSPEYTPTSPKYSPTSPKYSPT
#P24928	TPTSPSYSPSSPEYTPTSPKYSPTSPKYSPTSP
#P24928	SPSSPEYTPTSPKYSPTSPKYSPTSPKYSPTSP
#P24928	TPTSPKYSPTSPKYSPTSPKYSPTSPTYSPTTP
#P24928	SPTSPKYSPTSPKYSPTSPTYSPTTPKYSPTSP
#P24928	SPKYSPTSPKYSPTSPTYSPTTPKYSPTSPTYS
#P24928	SPTSPKYSPTSPTYSPTTPKYSPTSPTYSPTSP
#P24928	PTSPKYSPTSPTYSPTTPKYSPTSPTYSPTSPV
#P24928	SPTSPTYSPTTPKYSPTSPTYSPTSPVYTPTSP
#P24928	SPTYSPTTPKYSPTSPTYSPTSPVYTPTSPKYS
#P24928	KYSPTSPTYSPTSPVYTPTSPKYSPTSPTYSPT
#P24928	SPTSPTYSPTSPVYTPTSPKYSPTSPTYSPTSP
#P24928	SPTSPVYTPTSPKYSPTSPTYSPTSPKYSPTSP
#P24928	SPVYTPTSPKYSPTSPTYSPTSPKYSPTSPTYS
#P24928	TPTSPKYSPTSPTYSPTSPKYSPTSPTYSPTSP
#P24928	SPTSPTYSPTSPKYSPTSPTYSPTSPKGSTYSP
#P24928	SPTYSPTSPKYSPTSPTYSPTSPKGSTYSPTSP
#P24928	SPTSPKYSPTSPTYSPTSPKGSTYSPTSPGYSP
#P24928	YSPTSPTYSPTSPKGSTYSPTSPGYSPTSPTYS
#P24928	SPTYSPTSPKGSTYSPTSPGYSPTSPTYSLTSP
#P24928	SPKGSTYSPTSPGYSPTSPTYSLTSPAISPDDS
#P24928	GSTYSPTSPGYSPTSPTYSLTSPAISPDDSDEE
#P24928	SPTTPKYSPTSPTYSPTSPVYTPTSPKYSPTSP
#P24941	NKLTGEVVALKKIRLDTETEGVPSTAIREISLL
#P24941	LTGEVVALKKIRLDTETEGVPSTAIREISLLKE
#P24941	ALKKIRLDTETEGVPSTAIREISLLKELNHPNI
#P24941	KELNHPNIVKLLDVIHTENKLYLVFEFLHQDLK
#P24941	EFLHQDLKKFMDASALTGIPLPLIKSYLFQLLQ
#P24941	HRVLHRDLKPQNLLINTEGAIKLADFGLARAFG
#P24941	KLADFGLARAFGVPVRTYTHEVVTLWYRAPEIL
#P24941	ADFGLARAFGVPVRTYTHEVVTLWYRAPEILLG
#P24941	ARAFGVPVRTYTHEVVTLWYRAPEILLGCKYYS
#P24941	LWYRAPEILLGCKYYSTAVDIWSLGCIFAEMVT
#P24941	TAVDIWSLGCIFAEMVTRRALFPGDSEIDQLFR
#P24941	LFPGDSEIDQLFRIFRTLGTPDEVVWPGVTSMP
#P24941	GDSEIDQLFRIFRTLGTPDEVVWPGVTSMPDYK
#P24941	IFRTLGTPDEVVWPGVTSMPDYKPSFPKWARQD
#P25054	ENSNLRQELEDNSNHLTKLETEASNMKEVLKQL
#P25054	LRQELEDNSNHLTKLETEASNMKEVLKQLQGSI
#P25054	MGSFPRRGFVNGSRESTGYLEELEKERSLLLAD
#P25054	KEEKEKDWYYAQLQNLTKRIDSLPLTENFSLQT
#P25054	YAQLQNLTKRIDSLPLTENFSLQTDMTRRQLEY
#P25054	TKRIDSLPLTENFSLQTDMTRRQLEYEARQIRV
#P25054	IDSLPLTENFSLQTDMTRRQLEYEARQIRVAME
#P25054	EYEARQIRVAMEEQLGTCQDMEKRAQRRIARIQ
#P25054	IEKDILRIRQLLQSQATEAERSSQNKHETGSHD
#P25054	QSQATEAERSSQNKHETGSHDAERQNEGQGVGE
#P25054	AERQNEGQGVGEINMATSGNGQGSTTRMDHETA
#P25054	GVGEINMATSGNGQGSTTRMDHETASVLSSSST
#P25054	VGEINMATSGNGQGSTTRMDHETASVLSSSSTH
#P25054	ATSGNGQGSTTRMDHETASVLSSSSTHSAPRRL
#P25054	TTRMDHETASVLSSSSTHSAPRRLTSHLGTKVE
#P25054	ASVLSSSSTHSAPRRLTSHLGTKVEMVYSLLSM
#P25054	SSSTHSAPRRLTSHLGTKVEMVYSLLSMLGTHD
#P25054	LGTKVEMVYSLLSMLGTHDKDDMSRTLLAMSSS
#P25054	SLLSMLGTHDKDDMSRTLLAMSSSQDSCISMRQ
#P25054	EIRVLHLLEQIRAYCETCWEWQEAHEPGMDQDK
#P25054	QAIAELLQVDCEMYGLTNDHYSITLRRYAGMAL
#P25054	QVDCEMYGLTNDHYSITLRRYAGMALTNLTFGD
#P25054	NDHYSITLRRYAGMALTNLTFGDVANKATLCSM
#P25054	YSITLRRYAGMALTNLTFGDVANKATLCSMKGC
#P25054	GMALTNLTFGDVANKATLCSMKGCMRALVAQLK
#P25054	SVLRNLSWRADVNSKKTLREVGSVKALMECALE
#P25054	SVKALMECALEVKKESTLKSVLSALWNLSAHCT
#P25054	TLKSVLSALWNLSAHCTENKADICAVDGALAFL
#P25054	KADICAVDGALAFLVGTLTYRSQTNTLAIIESG
#P25054	DICAVDGALAFLVGTLTYRSQTNTLAIIESGGG
#P25054	DGALAFLVGTLTYRSQTNTLAIIESGGGILRNV
#P25054	ALAFLVGTLTYRSQTNTLAIIESGGGILRNVSS
#P25054	IESGGGILRNVSSLIATNEDHRQILRENNCLQT
#P25054	TNEDHRQILRENNCLQTLLQHLKSHSLTIVSNA
#P25054	NNCLQTLLQHLKSHSLTIVSNACGTLWNLSARN
#P25054	QHLKSHSLTIVSNACGTLWNLSARNPKDQEALW
#P25054	KQKALEAELDAQHLSETFDNIDNLSPKASHRSK
#P25054	SKQRHKQSLYGDYVFDTNRHDDNRSDNFNTGNM
#P25054	VFDTNRHDDNRSDNFNTGNMTVLSPYLNTTVLP
#P25054	NRHDDNRSDNFNTGNMTVLSPYLNTTVLPSSSS
#P25054	DNFNTGNMTVLSPYLNTTVLPSSSSSRGSLDSS
#P25054	NFNTGNMTVLSPYLNTTVLPSSSSSRGSLDSSR
#P25054	SLERERGIGLGNYHPATENPGTSSKRGLQISTT
#P25054	RGIGLGNYHPATENPGTSSKRGLQISTTAAQIA
#P25054	ATENPGTSSKRGLQISTTAAQIAKVMEEVSAIH
#P25054	TENPGTSSKRGLQISTTAAQIAKVMEEVSAIHT
#P25054	TAAQIAKVMEEVSAIHTSQEDRSSGSTTELHCV
#P25054	EVSAIHTSQEDRSSGSTTELHCVTDERNALRRS
#P25054	VSAIHTSQEDRSSGSTTELHCVTDERNALRRSS
#P25054	SQEDRSSGSTTELHCVTDERNALRRSSAAHTHS
#P25054	CVTDERNALRRSSAAHTHSNTYNFTKSENSNRT
#P25054	ERNALRRSSAAHTHSNTYNFTKSENSNRTCSMP
#P25054	LRRSSAAHTHSNTYNFTKSENSNRTCSMPYAKL
#P25054	THSNTYNFTKSENSNRTCSMPYAKLEYKRSSND
#P25054	KIHSANHMDDNDGELDTPINYSLKYSDEQLNSG
#P25054	EDEIKQSEQRQSRNQSTTYPVYTESTDDKHLKF
#P25054	DEIKQSEQRQSRNQSTTYPVYTESTDDKHLKFQ
#P25054	SEQRQSRNQSTTYPVYTESTDDKHLKFQPHFGQ
#P25054	RQSRNQSTTYPVYTESTDDKHLKFQPHFGQQEC
#P25054	QECVSPYRSRGANGSETNRVGSNHGINQNVSQS
#P25054	VSQSLCQEDDYEDDKPTNYSERYSEEEQHEEEE
#P25054	SERYSEEEQHEEEERPTNYSIKYNEEKRHVDQP
#P25054	EKRHVDQPIDYSLKYATDIPSSQKQSFSFSKSS
#P25054	KQSFSFSKSSSGQSSKTEHMSSSSENTSTPSSN
#P25054	SGQSSKTEHMSSSSENTSTPSSNAKRQNQLHPS
#P25054	QSSKTEHMSSSSENTSTPSSNAKRQNQLHPSSA
#P25054	HPSSAQSRSGQPQKAATCKVSSINQETIQTYCV
#P25054	QPQKAATCKVSSINQETIQTYCVEDTPICFSRC
#P25054	KAATCKVSSINQETIQTYCVEDTPICFSRCSSL
#P25054	VSSINQETIQTYCVEDTPICFSRCSSLSSLSSA
#P25054	SLSSLSSAEDEIGCNQTTQEADSANTLQIAEIK
#P25054	LSSLSSAEDEIGCNQTTQEADSANTLQIAEIKE
#P25054	DEIGCNQTTQEADSANTLQIAEIKEKIGTRSAE
#P25054	DSANTLQIAEIKEKIGTRSAEDPVSEVPAVSQH
#P25054	AEDPVSEVPAVSQHPRTKSSRLQGSSLSSESAR
#P25054	VEFSSGAKSPSKSGAQTPKSPPEHYVQETPLMF
#P25054	SGAQTPKSPPEHYVQETPLMFSRCTSVSSLDSF
#P25054	PPEHYVQETPLMFSRCTSVSSLDSFESRSIASS
#P25054	VSGIISPSDLPDSPGQTMPPSRSKTPPPPPQTA
#P25054	QTMPPSRSKTPPPPPQTAQTKREVPKNKAPTAE
#P25054	PPSRSKTPPPPPQTAQTKREVPKNKAPTAEKRE
#P25054	PQTAQTKREVPKNKAPTAEKRESGPKQAAVNAA
#P25054	AVNAAVQRVQVLPDADTLLHFATESTPDGFSCS
#P25054	QRVQVLPDADTLLHFATESTPDGFSCSSSLSAL
#P25054	QVLPDADTLLHFATESTPDGFSCSSSLSALSLD
#P25054	ELRIMPPVQENDNGNETESEQPKESNENQEKEA
#P25054	EQPKESNENQEKEAEKTIDSEKDLLDDSDDDDI
#P25054	DDDIEILEECIISAMPTKSSRKAKKPAQTASKL
#P25054	SAMPTKSSRKAKKPAQTASKLPPPVARKPSQLP
#P25054	LLPSQNRLQPQKHVSFTPGDDMPRVYCVEGTPI
#P25054	SFTPGDDMPRVYCVEGTPINFSTATSLSDLTIE
#P25054	DMPRVYCVEGTPINFSTATSLSDLTIESPPNEL
#P25054	PRVYCVEGTPINFSTATSLSDLTIESPPNELAA
#P25054	EGTPINFSTATSLSDLTIESPPNELAAGEGVRG
#P25054	EGVRGGAQSGEFEKRDTIPTEGRSTDEAQGGKT
#P25054	RGGAQSGEFEKRDTIPTEGRSTDEAQGGKTSSV
#P25054	SGEFEKRDTIPTEGRSTDEAQGGKTSSVTIPEL
#P25054	TIPTEGRSTDEAQGGKTSSVTIPELDDNKAEEG
#P25054	EGRSTDEAQGGKTSSVTIPELDDNKAEEGDILA
#P25054	SSAPNKNQLDGKKKKPTSPVKPIPQNTEYRTRV
#P25054	GKKKKPTSPVKPIPQNTEYRTRVRKNADSKNNL
#P25054	KPTSPVKPIPQNTEYRTRVRKNADSKNNLNAER
#P25054	EDRVRGSFAFDSPHHYTPIEGTPYCFSRNDSLS
#P25054	GSFAFDSPHHYTPIEGTPYCFSRNDSLSSLDFD
#P25054	AELRKAKENKESEAKVTSHTELTSNQQSANKTQ
#P25054	RKAKENKESEAKVTSHTELTSNQQSANKTQAIA
#P25054	KENKESEAKVTSHTELTSNQQSANKTQAIAKQP
#P25054	VTSHTELTSNQQSANKTQAIAKQPINRGQPKPI
#P25054	QPINRGQPKPILQKQSTFPQSSKDIPDRGAATD
#P25054	STFPQSSKDIPDRGAATDEKLQNFAIENTPVCF
#P25054	RGAATDEKLQNFAIENTPVCFSHNSSLSSLSDI
#P25054	DIDQENNNKENEPIKETEPPDSQGEPSKPQASG
#P25054	KPQASGYAPKSFHVEDTPVCFSRNSSLSSLSID
#P25054	EKHSPRNMGGILGEDLTLDLKDIQRPDSEHGLS
#P25054	ILSLKSGISLGSPFHLTPDQEEKPFTSNKGPRI
#P25054	LGSPFHLTPDQEEKPFTSNKGPRILKPGEKSTL
#P25054	FTSNKGPRILKPGEKSTLETKKIESESKGIKGG
#P25054	NKGPRILKPGEKSTLETKKIESESKGIKGGKKV
#P25054	ESKGIKGGKKVYKSLITGKVRSNSEISGQMKQP
#P25054	MKQPLQANMPSISRGRTMIHIPGVRNSSSSTSP
#P25054	GRTMIHIPGVRNSSSSTSPVSKKGPPLKTPASK
#P25054	SSSSTSPVSKKGPPLKTPASKSPSEGQTATTSP
#P25054	GPPLKTPASKSPSEGQTATTSPRGAKPSVKSEL
#P25054	PLKTPASKSPSEGQTATTSPRGAKPSVKSELSP
#P25054	LKTPASKSPSEGQTATTSPRGAKPSVKSELSPV
#P25054	GAKPSVKSELSPVARQTSQIGGSSKAPSRSGSR
#P25054	IGGSSKAPSRSGSRDSTPSRPAQQPLSRPIQSP
#P25054	GRNGISPPNKLSQLPRTSSPSTASTKSSGSGKM
#P25054	SPPNKLSQLPRTSSPSTASTKSSGSGKMSYTSP
#P25054	NKLSQLPRTSSPSTASTKSSGSGKMSYTSPGRQ
#P25054	PSTASTKSSGSGKMSYTSPGRQMSQQNLTKQTG
#P25054	KMSYTSPGRQMSQQNLTKQTGLSKNASSIPRSE
#P25054	YTSPGRQMSQQNLTKQTGLSKNASSIPRSESAS
#P25054	NGNGANKKVELSRMSSTKSSGSESDRSERPVLV
#P25054	GSESDRSERPVLVRQSTFIKEAPSPTLRRKLEE
#P25054	PVLVRQSTFIKEAPSPTLRRKLEESASFESLSP
#P25054	SASFESLSPSSRPASPTRSQAQTPVLSPSLPDM
#P25054	LSPSSRPASPTRSQAQTPVLSPSLPDMSLSTHS
#P25054	AQTPVLSPSLPDMSLSTHSSVQAGGWRKLPPNL
#P25054	SVQAGGWRKLPPNLSPTIEYNDGRPAKRHDIAR
#P25054	RSHSESPSRLPINRSGTWKREHSKHSSSLPRVS
#P25054	WKREHSKHSSSLPRVSTWRRTGSSSSILSASSE
#P25054	HSKHSSSLPRVSTWRRTGSSSSILSASSESSEK
#P25054	EKAKSEDEKHVNSISGTKQSKENQVSAKGTWRK
#P25054	ISGTKQSKENQVSAKGTWRKIKENEFSPTNSTS
#P25054	SAKGTWRKIKENEFSPTNSTSQTVSSGATNGAE
#P25054	GTWRKIKENEFSPTNSTSQTVSSGATNGAESKT
#P25054	RKIKENEFSPTNSTSQTVSSGATNGAESKTLIY
#P25054	EFSPTNSTSQTVSSGATNGAESKTLIYQMAPAV
#P25054	TSQTVSSGATNGAESKTLIYQMAPAVSKTEDVW
#P25054	AESKTLIYQMAPAVSKTEDVWVRIEDCPINNPR
#P25054	RIEDCPINNPRSGRSPTGNTPPVIDSVSEKANP
#P25054	DCPINNPRSGRSPTGNTPPVIDSVSEKANPNIK
#P25054	DNQAKQNVGNGSVPMRTVGLENRLNSFIQVDAP
#P25054	NRLNSFIQVDAPDQKGTEIKPGQNNPVPVSETN
#P25054	GTEIKPGQNNPVPVSETNESSIVERTPFSSSSS
#P25054	NPVPVSETNESSIVERTPFSSSSSSKHSSPSGT
#P25054	TPFSSSSSSKHSSPSGTVAARVTPFNYNPSPRK
#P25054	SSSKHSSPSGTVAARVTPFNYNPSPRKSSADST
#P25054	TPFNYNPSPRKSSADSTSARPSQIPTPVNNNTK
#P25054	RKSSADSTSARPSQIPTPVNNNTKKRDSKTDST
#P25054	STSARPSQIPTPVNNNTKKRDSKTDSTESSGTQ
#P25054	QIPTPVNNNTKKRDSKTDSTESSGTQSPKRHSG
#P25054	TPVNNNTKKRDSKTDSTESSGTQSPKRHSGSYL
#P25054	DLPDSPGQTMPPSRSKTPPPPPQTAQTKREVPK
#P25963	EPQEVPRGSEPWKQQLTEDGDSFLHLAIIHEEK
#P25963	GDSFLHLAIIHEEKALTMEVIRQVKGDLAFLNF
#P25963	VKGDLAFLNFQNNLQQTPLHLAVITNQPEIAEA
#P25963	NFQNNLQQTPLHLAVITNQPEIAEALLGAGCDP
#P25963	LLGAGCDPELRDFRGNTPLHLACEQGCLASVGV
#P25963	LHLACEQGCLASVGVLTQSCTTPHLHSILKATN
#P25963	CEQGCLASVGVLTQSCTTPHLHSILKATNYNGH
#P25963	EQGCLASVGVLTQSCTTPHLHSILKATNYNGHT
#P25963	LTQSCTTPHLHSILKATNYNGHTCLHLASIHGY
#P25963	TPHLHSILKATNYNGHTCLHLASIHGYLGIVEL
#P25963	VSLGADVNAQEPCNGRTALHLAVDLQNPDLVSL
#P25963	DLVSLLLKCGADVNRVTYQGYSPYQLTWGRPST
#P25963	ADVNRVTYQGYSPYQLTWGRPSTRIQQQLGQLT
#P25963	TYQGYSPYQLTWGRPSTRIQQQLGQLTLENLQM
#P25963	TWGRPSTRIQQQLGQLTLENLQMLPESEDEESY
#P25963	LPESEDEESYDTESEFTEFTEDELPYDDCVFGG
#P25963	SEDEESYDTESEFTEFTEDELPYDDCVFGGQRL
#P27361	EVEMVKGQPFDVGPRYTQLQYIGEGAYGMVSSA
#P27361	EGAYGMVSSAYDHVRKTRVAIKKISPFEHQTYC
#P27361	RKTRVAIKKISPFEHQTYCQRTLREIQILLRFR
#P27361	AIKKISPFEHQTYCQRTLREIQILLRFRHENVI
#P27361	FRHENVIGIRDILRASTLEAMRDVYIVQDLMET
#P27361	TLEAMRDVYIVQDLMETDLYKLLKSQQLSNDHI
#P27361	ANVLHRDLKPSNLLINTTCDLKICDFGLARIAD
#P27361	NVLHRDLKPSNLLINTTCDLKICDFGLARIADP
#P27361	ICDFGLARIADPEHDHTGFLTEYVATRWYRAPE
#P27361	ADPEHDHTGFLTEYVATRWYRAPEIMLNSKGYT
#P27361	TRWYRAPEIMLNSKGYTKSIDIWSVGCILAEML
#P27361	IINMKARNYLQSLPSKTKVAWAKLFPKSDSKAL
#P27361	FPKSDSKALDLLDRMLTFNPNKRITVEEALAHP
#P27361	LDLLDRMLTFNPNKRITVEEALAHPYLEQYYDP
#P27361	VEEALAHPYLEQYYDPTDEPVAEEPFTFAMELD
#P27361	EQYYDPTDEPVAEEPFTFAMELDDLPKERLKEL
#P27824	DDLDDVIEEVEDSKPDTTAPPSSPKVTYKAPVP
#P27824	DLDDVIEEVEDSKPDTTAPPSSPKVTYKAPVPT
#P27824	EDSKPDTTAPPSSPKVTYKAPVPTGEVYFADSF
#P27824	TAPPSSPKVTYKAPVPTGEVYFADSFDRGTLSG
#P27824	PVPTGEVYFADSFDRGTLSGWILSKAKKDDTDD
#P27824	RGTLSGWILSKAKKDDTDDEIAKYDGKWEVEEM
#P27824	KHHAISAKLNKPFLFDTKPLIVQYEVNFQNGIE
#P27824	QNGIECGGAYVKLLSKTPELNLDQFHDKTPYTI
#P27824	LLSKTPELNLDQFHDKTPYTIMFGPDKCGEDYK
#P27824	KTPELNLDQFHDKTPYTIMFGPDKCGEDYKLHF
#P27824	GEDYKLHFIFRHKNPKTGIYEEKHAKRPDADLK
#P27824	GIYEEKHAKRPDADLKTYFTDKKTHLYTLILNP
#P27824	EEKHAKRPDADLKTYFTDKKTHLYTLILNPDNS
#P27824	AKRPDADLKTYFTDKKTHLYTLILNPDNSFEIL
#P27824	DADLKTYFTDKKTHLYTLILNPDNSFEILVDQS
#P27824	LVDQSVVNSGNLLNDMTPPVNPSREIEDPEDRK
#P27824	DDWDEDAPAKIPDEEATKPEGWLDDEPEYVPDP
#P27824	KIPNPDFFEDLEPFRMTPFSAIGLELWSMTSDI
#P27824	FRMTPFSAIGLELWSMTSDIFFDNFIICADRRI
#P27824	IEAAEERPWLWVVYILTVALPVFLVILFCCSGK
#P27824	LPVFLVILFCCSGKKQTSGMEYKKTDAPQPDVK
#P27824	FCCSGKKQTSGMEYKKTDAPQPDVKEEEEEKEE
#P27986	QEARPEEIGWLNGYNETTGERGDFPGTYVEYIG
#P27986	EARPEEIGWLNGYNETTGERGDFPGTYVEYIGR
#P27986	LNGYNETTGERGDFPGTYVEYIGRKKISPPTPK
#P27986	PGTYVEYIGRKKISPPTPKPRPPRPLPVAPGSS
#P27986	KPRPPRPLPVAPGSSKTEADVEQQALTLPDLAE
#P27986	APGSSKTEADVEQQALTLPDLAEQFAPPDIAPP
#P27986	LIKLVEAIEKKGLECSTLYRTQSSSNLAELRQL
#P27986	VEAIEKKGLECSTLYRTQSSSNLAELRQLLDCD
#P27986	QSSSNLAELRQLLDCDTPSVDLEMIDVHVLADA
#P27986	LKKLIRSPSIPHQYWLTLQYLLKHFFKLSQTSS
#P27986	WLTLQYLLKHFFKLSQTSSKNLLNARVLSEIFS
#P27986	IFSPMLFRFSAASSDNTENLIKVIEILISTEWN
#P27986	SDNTENLIKVIEILISTEWNERQPAPALPPKPP
#P27986	NERQPAPALPPKPPKPTTVANNGMNNNMSLQDA
#P27986	ERQPAPALPPKPPKPTTVANNGMNNNMSLQDAE
#P27986	YWGDISREEVNEKLRDTADGTFLVRDASTKMHG
#P27986	ISREEVNEKLRDTADGTFLVRDASTKMHGDYTL
#P27986	KLRDTADGTFLVRDASTKMHGDYTLTLRKGGNN
#P27986	GTFLVRDASTKMHGDYTLTLRKGGNNKLIKIFH
#P27986	FLVRDASTKMHGDYTLTLRKGGNNKLIKIFHRD
#P27986	IKIFHRDGKYGFSDPLTFSSVVELINHYRNESL
#P27986	KEDNIEAVGKKLHEYNTQFQEKSREYDRLYEEY
#P27986	QFQEKSREYDRLYEEYTRTSQEIQMKRTAIEAF
#P27986	QEKSREYDRLYEEYTRTSQEIQMKRTAIEAFNE
#P27986	LYEEYTRTSQEIQMKRTAIEAFNETIKIFEEQC
#P27986	SQEIQMKRTAIEAFNETIKIFEEQCQTQERYSK
#P27986	IEAFNETIKIFEEQCQTQERYSKEYIEKFKREG
#P27986	DKRMNSIKPDLIQLRKTRDQYLMWLTQKGVRQK
#P27986	DLIQLRKTRDQYLMWLTQKGVRQKKLNEWLGNE
#P27986	KGVRQKKLNEWLGNENTEDQYSLVEDDEDLPHH
#P27986	SNRNKAENLLRGKRDGTFLVRESSKQGCYACSV
#P27986	CSVVVDGEVKHCVINKTATGYGFAEPYNLYSSL
#P27986	VVVDGEVKHCVINKTATGYGFAEPYNLYSSLKE
#P27986	YNLYSSLKELVLHYQHTSLVQHNDSLNVTLAYP
#P28482	NKVRVAIKKISPFEHQTYCQRTLREIKILLRFR
#P28482	AIKKISPFEHQTYCQRTLREIKILLRFRHENII
#P28482	FRHENIIGINDIIRAPTIEQMKDVYIVQDLMET
#P28482	TIEQMKDVYIVQDLMETDLYKLLKTQHLSNDHI
#P28482	YIVQDLMETDLYKLLKTQHLSNDHICYFLYQIL
#P28482	ANVLHRDLKPSNLLLNTTCDLKICDFGLARVAD
#P28482	NVLHRDLKPSNLLLNTTCDLKICDFGLARVADP
#P28482	ICDFGLARVADPDHDHTGFLTEYVATRWYRAPE
#P28482	ADPDHDHTGFLTEYVATRWYRAPEIMLNSKGYT
#P28482	FPNADSKALDLLDKMLTFNPHKRIEVEQALAHP
#P28749	ELNLDEGSAAEALDDFTAIRGNYSLEGEVTHWL
#P28749	DDFTAIRGNYSLEGEVTHWLACSLYVACRKSII
#P28749	WLACSLYVACRKSIIPTVGKGIMEGNCVSLTRI
#P28749	IPTVGKGIMEGNCVSLTRILRSAKLSLIQFFSK
#P28749	EFRERIERLERNFEVSTVIFKKYEPIFLDIFQN
#P28749	QRRIPCSVKDLFNFCWTLFVYTKGNFRMIGDDL
#P28749	CSVKDLFNFCWTLFVYTKGNFRMIGDDLVNSYH
#P28749	QDLLNPSFKGLPSDFHTADFTASEEPPCIIAVL
#P28749	NPSFKGLPSDFHTADFTASEEPPCIIAVLCELH
#P28749	DRKILKGECLLDLSSFTDNSKAVNKEYEEYVLT
#P28749	TDNSKAVNKEYEEYVLTVGDFDERIFLGADAEE
#P28749	FDERIFLGADAEEEIGTPRKFTRDTPLGKLTAQ
#P28749	FLGADAEEEIGTPRKFTRDTPLGKLTAQANVEY
#P28749	ADAEEEIGTPRKFTRDTPLGKLTAQANVEYNLQ
#P28749	IGTPRKFTRDTPLGKLTAQANVEYNLQQHFEKK
#P28749	YNLQQHFEKKRSFAPSTPLTGRRYLREKEAVIT
#P28749	QQHFEKKRSFAPSTPLTGRRYLREKEAVITPVA
#P28749	RYLREKEAVITPVASATQSVSRLQSIVAGLKNA
#P28749	RNPVENIMKILKGIGETFCQHYTQSTDEQPGSH
#P28749	IMKILKGIGETFCQHYTQSTDEQPGSHIDFAVN
#P28749	ILKGIGETFCQHYTQSTDEQPGSHIDFAVNRLK
#P28749	VNRLKLAEILYYKILETVMVQETRRLHGMDMSV
#P28749	AEILYYKILETVMVQETRRLHGMDMSVLLEQDI
#P28749	MACCLEIVLFAYSSPRTFPWIIEVLNLQPFYFY
#P28749	DSALWEALQVSANKVPTCEEVIFPNNFETGNGG
#P28749	NKVPTCEEVIFPNNFETGNGGNVQGHLPLMPMS
#P28749	LMPMSPLMHPRVKEVRTDSGSLRRDMQPLSPIS
#P28749	MQPLSPISVHERYSSPTAGSAKRRLFGEDPPKE
#P28749	LFGEDPPKEMLMDKIITEGTKLKIAPSSSITAE
#P28749	EDPPKEMLMDKIITEGTKLKIAPSSSITAENVS
#P28749	IITEGTKLKIAPSSSITAENVSILPGQTLLTMA
#P28749	PSSSITAENVSILPGQTLLTMATAPVTGTTGHK
#P28749	SITAENVSILPGQTLLTMATAPVTGTTGHKVTI
#P28749	AENVSILPGQTLLTMATAPVTGTTGHKVTIPLH
#P28749	SILPGQTLLTMATAPVTGTTGHKVTIPLHGVAN
#P28749	LPGQTLLTMATAPVTGTTGHKVTIPLHGVANDA
#P28749	PGQTLLTMATAPVTGTTGHKVTIPLHGVANDAG
#P28749	LTMATAPVTGTTGHKVTIPLHGVANDAGEITLI
#P28749	KVTIPLHGVANDAGEITLIPLSMNTNQESKVKS
#P28749	VANDAGEITLIPLSMNTNQESKVKSPVSLTAHS
#P28749	SMNTNQESKVKSPVSLTAHSLIGASPKQTNLTK
#P28749	PVSLTAHSLIGASPKQTNLTKAQEVHSTGINRP
#P28749	LTAHSLIGASPKQTNLTKAQEVHSTGINRPKRT
#P28749	ASPKQTNLTKAQEVHSTGINRPKRTGSLALFYR
#P28749	TKAQEVHSTGINRPKRTGSLALFYRKVYHLASV
#P28749	LCLKLDVSNELRRKIWTCFEFTLVHCPDLMKDR
#P28749	DVSNELRRKIWTCFEFTLVHCPDLMKDRHLDQL
#P28749	HLDQLLLCAFYIMAKVTKEERTFQEIMKSYRNQ
#P28749	LLCAFYIMAKVTKEERTFQEIMKSYRNQPQANS
#P28749	NINDDFEMIDCDLEDATKTPDCSSGPVKEERGD
#P28749	NDDFEMIDCDLEDATKTPDCSSGPVKEERGDLI
#P28749	SGPVKEERGDLIKFYNTIYVGRVKSFALKYDLA
#P28749	QQHSIYISPHKNGSGLTPRSALLYKFNGSPSKS
#P28749	KSLKDINNMIRQGEQRTKKRVIAIDSDAESPAK
#P28749	TPLTGRRYLREKEAVITPVASATQSVSRLQSIV
#P63104	GARRSSWRVVSSIEQKTEGAEKKQQMAREYREK
#P63104	AEKKQQMAREYREKIETELRDICNDVLSLLEKF
#P63104	QAYQEAFEISKKEMQPTHPIRLGLALNFSVFYY
#P63104	YYEILNSPEKACSLAKTAFDEAIAELDTLSEES
#P63104	CSLAKTAFDEAIAELDTLSEESYKDSTLIMQLL
#P63104	AIAELDTLSEESYKDSTLIMQLLRDNLTLWTSD
#P63104	SYKDSTLIMQLLRDNLTLWTSDTQGDEAEAGEG
#P63104	DSTLIMQLLRDNLTLWTSDTQGDEAEAGEGGEN
#P29353	SSLGPILPPLPGDDSPTTLCSFFPRMSNLRLAN
#P29353	SLGPILPPLPGDDSPTTLCSFFPRMSNLRLANP
#P29353	PLLQDMNKLSGGGGRRTRVEGGQLGGEEWTRHG
#P29353	GRRTRVEGGQLGGEEWTRHGSFVNKPTRGWLHP
#P29353	LGGEEWTRHGSFVNKPTRGWLHPNDKVMGPGVS
#P29353	MGCVEVLQSMRALDFNTRTQVTREAISLVCEAV
#P29353	CVEVLQSMRALDFNTRTQVTREAISLVCEAVPG
#P29353	VLQSMRALDFNTRTQVTREAISLVCEAVPGAKG
#P29353	EAISLVCEAVPGAKGATRRRKPCSRPLSSILGR
#P29353	SSILGRSNLKFAGMPITLTVSTSSLNLMAADCK
#P29353	ILGRSNLKFAGMPITLTVSTSSLNLMAADCKQI
#P29353	RSNLKFAGMPITLTVSTSSLNLMAADCKQIIAN
#P29353	NHHMQSISFASGGDPDTAEYVAYVAKDPVNQRA
#P29353	CHILECPEGLAQDVISTIGQAFELRFKQYLRNP
#P29353	FELRFKQYLRNPPKLVTPHDRMAGFDGSAWDEE
#P29353	VDMRLREGAAPGAARPTAPNAQTPSHLGATLPV
#P29353	ARPTAPNAQTPSHLGATLPVGQPVGGDPEVRKQ
#P29353	AEALLQLNGDFLVRESTTTPGQYVLTGLQSGQP
#P29353	EALLQLNGDFLVRESTTTPGQYVLTGLQSGQPK
#P29353	ALLQLNGDFLVRESTTTPGQYVLTGLQSGQPKH
#P29353	DFLVRESTTTPGQYVLTGLQSGQPKHLLLVDPE
#P29353	GQPKHLLLVDPEGVVRTKDHRFESVSHLISYHM
#P62993	VVKFNSLNELVDYHRSTSVSRNQQIFLRDIEQV
#P62993	NQQIFLRDIEQVPQQPTYVQALFDFDPQEDGEL
#P29474	SLLPPAPEHSPPSSPLTQPPEGPKFPRVKNWEV
#P29474	EGPKFPRVKNWEVGSITYDTLSAQAQQDGPCTP
#P29474	KFPRVKNWEVGSITYDTLSAQAQQDGPCTPRRC
#P29474	ITYDTLSAQAQQDGPCTPRRCLGSLVFPRKLQG
#P29474	QAHEQRLQEVEAEVAATGTYQLRESELVFGAKQ
#P29474	HEQRLQEVEAEVAATGTYQLRESELVFGAKQAW
#P29474	LQVFDARDCRSAQEMFTYICNHIKYATNRGNLR
#P29474	SAQEMFTYICNHIKYATNRGNLRSAITVFPQRC
#P29474	NHIKYATNRGNLRSAITVFPQRCPGRGDFRIWN
#P29474	RQQDGSVRGDPANVEITELCIQHGWTPGNGRFD
#P29474	DPANVEITELCIQHGWTPGNGRFDVLPLLLQAP
#P29474	FLLPPELVLEVPLEHPTLEWFAALGLRWYALPA
#P29474	GGLEFPAAPFSGWYMSTEIGTRNLCDPHRYNIL
#P29474	FPAAPFSGWYMSTEIGTRNLCDPHRYNILEDVA
#P29474	HRYNILEDVAVCMDLDTRTTSSLWKDKAAVEIN
#P29474	YNILEDVAVCMDLDTRTTSSLWKDKAAVEINVA
#P29474	NILEDVAVCMDLDTRTTSSLWKDKAAVEINVAV
#P29474	VEINVAVLHSYQLAKVTIVDHHAATASFMKHLE
#P29474	HSYQLAKVTIVDHHAATASFMKHLENEQKARGG
#P29474	CPADWAWIVPPISGSLTPVFHQEMVNYFLSPAF
#P29474	AFRYQPDPWKGSAAKGTGITRKKTFKEVANAVK
#P29474	YQPDPWKGSAAKGTGITRKKTFKEVANAVKISA
#P29474	FKEVANAVKISASLMGTVMAKRVKATILYGSET
#P29474	ISASLMGTVMAKRVKATILYGSETGRAQSYAQQ
#P29474	TVMAKRVKATILYGSETGRAQSYAQQLGRLFRK
#P29474	RVLCMDEYDVVSLEHETLVLVVTSTFGNGDPPE
#P29474	EYDVVSLEHETLVLVVTSTFGNGDPPENGESFA
#P29474	DVVSLEHETLVLVVTSTFGNGDPPENGESFAAA
#P29474	DPLVSSWRRKRKESSNTDSAGALGTLRFCVFGL
#P29474	RKRKESSNTDSAGALGTLRFCVFGLGSRAYPHF
#P29474	GSRAYPHFCAFARAVDTRLEELGGERLLQLGQG
#P29474	EAFRGWAQAAFQAACETFCVGEDAKAAARDIFS
#P29474	LLPGLIHVHRRKMFQATIRSVENLQSSKSTRAT
#P29474	FQATIRSVENLQSSKSTRATILVRLDTGGQEGL
#P29474	TIRSVENLQSSKSTRATILVRLDTGGQEGLQYQ
#P29474	LQSSKSTRATILVRLDTGGQEGLQYQPGDHIGV
#P29474	GLVEALLSRVEDPPAPTEPVAVEQLEKGSPGGP
#P29474	GGPPPGWVRDPRLPPCTLRQALTFFLDITSPPS
#P29474	WVRDPRLPPCTLRQALTFFLDITSPPSPQLLRL
#P29474	LPPCTLRQALTFFLDITSPPSPQLLRLLSTLAE
#P29474	LDITSPPSPQLLRLLSTLAEEPREQQELEALSQ
#P29474	SQDPRRYEEWKWFRCPTLLEVLEQFPSVALPAP
#P29474	VLEQFPSVALPAPLLLTQLPLLQPRYYSVSSAP
#P29474	LPLLQPRYYSVSSAPSTHPGEIHLTVAVLAYRT
#P29474	YSVSSAPSTHPGEIHLTVAVLAYRTQDGLGPLH
#P29474	THPGEIHLTVAVLAYRTQDGLGPLHYGVCSTWL
#P29474	YRTQDGLGPLHYGVCSTWLSQLKPGDPVPCFIR
#P29474	RLPPDPSLPCILVGPGTGIAPFRGFWQERLHDI
#P29474	FWQERLHDIESKGLQPTPMTLVFGCRCSQLDHL
#P29474	ERLHDIESKGLQPTPMTLVFGCRCSQLDHLYRD
#P29474	DEVQNAQQRGVFGRVLTAFSREPDNPKTYVQDI
#P29474	FGRVLTAFSREPDNPKTYVQDILRTELAAEVHR
#P29474	SREPDNPKTYVQDILRTELAAEVHRVLCLERGH
#P29474	RVLCLERGHMFVCGDVTMATNVLQTVQRILATE
#P29474	CLERGHMFVCGDVTMATNVLQTVQRILATEGDM
#P29474	HMFVCGDVTMATNVLQTVQRILATEGDMELDEA
#P29474	VTMATNVLQTVQRILATEGDMELDEAGDVIGVL
#P29474	GVLRDQQRYHEDIFGLTLRTQEVTSRIRTQSFS
#P29474	RDQQRYHEDIFGLTLRTQEVTSRIRTQSFSLQE
#P29474	RYHEDIFGLTLRTQEVTSRIRTQSFSLQERQLR
#P29474	IFGLTLRTQEVTSRIRTQSFSLQERQLRGAVPW
#P29966	GSPTAAEGEAASAASSTSSPKAEDGATPSPSNE
#P29966	ASAASSTSSPKAEDGATPSPSNETPKKKKKRFS
#P29966	SSPKAEDGATPSPSNETPKKKKKRFSFKKSFKL
#P29966	PQEAAVAPEKPPASDETKAAEEPSKVEEKKAEE
#P29966	EKEAPAEGEAAEPGSPTAAEGEAASAASSTSSP
#P30304	VKALFGASAAGGLSPVTNLTVTMDQLQGLGSDY
#P30304	LFGASAAGGLSPVTNLTVTMDQLQGLGSDYEQP
#P30304	GASAAGGLSPVTNLTVTMDQLQGLGSDYEQPLE
#P30304	EVKNNSNLQRMGSSESTDSGFCLDSPGPLDSKE
#P30304	RGCLHSHGLQEGKDLFTQRQNSAPARMLSSNER
#P30304	SNERDSSEPGNFIPLFTPQSPVTATLSDEDDGF
#P30304	SEPGNFIPLFTPQSPVTATLSDEDDGFVDLLDG
#P30304	PGNFIPLFTPQSPVTATLSDEDDGFVDLLDGEN
#P30304	GFVDLLDGENLKNEEETPSCMASLWTAPLVMRT
#P30304	NLKNEEETPSCMASLWTAPLVMRTTNLDNRCKL
#P30304	TPSCMASLWTAPLVMRTTNLDNRCKLFDSPSLC
#P30304	PSCMASLWTAPLVMRTTNLDNRCKLFDSPSLCS
#P30304	DNRCKLFDSPSLCSSSTRSVLKRPERSQEESPP
#P30304	VLKRPERSQEESPPGSTKRRKSMSGASPKESTN
#P30304	STKRRKSMSGASPKESTNPEKAHETLHQSLSLA
#P30304	SGASPKESTNPEKAHETLHQSLSLASSPKGTIE
#P30304	HETLHQSLSLASSPKGTIENILDNDPRDLIGDF
#P30304	DPRDLIGDFSKGYLFHTVAGKHQDLKYISPEIM
#P30304	MEEEVEDFLLKKPIVPTDGKRVIVVFHCEFSSE
#P30304	RPMHHEDFKEDLKKFRTKSRTWAGEKSKREMYS
#P30305	HGLLGSPVRAAASSPVTTLTQTMHDLAGLGSET
#P30305	GLLGSPVRAAASSPVTTLTQTMHDLAGLGSETP
#P30305	LGSPVRAAASSPVTTLTQTMHDLAGLGSETPKS
#P30305	SPVRAAASSPVTTLTQTMHDLAGLGSETPKSQV
#P30305	TTLTQTMHDLAGLGSETPKSQVGTLLFRSRSRL
#P30305	HDLAGLGSETPKSQVGTLLFRSRSRLTHLSLSR
#P30305	PKSQVGTLLFRSRSRLTHLSLSRRASESSLSSE
#P30305	LCMDSPSPMDPHMAEQTFEQAIQAASRIIRNEQ
#P30305	SMPVRLLGHSPVLRNITNSQAPDGRRKSEAGSG
#P30305	EDKENDGFVFKMPWKPTHPSSTHALAEWASRRE
#P30305	DGFVFKMPWKPTHPSSTHALAEWASRREAFAQR
#P30305	MEVEELSPLALGRFSLTPAEGDTEEDDGFVDIL
#P30305	SPLALGRFSLTPAEGDTEEDDGFVDILESDLKD
#P30305	AVPPGMESLISAPLVKTLEKEEEKDLVMYSKCQ
#P30305	VIRPILKRLERPQDRDTPVQNKRRRSVTPPEEQ
#P30305	DHRELIGDYSKAFLLQTVDGKHQDLKYISPETM
#P30305	QTVDGKHQDLKYISPETMVALLTGKFSNIVDKF
#P30305	HQDLKYISPETMVALLTGKFSNIVDKFVIVDCR
#P30305	IVDCRYPYEYEGGHIKTAVNLPLERDAESFLLK
#P30305	QDYRPMNHEAFKDELKTFRLKTRSWAGERSRRE
#P30305	MNHEAFKDELKTFRLKTRSWAGERSRRELCSRL
#P30307	FRSNQRKMLNLLLERDTSFTVCPDVPRTPVGKF
#P30307	NQRKMLNLLLERDTSFTVCPDVPRTPVGKFLGD
#P30307	LLERDTSFTVCPDVPRTPVGKFLGDSANLSILS
#P30307	TPKRCLDLSNLSSGEITATQLTTSADLDETGHL
#P30307	KRCLDLSNLSSGEITATQLTTSADLDETGHLDS
#P30307	LDLSNLSSGEITATQLTTSADLDETGHLDSSGL
#P30307	DLSNLSSGEITATQLTTSADLDETGHLDSSGLQ
#P30307	GEITATQLTTSADLDETGHLDSSGLQEVHLAGM
#P30307	HDQHLMKCSPAQLLCSTPNGLDRGHRKRDAMCS
#P30307	NGNLVDSEMKYLGSPITTVPKLDKNPNLGEDQA
#P30307	GNLVDSEMKYLGSPITTVPKLDKNPNLGEDQAE
#P30307	NLNRPRLKQVEKFKDNTIPDKVKKKYFSGQGKL
#P30307	YFSGQGKLRKGLCLKKTVSLCDITITQMLEEDS
#P30307	LRKGLCLKKTVSLCDITITQMLEEDSNQGHLIG
#P30307	KGLCLKKTVSLCDITITQMLEEDSNQGHLIGDF
#P30307	NQGHLIGDFSKVCALPTVSGKHQDLKYVNPETV
#P30307	PTVSGKHQDLKYVNPETVAALLSGKFQGLIEKF
#P30307	EELFNFFLKKPIVPLDTQKRIIIVFHCEFSSER
#P30307	LCEPQSYCPMHHQDHKTELLRCRSQSKVQEGER
#P30307	GKFLGDSANLSILSGGTPKRCLDLSNLSSGEIT
#P31749	EAPLNNFSVAQCQLMKTERPRPNTFIIRCLQWT
#P31749	SVAQCQLMKTERPRPNTFIIRCLQWTTVIERTF
#P31749	TERPRPNTFIIRCLQWTTVIERTFHVETPEERE
#P31749	ERPRPNTFIIRCLQWTTVIERTFHVETPEEREE
#P31749	NTFIIRCLQWTTVIERTFHVETPEEREEWTTAI
#P31749	RCLQWTTVIERTFHVETPEEREEWTTAIQTVAD
#P31749	IERTFHVETPEEREEWTTAIQTVADGLKKQEEE
#P31749	ERTFHVETPEEREEWTTAIQTVADGLKKQEEEE
#P31749	HVETPEEREEWTTAIQTVADGLKKQEEEEMDFR
#P31749	GAEEMEVSLAKPKHRVTMNEFEYLKLLGKGTFG
#P31749	RVTMNEFEYLKLLGKGTFGKVILVKEKATGRYY
#P31749	LGKGTFGKVILVKEKATGRYYAMKILKKEVIVA
#P31749	KILKKEVIVAKDEVAHTLTENRVLQNSRHPFLT
#P31749	LKKEVIVAKDEVAHTLTENRVLQNSRHPFLTAL
#P31749	TLTENRVLQNSRHPFLTALKYSFQTHDRLCFVM
#P31749	QNSRHPFLTALKYSFQTHDRLCFVMEYANGGEL
#P31749	LKLENLMLDKDGHIKITDFGLCKEGIKDGATMK
#P31749	KITDFGLCKEGIKDGATMKTFCGTPEYLAPEVL
#P31749	CKEGIKDGATMKTFCGTPEYLAPEVLEDNDYGR
#P31749	EKLFELILMEEIRFPRTLGPEAKSLLSGLLKKD
#P31749	QHVYEKKLSPPFKPQVTSETDTRYFDEEFTAQM
#P31749	YEKKLSPPFKPQVTSETDTRYFDEEFTAQMITI
#P31749	KKLSPPFKPQVTSETDTRYFDEEFTAQMITITP
#P31749	PQVTSETDTRYFDEEFTAQMITITPPDQDDSME
#P31749	ETDTRYFDEEFTAQMITITPPDQDDSMECVDSE
#P31749	DTRYFDEEFTAQMITITPPDQDDSMECVDSERR
#P31749	DFGLCKEGIKDGATMKTFCGTPEYLAPEVLEDN
#P31751	DGSFIGYKERPEAPDQTLPPLNNFSVAECQLMK
#P31751	LPPLNNFSVAECQLMKTERPRPNTFVIRCLQWT
#P31751	SVAECQLMKTERPRPNTFVIRCLQWTTVIERTF
#P31751	TERPRPNTFVIRCLQWTTVIERTFHVDSPDERE
#P31751	ERPRPNTFVIRCLQWTTVIERTFHVDSPDEREE
#P31751	NTFVIRCLQWTTVIERTFHVDSPDEREEWMRAI
#P31751	GEDPMDYKCGSPSDSSTTEEMEVAVSKARAKVT
#P31751	EDPMDYKCGSPSDSSTTEEMEVAVSKARAKVTM
#P31751	TTEEMEVAVSKARAKVTMNDFDYLKLLGKGTFG
#P31751	KVTMNDFDYLKLLGKGTFGKVILVREKATGRYY
#P31751	LGKGTFGKVILVREKATGRYYAMKILRKEVIIA
#P31751	KILRKEVIIAKDEVAHTVTESRVLQNTRHPFLT
#P31751	LRKEVIIAKDEVAHTVTESRVLQNTRHPFLTAL
#P31751	KDEVAHTVTESRVLQNTRHPFLTALKYAFQTHD
#P31751	TVTESRVLQNTRHPFLTALKYAFQTHDRLCFVM
#P31751	QNTRHPFLTALKYAFQTHDRLCFVMEYANGGEL
#P31751	ANGGELFFHLSRERVFTEERARFYGAEIVSALE
#P31751	IKLENLMLDKDGHIKITDFGLCKEGISDGATMK
#P31751	KITDFGLCKEGISDGATMKTFCGTPEYLAPEVL
#P31751	CKEGISDGATMKTFCGTPEYLAPEVLEDNDYGR
#P31751	ERLFELILMEEIRFPRTLSPEAKSLLAGLLKKD
#P31751	QDVVQKKLLPPFKPQVTSEVDTRYFDDEFTAQS
#P31751	KKLLPPFKPQVTSEVDTRYFDDEFTAQSITITP
#P31751	PQVTSEVDTRYFDDEFTAQSITITPPDRYDSLG
#P31751	EVDTRYFDDEFTAQSITITPPDRYDSLGLLELD
#P31751	DTRYFDDEFTAQSITITPPDRYDSLGLLELDQR
#P31751	DFGLCKEGISDGATMKTFCGTPEYLAPEVLEDN
#P31948	YAKKGDYQKAYEDGCKTVDLKPDWGKGYSRKAA
#P31948	KAAALEFLNRFEEAKRTYEEGLKHEANNPQLKE
#P31948	PFNMPNLYQKLESDPRTRTLLSDPTYRELIEQL
#P31948	NMPNLYQKLESDPRTRTLLSDPTYRELIEQLRN
#P31948	QKLESDPRTRTLLSDPTYRELIEQLRNKPSDLG
#P31948	YRELIEQLRNKPSDLGTKLQDPRIMTTLSVLLG
#P31948	NKPSDLGTKLQDPRIMTTLSVLLGVDLGSMDEE
#P31948	KPSDLGTKLQDPRIMTTLSVLLGVDLGSMDEEE
#P31948	EEEIATPPPPPPPKKETKPEPMEEDLPENKKQA
#P31948	KEKELGNDAYKKKDFDTALKHYDKAKELDPTNM
#P31948	FDTALKHYDKAKELDPTNMTYITNQAAVYFEKG
#P31948	ALKHYDKAKELDPTNMTYITNQAAVYFEKGDYN
#P31948	HYDKAKELDPTNMTYITNQAAVYFEKGDYNKCR
#P31948	YKDAIHFYNKSLAEHRTPDVLKKCQQAEKILKE
#P31948	NECFQKGDYPQAMKHYTEAIKRNPKDAKLYSNR
#P31948	RNPKDAKLYSNRAACYTKLLEFQLALKDCEECI
#P31948	FQLALKDCEECIQLEPTFIKGYTRKAAALEAMK
#P31948	DCEECIQLEPTFIKGYTRKAAALEAMKDYTKAM
#P31948	KGYTRKAAALEAMKDYTKAMDVYQKALDLDSSC
#P32121	VVLVDPDYLKDRKVFVTLTCAFRYGREDLDVLG
#P32121	LVDPDYLKDRKVFVTLTCAFRYGREDLDVLGLS
#P32121	DLDVLGLSFRKDLFIATYQAFPPVPNPPRPPTR
#P32121	ATYQAFPPVPNPPRPPTRLQDRLLRKLGQHAHP
#P32121	DRLLRKLGQHAHPFFFTIPQNLPCSVTLQPGPE
