#O14746	CLVCVPWDARPPPAAPSFRQVSCLKELVARVLQ
#P03372	TLQQQHQRLAQLLLILSHIRHMSNKGMEHLYSM
#P03372	QRLAQLLLILSHIRHMSNKGMEHLYSMKCKNVV
#P03372	LSHIRHMSNKGMEHLYSMKCKNVVPLYDLLLEM
#P03372	DLLLEMLDAHRLHAPTSRGGASVEETDQSHLAT
#P03372	MLDAHRLHAPTSRGGASVEETDQSHLATAGSTS
#P03372	HAPTSRGGASVEETDQSHLATAGSTSSHSLQKY
#P03372	GASVEETDQSHLATAGSTSSHSLQKYYITGEAE
#P03372	SVEETDQSHLATAGSTSSHSLQKYYITGEAEGF
#P03372	VEETDQSHLATAGSTSSHSLQKYYITGEAEGFP
#P03372	ETDQSHLATAGSTSSHSLQKYYITGEAEGFPAT
#P03372	KHKRQRDDGEGRGEVGSAGDMRAANLWPSPLMI
#P04049	CISPTIVQQFGYQRRASDDGKLTDPSKTSNTIR
#P04049	FGYQRRASDDGKLTDPSKTSNTIRVFLPNKQRT
#P04049	QRRASDDGKLTDPSKTSNTIRVFLPNKQRTVVN
#P04049	FLPNKQRTVVNVRNGMSLHDCLMKALKVRGLQP
#P04049	EHKGKKARLDWNTDAASLIGEELQVDFLDHVPL
#P04049	NGFRCQTCGYKFHEHCSTKVPTMCVDWSNIRQL
#P04049	FHEHCSTKVPTMCVDWSNIRQLLLFPNSTIGDS
#P04049	MCVDWSNIRQLLLFPNSTIGDSGVPALPSLTMR
#P04049	SNIRQLLLFPNSTIGDSGVPALPSLTMRRMRES
#P04049	LFPNSTIGDSGVPALPSLTMRRMRESVSRMPVS
#P04049	SGVPALPSLTMRRMRESVSRMPVSSQHRYSTPH
#P04049	VPALPSLTMRRMRESVSRMPVSSQHRYSTPHAF
#P04049	SLTMRRMRESVSRMPVSSQHRYSTPHAFTFNTS
#P04049	LTMRRMRESVSRMPVSSQHRYSTPHAFTFNTSS
#P04049	MRESVSRMPVSSQHRYSTPHAFTFNTSSPSSEG
#P04049	SSQHRYSTPHAFTFNTSSPSSEGSLSQRQRSTS
#P04049	SQHRYSTPHAFTFNTSSPSSEGSLSQRQRSTST
#P04049	HRYSTPHAFTFNTSSPSSEGSLSQRQRSTSTPN
#P04049	RYSTPHAFTFNTSSPSSEGSLSQRQRSTSTPNV
#P04049	TPHAFTFNTSSPSSEGSLSQRQRSTSTPNVHMV
#P04049	HAFTFNTSSPSSEGSLSQRQRSTSTPNVHMVST
#P04049	SSPSSEGSLSQRQRSTSTPNVHMVSTTLPVDSR
#P04049	LSQRQRSTSTPNVHMVSTTLPVDSRMIEDAIRS
#P04049	TSTPNVHMVSTTLPVDSRMIEDAIRSHSESASP
#P04049	STTLPVDSRMIEDAIRSHSESASPSALSSSPNN
#P04049	TLPVDSRMIEDAIRSHSESASPSALSSSPNNLS
#P04049	PVDSRMIEDAIRSHSESASPSALSSSPNNLSPT
#P04049	DSRMIEDAIRSHSESASPSALSSSPNNLSPTGW
#P04049	RMIEDAIRSHSESASPSALSSSPNNLSPTGWSQ
#P04049	EDAIRSHSESASPSALSSSPNNLSPTGWSQPKT
#P04049	DAIRSHSESASPSALSSSPNNLSPTGWSQPKTP
#P04049	AIRSHSESASPSALSSSPNNLSPTGWSQPKTPV
#P04049	SESASPSALSSSPNNLSPTGWSQPKTPVPAQRE
#P04049	PSALSSSPNNLSPTGWSQPKTPVPAQRERAPVS
#P04049	SQPKTPVPAQRERAPVSGTQEKNKIRPRGQRDS
#P04049	SGTQEKNKIRPRGQRDSSYYWEIEASEVMLSTR
#P04049	GTQEKNKIRPRGQRDSSYYWEIEASEVMLSTRI
#P04049	RPRGQRDSSYYWEIEASEVMLSTRIGSGSFGTV
#P04049	RDSSYYWEIEASEVMLSTRIGSGSFGTVYKGKW
#P04049	YWEIEASEVMLSTRIGSGSFGTVYKGKWHGDVA
#P04049	EIEASEVMLSTRIGSGSFGTVYKGKWHGDVAVK
#P04049	YMTKDNLAIVTQWCEGSSLYKHLHVQETKFQMF
#P04049	MTKDNLAIVTQWCEGSSLYKHLHVQETKFQMFQ
#P04049	GMDYLHAKNIIHRDMKSNNIFLHEGLTVKIGDF
#P04049	EGLTVKIGDFGLATVKSRWSGSQQVEQPTGSVL
#P04049	TVKIGDFGLATVKSRWSGSQQVEQPTGSVLWMA
#P04049	KIGDFGLATVKSRWSGSQQVEQPTGSVLWMAPE
#P04049	VKSRWSGSQQVEQPTGSVLWMAPEVIRMQDNNP
#P04049	LWMAPEVIRMQDNNPFSFQSDVYSYGIVLYELM
#P04049	APEVIRMQDNNPFSFQSDVYSYGIVLYELMTGE
#P04049	IRMQDNNPFSFQSDVYSYGIVLYELMTGELPYS
#P04049	SYGIVLYELMTGELPYSHINNRDQIIFMVGRGY
#P04049	INNRDQIIFMVGRGYASPDLSKLYKNCPKAMKR
#P04049	DQIIFMVGRGYASPDLSKLYKNCPKAMKRLVAD
#P04049	CVKKVKEERPLFPQILSSIELLQHSLPKINRSA
#P04049	VKKVKEERPLFPQILSSIELLQHSLPKINRSAS
#P04049	RPLFPQILSSIELLQHSLPKINRSASEPSLHRA
#P04049	LSSIELLQHSLPKINRSASEPSLHRAAHTEDIN
#P04049	SIELLQHSLPKINRSASEPSLHRAAHTEDINAC
#P04049	LLQHSLPKINRSASEPSLHRAAHTEDINACTLT
#P04049	NTSSPSSEGSLSQRQRSTSTPNVHMVSTTLPVD
#P04083	YVQTVKSSKGGPGSAVSPYPTFNPSSDVAALHK
#P04083	KGGPGSAVSPYPTFNPSSDVAALHKAIMVKGVD
#P04083	GGPGSAVSPYPTFNPSSDVAALHKAIMVKGVDE
#P04083	MKGLGTDEDTLIEILASRTNKEIRDINRVYREE
#P04083	RVYREELKRDLAKDITSDTSGDFRNALLSLAKG
#P04083	REELKRDLAKDITSDTSGDFRNALLSLAKGDRS
#P04083	KDITSDTSGDFRNALLSLAKGDRSEDFGVNEDL
#P04083	SGDFRNALLSLAKGDRSEDFGVNEDLADSDARA
#P04083	KGDRSEDFGVNEDLADSDARALYEAGERRKGTD
#P04083	RKGTDVNVFNTILTTRSYPQLRRVFQKYTKYSK
#P04083	RSYPQLRRVFQKYTKYSKHDMNKVLDLELKGDI
#P04083	KGDIEKCLTAIVKCATSKPAFFAEKLHQAMKGV
#P04083	MKGVGTRHKALIRIMVSRSEIDMNDIKAFYQKM
#P04083	GVGTRHKALIRIMVSRSEIDMNDIKAFYQKMYG
#P04083	IDMNDIKAFYQKMYGISLCQAILDETKGDYEKI
#P04150	VMDFYKTLRGGATVKVSASSPSLAVASQSDSKQ
#P04150	DFYKTLRGGATVKVSASSPSLAVASQSDSKQRR
#P04150	FYKTLRGGATVKVSASSPSLAVASQSDSKQRRL
#P04150	KTLRGGATVKVSASSPSLAVASQSDSKQRRLLV
#P04150	GATVKVSASSPSLAVASQSDSKQRRLLVDFPKG
#P04150	TVKVSASSPSLAVASQSDSKQRRLLVDFPKGSV
#P04150	KVSASSPSLAVASQSDSKQRRLLVDFPKGSVSN
#P04150	QSDSKQRRLLVDFPKGSVSNAQQPDLSKAVSLS
#P04150	DSKQRRLLVDFPKGSVSNAQQPDLSKAVSLSMG
#P04150	VDFPKGSVSNAQQPDLSKAVSLSMGLYMGETET
#P04150	KGSVSNAQQPDLSKAVSLSMGLYMGETETKVMG
#P04150	SVSNAQQPDLSKAVSLSMGLYMGETETKVMGND
#P04150	TKVMGNDLGFPQQGQISLSSGETDLKLLEESIA
#P04150	MGNDLGFPQQGQISLSSGETDLKLLEESIANLN
#P04150	QISLSSGETDLKLLEESIANLNRSTSVPENPKS
#P04150	ETDLKLLEESIANLNRSTSVPENPKSSASTAVS
#P04150	DLKLLEESIANLNRSTSVPENPKSSASTAVSAA
#P04150	SIANLNRSTSVPENPKSSASTAVSAAPTEKEFP
#P04150	IANLNRSTSVPENPKSSASTAVSAAPTEKEFPK
#P04150	NLNRSTSVPENPKSSASTAVSAAPTEKEFPKTH
#P04150	STSVPENPKSSASTAVSAAPTEKEFPKTHSDVS
#P04150	TAVSAAPTEKEFPKTHSDVSSEQQHLKGQTGTN
#P04150	SAAPTEKEFPKTHSDVSSEQQHLKGQTGTNGGN
#P04150	AAPTEKEFPKTHSDVSSEQQHLKGQTGTNGGNV
#P04150	QTGTNGGNVKLYTTDQSTFDILQDLEFSSGSPG
#P04150	YTTDQSTFDILQDLEFSSGSPGKETNESPWRSD
#P04150	TTDQSTFDILQDLEFSSGSPGKETNESPWRSDL
#P04150	DQSTFDILQDLEFSSGSPGKETNESPWRSDLLI
#P04150	QDLEFSSGSPGKETNESPWRSDLLIDENCLLSP
#P04150	FSSGSPGKETNESPWRSDLLIDENCLLSPLAGE
#P04150	ESPWRSDLLIDENCLLSPLAGEDDSFLLEGNSN
#P04150	LIDENCLLSPLAGEDDSFLLEGNSNEDCKPLIL
#P04150	LSPLAGEDDSFLLEGNSNEDCKPLILPDTKPKI
#P04150	LPDTKPKIKDNGDLVLSSPSNVTLPQVKTEKED
#P04150	PDTKPKIKDNGDLVLSSPSNVTLPQVKTEKEDF
#P04150	TKPKIKDNGDLVLSSPSNVTLPQVKTEKEDFIE
#P04150	PGVIKQEKLGTVYCQASFPGANIIGNKMSAISV
#P04150	YCQASFPGANIIGNKMSAISVHGVSTSGGQMYH
#P04150	ASFPGANIIGNKMSAISVHGVSTSGGQMYHYDM
#P04150	ANIIGNKMSAISVHGVSTSGGQMYHYDMNTASL
#P04150	IIGNKMSAISVHGVSTSGGQMYHYDMNTASLSQ
#P04150	VSTSGGQMYHYDMNTASLSQQQDQKPIFNVIPP
#P04150	TSGGQMYHYDMNTASLSQQQDQKPIFNVIPPIP
#P04150	QDQKPIFNVIPPIPVGSENWNRCQGSGDDNLTS
#P04150	IPPIPVGSENWNRCQGSGDDNLTSLGTLNFPGR
#P04150	SENWNRCQGSGDDNLTSLGTLNFPGRTVFSNGY
#P04150	NLTSLGTLNFPGRTVFSNGYSSPSMRPDVSSPP
#P04150	LGTLNFPGRTVFSNGYSSPSMRPDVSSPPSSSS
#P04150	GTLNFPGRTVFSNGYSSPSMRPDVSSPPSSSST
#P04150	LNFPGRTVFSNGYSSPSMRPDVSSPPSSSSTAT
#P04150	TVFSNGYSSPSMRPDVSSPPSSSSTATTGPPPK
#P04150	VFSNGYSSPSMRPDVSSPPSSSSTATTGPPPKL
#P04150	NGYSSPSMRPDVSSPPSSSSTATTGPPPKLCLV
#P04150	GYSSPSMRPDVSSPPSSSSTATTGPPPKLCLVC
#P04150	YSSPSMRPDVSSPPSSSSTATTGPPPKLCLVCS
#P04150	SSPSMRPDVSSPPSSSSTATTGPPPKLCLVCSD
#P04150	SSTATTGPPPKLCLVCSDEASGCHYGVLTCGSC
#P04150	TTGPPPKLCLVCSDEASGCHYGVLTCGSCKVFF
#P04150	CSDEASGCHYGVLTCGSCKVFFKRAVEGQHNYL
#P04150	KTKKKIKGIQQATTGVSQETSENPGNKTIVPAT
#P04150	KIKGIQQATTGVSQETSENPGNKTIVPATLPQL
#P04150	KTIVPATLPQLTPTLVSLLEVIEPEVLYAGYDS
#P04150	SLLEVIEPEVLYAGYDSSVPDSTWRIMTTLNML
#P04150	LLEVIEPEVLYAGYDSSVPDSTWRIMTTLNMLG
#P04150	IEPEVLYAGYDSSVPDSTWRIMTTLNMLGGRQV
#P04150	GFRNLHLDDQMTLLQYSWMFLMAFALGWRSYRQ
#P04150	LQYSWMFLMAFALGWRSYRQSSANLLCFAPDLI
#P04150	WMFLMAFALGWRSYRQSSANLLCFAPDLIINEQ
#P04150	MFLMAFALGWRSYRQSSANLLCFAPDLIINEQR
#P04150	MTLPCMYDQCKHMLYVSSELHRLQVSYEEYLCM
#P04150	TLPCMYDQCKHMLYVSSELHRLQVSYEEYLCMK
#P04150	CKHMLYVSSELHRLQVSYEEYLCMKTLLLLSSV
#P04150	QVSYEEYLCMKTLLLLSSVPKDGLKSQELFDEI
#P04150	VSYEEYLCMKTLLLLSSVPKDGLKSQELFDEIR
#P04150	MKTLLLLSSVPKDGLKSQELFDEIRMTYIKELG
#P04150	TYIKELGKAIVKREGNSSQNWQRFYQLTKLLDS
#P04150	YIKELGKAIVKREGNSSQNWQRFYQLTKLLDSM
#P04150	SSQNWQRFYQLTKLLDSMHEVVENLLNYCFQTF
#P04150	ENLLNYCFQTFLDKTMSIEFPEMLAEIITNQIP
#P04150	VMGNDLGFPQQGQISLSSGETDLKLLEESIANL
#P04183	AQYKCLVIKYAKDTRYSSSFCTHDRNTMEALPA
#P04183	QYKCLVIKYAKDTRYSSSFCTHDRNTMEALPAC
#P04183	YKCLVIKYAKDTRYSSSFCTHDRNTMEALPACL
#P04183	QRKPFGAILNLVPLAESVVKLTAVCMECFREAA
#P04183	GTEKEVEVIGGADKYHSVCRLCYFKKASGQPAG
#P04183	ADKYHSVCRLCYFKKASGQPAGPDNKENCPVPG
#P04626	STQVCTGTDMKLRLPASPETHLDMLRHLYQGCQ
#P04626	QVVQGNLELTYLPTNASLSFLQDIQEVQGYVLI
#P04626	VQGNLELTYLPTNASLSFLQDIQEVQGYVLIAH
#P04626	LDNGDPLNNTTPVTGASPGGLRELQLRSLTEIL
#P04626	PVTGASPGGLRELQLRSLTEILKGGVLIQRNPQ
#P04626	FHKNNQLALTLIDTNRSRACHPCSPMCKGSRCW
#P04626	ALTLIDTNRSRACHPCSPMCKGSRCWGESSEDC
#P04626	TNRSRACHPCSPMCKGSRCWGESSEDCQSLTRT
#P04626	CHPCSPMCKGSRCWGESSEDCQSLTRTVCAGGC
#P04626	HPCSPMCKGSRCWGESSEDCQSLTRTVCAGGCA
#P04626	MCKGSRCWGESSEDCQSLTRTVCAGGCARCKGP
#P04626	DCCHEQCAAGCTGPKHSDCLACLHFNHSGICEL
#P04626	TGPKHSDCLACLHFNHSGICELHCPALVTYNTD
#P04626	ELHCPALVTYNTDTFESMPNPEGRYTFGASCVT
#P04626	TFESMPNPEGRYTFGASCVTACPYNYLSTDVGS
#P04626	YTFGASCVTACPYNYLSTDVGSCTLVCPLHNQE
#P04626	SCVTACPYNYLSTDVGSCTLVCPLHNQEVTAED
#P04626	NQEVTAEDGTQRCEKCSKPCARVCYGLGMEHLR
#P04626	CYGLGMEHLREVRAVTSANIQEFAGCKKIFGSL
#P04626	TSANIQEFAGCKKIFGSLAFLPESFDGDPASNT
#P04626	FAGCKKIFGSLAFLPESFDGDPASNTAPLQPEQ
#P04626	FGSLAFLPESFDGDPASNTAPLQPEQLQVFETL
#P04626	LQVFETLEEITGYLYISAWPDSLPDLSVFQNLQ
#P04626	TLEEITGYLYISAWPDSLPDLSVFQNLQVIRGR
#P04626	TGYLYISAWPDSLPDLSVFQNLQVIRGRILHNG
#P04626	QNLQVIRGRILHNGAYSLTLQGLGISWLGLRSL
#P04626	ILHNGAYSLTLQGLGISWLGLRSLRELGSGLAL
#P04626	YSLTLQGLGISWLGLRSLRELGSGLALIHHNTH
#P04626	GLGISWLGLRSLRELGSGLALIHHNTHLCFVHT
#P04626	ARGHCWGPGPTQCVNCSQFLRGQECVEECRVLQ
#P04626	ARHCLPCHPECQPQNGSVTCFGPEADQCVACAH
#P04626	ACAHYKDPPFCVARCPSGVKPDLSYMPIWKFPD
#P04626	PPFCVARCPSGVKPDLSYMPIWKFPDEEGACQP
#P04626	PDEEGACQPCPINCTHSCVDLDDKGCPAEQRAS
#P04626	SCVDLDDKGCPAEQRASPLTSIISAVVGILLVV
#P04626	LDDKGCPAEQRASPLTSIISAVVGILLVVVLGV
#P04626	KGCPAEQRASPLTSIISAVVGILLVVVLGVVFG
#P04626	MRRLLQETELVEPLTPSGAMPNQAQMRILKETE
#P04626	MRILKETELRKVKVLGSGAFGTVYKGIWIPDGE
#P04626	ENVKIPVAIKVLRENTSPKANKEILDEAYVMAG
#P04626	ANKEILDEAYVMAGVGSPYVSRLLGICLTSTVQ
#P04626	ILDEAYVMAGVGSPYVSRLLGICLTSTVQLVTQ
#P04626	GVGSPYVSRLLGICLTSTVQLVTQLMPYGCLLD
#P04626	YGCLLDHVRENRGRLGSQDLLNWCMQIAKGMSY
#P04626	GSQDLLNWCMQIAKGMSYLEDVRLVHRDLAARN
#P04626	VRLVHRDLAARNVLVKSPNHVKITDFGLARLLD
#P04626	YHADGGKVPIKWMALESILRRRFTHQSDVWSYG
#P04626	KWMALESILRRRFTHQSDVWSYGVTVWELMTFG
#P04626	LESILRRRFTHQSDVWSYGVTVWELMTFGAKPY
#P04626	CTIDVYMIMVKCWMIDSECRPRFRELVSEFSRM
#P04626	CWMIDSECRPRFRELVSEFSRMARDPQRFVVIQ
#P04626	IDSECRPRFRELVSEFSRMARDPQRFVVIQNED
#P04626	DPQRFVVIQNEDLGPASPLDSTFYRSLLEDDDM
#P04626	FVVIQNEDLGPASPLDSTFYRSLLEDDDMGDLV
#P04626	NEDLGPASPLDSTFYRSLLEDDDMGDLVDAEEY
#P04626	PDPAPGAGGMVHHRHRSSSTRSGGGDLTLGLEP
#P04626	DPAPGAGGMVHHRHRSSSTRSGGGDLTLGLEPS
#P04626	PAPGAGGMVHHRHRSSSTRSGGGDLTLGLEPSE
#P04626	GAGGMVHHRHRSSSTRSGGGDLTLGLEPSEEEA
#P04626	SSTRSGGGDLTLGLEPSEEEAPRSPLAPSEGAG
#P04626	GDLTLGLEPSEEEAPRSPLAPSEGAGSDVFDGD
#P04626	GLEPSEEEAPRSPLAPSEGAGSDVFDGDLGMGA
#P04626	EEEAPRSPLAPSEGAGSDVFDGDLGMGAAKGLQ
#P04626	DVFDGDLGMGAAKGLQSLPTHDPSPLQRYSEDP
#P04626	GMGAAKGLQSLPTHDPSPLQRYSEDPTVPLPSE
#P04626	GLQSLPTHDPSPLQRYSEDPTVPLPSETDGYVA
#P04626	PSPLQRYSEDPTVPLPSETDGYVAPLTCSPQPE
#P04626	PQPEYVNQPDVRPQPPSPREGPLPAARPAGATL
#P04626	PAARPAGATLERPKTLSPGKNGVVKDVFAFGGA
#P04626	TPQGGAAPQPHPPPAFSPAFDNLYYWDQDPPER
#P04626	NLYYWDQDPPERGAPPSTFKGTPTAENPEYLGL
#P04626	VPLPSETDGYVAPLTCSPQPEYVNQPDVRPQPP
#P04637	DLWKLLPENNVLSPLPSQAMDDLMLSPDDIEQW
#P04637	NVLSPLPSQAMDDLMLSPDDIEQWFTEDPGPDE
#P04637	APAPAAPTPAAPAPAPSWPLSSSVPSQKTYQGS
#P04637	AAPTPAAPAPAPSWPLSSSVPSQKTYQGSYGFR
#P04637	APTPAAPAPAPSWPLSSSVPSQKTYQGSYGFRL
#P04637	PTPAAPAPAPSWPLSSSVPSQKTYQGSYGFRLG
#P04637	AAPAPAPSWPLSSSVPSQKTYQGSYGFRLGFLH
#P04637	SWPLSSSVPSQKTYQGSYGFRLGFLHSGTAKSV
#P04637	QKTYQGSYGFRLGFLHSGTAKSVTCTYSPALNK
#P04637	GSYGFRLGFLHSGTAKSVTCTYSPALNKMFCQL
#P04637	LGFLHSGTAKSVTCTYSPALNKMFCQLAKTCPV
#P04637	MFCQLAKTCPVQLWVDSTPPPGTRVRAMAIYKQ
#P04637	TPPPGTRVRAMAIYKQSQHMTEVVRRCPHHERC
#P04637	QHMTEVVRRCPHHERCSDSDGLAPPQHLIRVEG
#P04637	MTEVVRRCPHHERCSDSDGLAPPQHLIRVEGNL
#P04637	GNLRVEYLDDRNTFRHSVVVPYEPPEVGSDCTT
#P04637	TFRHSVVVPYEPPEVGSDCTTIHYNYMCNSSCM
#P04637	EVGSDCTTIHYNYMCNSSCMGGMNRRPILTIIT
#P04637	VGSDCTTIHYNYMCNSSCMGGMNRRPILTIITL
#P04637	GGMNRRPILTIITLEDSSGNLLGRNSFEVRVCA
#P04637	GMNRRPILTIITLEDSSGNLLGRNSFEVRVCAC
#P04637	TIITLEDSSGNLLGRNSFEVRVCACPGRDRRTE
#P04637	ENLRKKGEPHHELPPGSTKRALPNNTSSSPQPK
#P04637	HELPPGSTKRALPNNTSSSPQPKKKPLDGEYFT
#P04637	ELPPGSTKRALPNNTSSSPQPKKKPLDGEYFTL
#P04637	LPPGSTKRALPNNTSSSPQPKKKPLDGEYFTLQ
#P04637	EALELKDAQAGKEPGGSRAHSSHLKSKKGQSTS
#P04637	LKDAQAGKEPGGSRAHSSHLKSKKGQSTSRHKK
#P04637	KDAQAGKEPGGSRAHSSHLKSKKGQSTSRHKKL
#P04637	AGKEPGGSRAHSSHLKSKKGQSTSRHKKLMFKT
#P04637	GGSRAHSSHLKSKKGQSTSRHKKLMFKTEGPDS
#P04792	RLFDQAFGLPRLPEEWSQWLGGSSWPGYVRPLP
#P04792	FGLPRLPEEWSQWLGGSSWPGYVRPLPPAAIES
#P04792	GLPRLPEEWSQWLGGSSWPGYVRPLPPAAIESP
#P04792	LPPAAIESPAVAAPAYSRALSRQLSSGVSEIRH
#P04792	AIESPAVAAPAYSRALSRQLSSGVSEIRHTADR
#P04792	PAVAAPAYSRALSRQLSSGVSEIRHTADRWRVS
#P04792	AVAAPAYSRALSRQLSSGVSEIRHTADRWRVSL
#P04792	APAYSRALSRQLSSGVSEIRHTADRWRVSLDVN
#P04792	SSGVSEIRHTADRWRVSLDVNHFAPDELTVKTK
#P04792	EITGKHEERQDEHGYISRCFTRKYTLPPGVDPT
#P04792	FTRKYTLPPGVDPTQVSSSLSPEGTLTVEAPMP
#P04792	TRKYTLPPGVDPTQVSSSLSPEGTLTVEAPMPK
#P04792	RKYTLPPGVDPTQVSSSLSPEGTLTVEAPMPKL
#P04792	YTLPPGVDPTQVSSSLSPEGTLTVEAPMPKLAT
#P04792	EGTLTVEAPMPKLATQSNEITIPVTFESRAQLG
#P04792	KLATQSNEITIPVTFESRAQLGGPEAAKSDETA
#P04792	SSWPGYVRPLPPAAIESPAVAAPAYSRALSRQL
#P05412	SESGPYGYSNPKILKQSMTLNLADPVGSLKPHL
#P05412	KILKQSMTLNLADPVGSLKPHLRAKNSDLLTSP
#P05412	LADPVGSLKPHLRAKNSDLLTSPDVGLLKLASP
#P05412	GSLKPHLRAKNSDLLTSPDVGLLKLASPELERL
#P05412	NSDLLTSPDVGLLKLASPELERLIIQSSNGHIT
#P05412	GLLKLASPELERLIIQSSNGHITTTPTPTQFLC
#P05412	LLKLASPELERLIIQSSNGHITTTPTPTQFLCP
#P05412	QEGFAEGFVRALAELHSQNTLPSVTSAAQPVNG
#P05412	GFVRALAELHSQNTLPSVTSAAQPVNGAGMVAP
#P05412	RALAELHSQNTLPSVTSAAQPVNGAGMVAPAVA
#P05412	AAQPVNGAGMVAPAVASVAGGSGSGGFSASLHS
#P05412	NGAGMVAPAVASVAGGSGSGGFSASLHSEPPVY
#P05412	AGMVAPAVASVAGGSGSGGFSASLHSEPPVYAN
#P05412	APAVASVAGGSGSGGFSASLHSEPPVYANLSNF
#P05412	AVASVAGGSGSGGFSASLHSEPPVYANLSNFNP
#P05412	SVAGGSGSGGFSASLHSEPPVYANLSNFNPGAL
#P05412	GFSASLHSEPPVYANLSNFNPGALSSGGGAPSY
#P05412	EPPVYANLSNFNPGALSSGGGAPSYGAAGLAFP
#P05412	PPVYANLSNFNPGALSSGGGAPSYGAAGLAFPA
#P05412	LSNFNPGALSSGGGAPSYGAAGLAFPAQPQQQQ
#P05412	PEMPGETPPLSPIDMESQERIKAERKRMRNRIA
#P05412	ERIKAERKRMRNRIAASKCRKRKLERIARLEEK
#P05412	RIARLEEKVKTLKAQNSELASTANMLREQVAQL
#P05412	LEEKVKTLKAQNSELASTANMLREQVAQLKQKV
#P05412	EEPQTVPEMPGETPPLSPIDMESQERIKAERKR
#P05455	RLNRLTTDFNVIVEALSKSKAELMEISEDKTKI
#P05455	NRLTTDFNVIVEALSKSKAELMEISEDKTKIRR
#P05455	VIVEALSKSKAELMEISEDKTKIRRSPSKPLPE
#P05455	KAELMEISEDKTKIRRSPSKPLPEVTDEYKNDV
#P05455	ELMEISEDKTKIRRSPSKPLPEVTDEYKNDVKN
#P05455	PLPEVTDEYKNDVKNRSVYIKGFPTDATLDDIK
#P05455	VLNIQMRRTLHKAFKGSIFVVFDSIESAKKFVE
#P05455	RTLHKAFKGSIFVVFDSIESAKKFVETPGQKYK
#P05455	HKAFKGSIFVVFDSIESAKKFVETPGQKYKETD
#P05455	QEQEAKQKLEEDAEMKSLEEKIGCLLKFSGDLD
#P05455	AEMKSLEEKIGCLLKFSGDLDDQTCREDLHILF
#P05455	GDLDDQTCREDLHILFSNHGEIKWIDFVRGAKE
#P05455	LKKIIEDQQESLNKWKSKGRRFKGKGKGNKAAQ
#P05455	RRFKGKGKGNKAAQPGSGKGKVQFQGKKTKFAS
#P05455	SGKGKVQFQGKKTKFASDDEHDEHDENGATGPV
#P05455	EVEKEALKKIIEDQQESLNKWKSKGRRFKGKGK
#P05787	AFSSRSYTSGPGSRISSSSFSRVGSSNFRGGLG
#P05787	FSSRSYTSGPGSRISSSSFSRVGSSNFRGGLGG
#P05787	SSRSYTSGPGSRISSSSFSRVGSSNFRGGLGGG
#P05787	RSYTSGPGSRISSSSFSRVGSSNFRGGLGGGYG
#P05787	SGPGSRISSSSFSRVGSSNFRGGLGGGYGGASG
#P05787	GPGSRISSSSFSRVGSSNFRGGLGGGYGGASGM
#P05787	GSSNFRGGLGGGYGGASGMGGITAVTVNQSLLS
#P05787	GGASGMGGITAVTVNQSLLSPLVLEVDPNIQAV
#P05787	SGMGGITAVTVNQSLLSPLVLEVDPNIQAVRTQ
#P05787	RTQEKEQIKTLNNKFASFIDKVRFLEQQNKMLE
#P05787	KVRFLEQQNKMLETKWSLLQQQKTARSNMDNMF
#P05787	MLETKWSLLQQQKTARSNMDNMFESYINNLRRQ
#P05787	LQQQKTARSNMDNMFESYINNLRRQLETLGQEK
#P05787	IKKDVDEAYMNKVELESRLEGLTDEINFLRQLY
#P05787	INFLRQLYEEEIRELQSQISDTSVVLSMDNSRS
#P05787	LRQLYEEEIRELQSQISDTSVVLSMDNSRSLDM
#P05787	LYEEEIRELQSQISDTSVVLSMDNSRSLDMDSI
#P05787	EIRELQSQISDTSVVLSMDNSRSLDMDSIIAEV
#P05787	LQSQISDTSVVLSMDNSRSLDMDSIIAEVKAQY
#P05787	SQISDTSVVLSMDNSRSLDMDSIIAEVKAQYED
#P05787	TSVVLSMDNSRSLDMDSIIAEVKAQYEDIANRS
#P05787	SIIAEVKAQYEDIANRSRAEAESMYQIKYEELQ
#P05787	KAQYEDIANRSRAEAESMYQIKYEELQSLAGKH
#P05787	RAEAESMYQIKYEELQSLAGKHGDDLRRTKTEI
#P05787	LAGKHGDDLRRTKTEISEMNRNISRLQAEIEGL
#P05787	DLRRTKTEISEMNRNISRLQAEIEGLKGQRASL
#P05787	ISRLQAEIEGLKGQRASLEAAIADAEQRGELAI
#P05787	AEQRGELAIKDANAKLSELEAALQRAKQDMARQ
#P05787	LDIEIATYRKLLEGEESRLESGMQNMSIHTKTT
#P05787	IATYRKLLEGEESRLESGMQNMSIHTKTTSGYA
#P05787	LLEGEESRLESGMQNMSIHTKTTSGYAGGLSSA
#P05787	RLESGMQNMSIHTKTTSGYAGGLSSAYGGLTSP
#P05787	NMSIHTKTTSGYAGGLSSAYGGLTSPGLSYSLG
#P05787	MSIHTKTTSGYAGGLSSAYGGLTSPGLSYSLGS
#P05787	TSGYAGGLSSAYGGLTSPGLSYSLGSSFGSGAG
#P05787	AGGLSSAYGGLTSPGLSYSLGSSFGSGAGSSSF
#P05787	SAYGGLTSPGLSYSLGSSFGSGAGSSSFSRTSS
#P05787	AYGGLTSPGLSYSLGSSFGSGAGSSSFSRTSSS
#P05787	GLTSPGLSYSLGSSFGSGAGSSSFSRTSSSRAV
#P05787	PGLSYSLGSSFGSGAGSSSFSRTSSSRAVVVKK
#P05787	GLSYSLGSSFGSGAGSSSFSRTSSSRAVVVKKI
#P05787	LSYSLGSSFGSGAGSSSFSRTSSSRAVVVKKIE
#P05787	YSLGSSFGSGAGSSSFSRTSSSRAVVVKKIETR
#P05787	GSSFGSGAGSSSFSRTSSSRAVVVKKIETRDGK
#P05787	SSFGSGAGSSSFSRTSSSRAVVVKKIETRDGKL
#P05787	SFGSGAGSSSFSRTSSSRAVVVKKIETRDGKLV
#P05787	GLSSAYGGLTSPGLSYSLGSSFGSGAGSSSFSR
#P06213	MDIRNNLTRLHELENCSVIEGHLQILLMFKTRP
#P06213	QILLMFKTRPEDFRDLSFPKLIMITDYLLLFRV
#P06213	IMITDYLLLFRVYGLESLKDLFPNLTVIRGSRL
#P06213	LESLKDLFPNLTVIRGSRLFFNYALVIFEMVHL
#P06213	HLKELGLYNLMNITRGSVRIEKNNELCYLATID
#P06213	RIEKNNELCYLATIDWSRILDSVEDNYIVLNKD
#P06213	NELCYLATIDWSRILDSVEDNYIVLNKDDNEEC
#P06213	PATVINGQFVERCWTHSHCQKVCPTICKSHGCT
#P06213	CWTHSHCQKVCPTICKSHGCTAEGLCCHSECLG
#P06213	TICKSHGCTAEGLCCHSECLGNCSQPDDPTKCV
#P06213	CTAEGLCCHSECLGNCSQPDDPTKCVACRNFYL
#P06213	CPPPYYHFQDWRCVNFSFCQDLHHKCKNSRRQG
#P06213	CVNFSFCQDLHHKCKNSRRQGCHQYVIHNNKCI
#P06213	CHQYVIHNNKCIPECPSGYTMNSSNLLCTPCLG
#P06213	HNNKCIPECPSGYTMNSSNLLCTPCLGPCPKVC
#P06213	NNKCIPECPSGYTMNSSNLLCTPCLGPCPKVCH
#P06213	PCPKVCHLLEGEKTIDSVTSAQELRGCTVINGS
#P06213	KVCHLLEGEKTIDSVTSAQELRGCTVINGSLII
#P06213	SVTSAQELRGCTVINGSLIINIRGGNNLAAELE
#P06213	NLAAELEANLGLIEEISGYLKIRRSYALVSLSF
#P06213	NLGLIEEISGYLKIRRSYALVSLSFFRKLRLIR
#P06213	EEISGYLKIRRSYALVSLSFFRKLRLIRGETLE
#P06213	ISGYLKIRRSYALVSLSFFRKLRLIRGETLEIG
#P06213	RKLRLIRGETLEIGNYSFYALDNQNLRQLWDWS
#P06213	SFYALDNQNLRQLWDWSKHNLTTTQGKLFFHYN
#P06213	TTQGKLFFHYNPKLCLSEIHKMEEVSGTKGRQE
#P06213	YNPKLCLSEIHKMEEVSGTKGRQERNDIALKTN
#P06213	RQERNDIALKTNGDKASCENELLKFSYIRTSFD
#P06213	KTNGDKASCENELLKFSYIRTSFDKILLRWEPY
#P06213	KASCENELLKFSYIRTSFDKILLRWEPYWPPDF
#P06213	APYQNVTEFDGQDACGSNSWTVVDIDPPLRSND
#P06213	YQNVTEFDGQDACGSNSWTVVDIDPPLRSNDPK
#P06213	CGSNSWTVVDIDPPLRSNDPKSQNHPGWLMRGL
#P06213	WTVVDIDPPLRSNDPKSQNHPGWLMRGLKPWTQ
#P06213	KPWTQYAIFVKTLVTFSDERRTYGAKSDIIYVQ
#P06213	KTLVTFSDERRTYGAKSDIIYVQTDATNPSVPL
#P06213	GAKSDIIYVQTDATNPSVPLDPISVSNSSSQII
#P06213	YVQTDATNPSVPLDPISVSNSSSQIILKWKPPS
#P06213	QTDATNPSVPLDPISVSNSSSQIILKWKPPSDP
#P06213	DATNPSVPLDPISVSNSSSQIILKWKPPSDPNG
#P06213	ATNPSVPLDPISVSNSSSQIILKWKPPSDPNGN
#P06213	TNPSVPLDPISVSNSSSQIILKWKPPSDPNGNI
#P06213	SVSNSSSQIILKWKPPSDPNGNITHYLVFWERQ
#P06213	GNITHYLVFWERQAEDSELFELDYCLKGLKLPS
#P06213	SELFELDYCLKGLKLPSRTWSPPFESEDSQKHN
#P06213	ELDYCLKGLKLPSRTWSPPFESEDSQKHNQSEY
#P06213	LKGLKLPSRTWSPPFESEDSQKHNQSEYEDSAG
#P06213	LKLPSRTWSPPFESEDSQKHNQSEYEDSAGECC
#P06213	TWSPPFESEDSQKHNQSEYEDSAGECCSCPKTD
#P06213	FESEDSQKHNQSEYEDSAGECCSCPKTDSQILK
#P06213	QKHNQSEYEDSAGECCSCPKTDSQILKELEESS
#P06213	EYEDSAGECCSCPKTDSQILKELEESSFRKTFE
#P06213	CSCPKTDSQILKELEESSFRKTFEDYLHNVVFV
#P06213	SCPKTDSQILKELEESSFRKTFEDYLHNVVFVP
#P06213	TFEDYLHNVVFVPRKTSSGTGAEDPRPSRKRRS
#P06213	FEDYLHNVVFVPRKTSSGTGAEDPRPSRKRRSL
#P06213	VPRKTSSGTGAEDPRPSRKRRSLGDVGNVTVAV
#P06213	SSGTGAEDPRPSRKRRSLGDVGNVTVAVPTVAA
#P06213	GNVTVAVPTVAAFPNTSSTSVPTSPEEHRPFEK
#P06213	NVTVAVPTVAAFPNTSSTSVPTSPEEHRPFEKV
#P06213	TVAVPTVAAFPNTSSTSVPTSPEEHRPFEKVVN
#P06213	PTVAAFPNTSSTSVPTSPEEHRPFEKVVNKESL
#P06213	TSPEEHRPFEKVVNKESLVISGLRHFTGYRIEL
#P06213	EHRPFEKVVNKESLVISGLRHFTGYRIELQACN
#P06213	RIELQACNQDTPEERCSVAAYVSARTMPEAKAD
#P06213	CNQDTPEERCSVAAYVSARTMPEAKADDIVGPV
#P06213	WQEPKEPNGLIVLYEVSYRRYGDEELHLCVSRK
#P06213	EVSYRRYGDEELHLCVSRKHFALERGCRLRGLS
#P06213	SRKHFALERGCRLRGLSPGNYSVRIRATSLAGN
#P06213	ALERGCRLRGLSPGNYSVRIRATSLAGNGSWTE
#P06213	LRGLSPGNYSVRIRATSLAGNGSWTEPTYFYVT
#P06213	GNYSVRIRATSLAGNGSWTEPTYFYVTDYLDVP
#P06213	WTEPTYFYVTDYLDVPSNIAKIIIGPLIFVFLF
#P06213	NIAKIIIGPLIFVFLFSVVIGSIYLFLRKRQPD
#P06213	IIGPLIFVFLFSVVIGSIYLFLRKRQPDGPLGP
#P06213	FLRKRQPDGPLGPLYASSNPEYLSASDVFPCSV
#P06213	LRKRQPDGPLGPLYASSNPEYLSASDVFPCSVY
#P06213	DGPLGPLYASSNPEYLSASDVFPCSVYVPDEWE
#P06213	PLGPLYASSNPEYLSASDVFPCSVYVPDEWEVS
#P06213	ASSNPEYLSASDVFPCSVYVPDEWEVSREKITL
#P06213	SDVFPCSVYVPDEWEVSREKITLLRELGQGSFG
#P06213	EVSREKITLLRELGQGSFGMVYEGNARDIIKGE
#P06213	IKGEAETRVAVKTVNESASLRERIEFLNEASVM
#P06213	GEAETRVAVKTVNESASLRERIEFLNEASVMKG
#P06213	NESASLRERIEFLNEASVMKGFTCHHVVRLLGV
#P06213	MKGFTCHHVVRLLGVVSKGQPTLVVMELMAHGD
#P06213	QPTLVVMELMAHGDLKSYLRSLRPEAENNPGRP
#P06213	VVMELMAHGDLKSYLRSLRPEAENNPGRPPPTL
#P06213	RKGGKGLLPVRWMAPESLKDGVFTTSSDMWSFG
#P06213	VRWMAPESLKDGVFTTSSDMWSFGVVLWEITSL
#P06213	RWMAPESLKDGVFTTSSDMWSFGVVLWEITSLA
#P06213	PESLKDGVFTTSSDMWSFGVVLWEITSLAEQPY
#P06213	TSSDMWSFGVVLWEITSLAEQPYQGLSNEQVLK
#P06213	VLWEITSLAEQPYQGLSNEQVLKFVMDGGYLDQ
#P06213	PTFLEIVNLLKDDLHPSFPEVSFFHSEENKAPE
#P06213	IVNLLKDDLHPSFPEVSFFHSEENKAPESEELE
#P06213	LKDDLHPSFPEVSFFHSEENKAPESEELEMEFE
#P06213	FPEVSFFHSEENKAPESEELEMEFEDMENVPLD
#P06213	ELEMEFEDMENVPLDRSSHCQREEAGGRDGGSS
#P06213	LEMEFEDMENVPLDRSSHCQREEAGGRDGGSSL
#P06213	RSSHCQREEAGGRDGGSSLGFKRSYEEHIPYTH
#P06213	EEAGGRDGGSSLGFKRSYEEHIPYTHMNGGKKN
#P06213	SSHCQREEAGGRDGGSSLGFKRSYEEHIPYTHM
#P06239	PIVPLDGKGTLLIRNGSEVRDPLVTYEGSNPPA
#P06239	IRNGSEVRDPLVTYEGSNPPASPLQDNLVIALH
#P06239	EVRDPLVTYEGSNPPASPLQDNLVIALHSYEPS
#P06239	NPPASPLQDNLVIALHSYEPSHDGDLGFEKGEQ
#P06239	SPLQDNLVIALHSYEPSHDGDLGFEKGEQLRIL
#P06239	GDLGFEKGEQLRILEQSGEWWKAQSLTTGQEGF
#P06239	EQLRILEQSGEWWKAQSLTTGQEGFIPFNFVAK
#P06239	TGQEGFIPFNFVAKANSLEPEPWFFKNLSRKDA
#P06239	AKANSLEPEPWFFKNLSRKDAERQLLAPGNTHG
#P06239	RKDAERQLLAPGNTHGSFLIRESESTAGSFSLS
#P06239	QLLAPGNTHGSFLIRESESTAGSFSLSVRDFDQ
#P06239	LAPGNTHGSFLIRESESTAGSFSLSVRDFDQNQ
#P06239	NTHGSFLIRESESTAGSFSLSVRDFDQNQGEVV
#P06239	HGSFLIRESESTAGSFSLSVRDFDQNQGEVVKH
#P06239	SFLIRESESTAGSFSLSVRDFDQNQGEVVKHYK
#P06239	VKHYKIRNLDNGGFYISPRITFPGLHELVRHYT
#P06239	LVRHYTNASDGLCTRLSRPCQTQKPQKPWWEDE
#P06239	EVWMGYYNGHTKVAVKSLKQGSMSPDAFLAEAN
#P06239	YYNGHTKVAVKSLKQGSMSPDAFLAEANLMKQL
#P06239	NGHTKVAVKSLKQGSMSPDAFLAEANLMKQLQH
#P06239	VTQEPIYIITEYMENGSLVDFLKTPSGIKLTIN
#P06239	TEYMENGSLVDFLKTPSGIKLTINKLLDMAAQI
#P06239	ERNYIHRDLRAANILVSDTLSCKIADFGLARLI
#P06239	IHRDLRAANILVSDTLSCKIADFGLARLIEDNE
#P06239	KWTAPEAINYGTFTIKSDVWSFGILLTEIVTHG
#P06239	PEAINYGTFTIKSDVWSFGILLTEIVTHGRIPY
#P06239	CWKERPEDRPTFDYLRSVLEDFFTATEGQYQPQ
#P06239	ITFPGLHELVRHYTNASDGLCTRLSRPCQTQKP
#P06241	SSGYRYGTDPTPQHYPSFGVTSIPNYNNFHAAG
#P06241	YGTDPTPQHYPSFGVTSIPNYNNFHAAGGQGLT
#P06241	FHAAGGQGLTVFGGVNSSSHTGTLRTRGGTGVT
#P06241	HAAGGQGLTVFGGVNSSSHTGTLRTRGGTGVTL
#P06241	AAGGQGLTVFGGVNSSSHTGTLRTRGGTGVTLF
#P06241	LFVALYDYEARTEDDLSFHKGEKFQILNSSEGD
#P06241	EDDLSFHKGEKFQILNSSEGDWWEARSLTTGET
#P06241	DDLSFHKGEKFQILNSSEGDWWEARSLTTGETG
#P06241	KFQILNSSEGDWWEARSLTTGETGYIPSNYVAP
#P06241	WWEARSLTTGETGYIPSNYVAPVDSIQAEEWYF
#P06241	TGETGYIPSNYVAPVDSIQAEEWYFGKLGRKDA
#P06241	WYFGKLGRKDAERQLLSFGNPRGTFLIRESETT
#P06241	QLLSFGNPRGTFLIRESETTKGAYSLSIRDWDD
#P06241	RGTFLIRESETTKGAYSLSIRDWDDMKGDHVKH
#P06241	TFLIRESETTKGAYSLSIRDWDDMKGDHVKHYK
#P06241	TTRAQFETLQQLVQHYSERAAGLCCRLVVPCHK
#P06241	RLVVPCHKGMPRLTDLSVKTKDVWEIPRESLQL
#P06241	TDLSVKTKDVWEIPRESLQLIKRLGNGQFGEVW
#P06241	NGNTKVAIKTLKPGTMSPESFLEEAQIMKKLKH
#P06241	TKVAIKTLKPGTMSPESFLEEAQIMKKLKHDKL
#P06241	MKKLKHDKLVQLYAVVSEEPIYIVTEYMNKGSL
#P06241	VSEEPIYIVTEYMNKGSLLDFLKDGEGRALKLP
#P06241	GMAYIERMNYIHRDLRSANILVGNGLICKIADF
#P06241	KWTAPEAALYGRFTIKSDVWSFGILLTELVTKG
#P06241	PEAALYGRFTIKSDVWSFGILLTELVTKGRVPY
#P06241	QVERGYRMPCPQDCPISLHELMIHCWKKDPEER
#P06241	CWKKDPEERPTFEYLQSFLEDYFTATEPQYQPG
#P06400	PAPPPPPPPEEDPEQDSGPEDLPLVRLEFEETE
#P06400	IPDHVRERAWLTWEKVSSVDGVLGGYIQKKKEL
#P06400	PDHVRERAWLTWEKVSSVDGVLGGYIQKKKELW
#P06400	LWGICIFIAAVDLDEMSFTFTELQKNIEISVHK
#P06400	DEMSFTFTELQKNIEISVHKFFNLLKEIDTSTK
#P06400	EISVHKFFNLLKEIDTSTKVDNAMSRLLKKYDV
#P06400	NLLKEIDTSTKVDNAMSRLLKKYDVLFALFSKL
#P06400	AMSRLLKKYDVLFALFSKLERTCELIYLTQPSS
#P06400	FSKLERTCELIYLTQPSSSISTEINSALVLKVS
#P06400	SKLERTCELIYLTQPSSSISTEINSALVLKVSW
#P06400	KLERTCELIYLTQPSSSISTEINSALVLKVSWI
#P06400	ERTCELIYLTQPSSSISTEINSALVLKVSWITF
#P06400	LIYLTQPSSSISTEINSALVLKVSWITFLLAKG
#P06400	SSSISTEINSALVLKVSWITFLLAKGEVLQMED
#P06400	LLAKGEVLQMEDDLVISFQLMLCVLDYFIKLSP
#P06400	ISFQLMLCVLDYFIKLSPPMLLKEPYKTAVIPI
#P06400	MLLKEPYKTAVIPINGSPRTPRRGQNRSARIAK
#P06400	IPINGSPRTPRRGQNRSARIAKQLENDTRIIEV
#P06400	DEVKNVYFKNFIPFMNSLGLVTSNGLPEVENLS
#P06400	YFKNFIPFMNSLGLVTSNGLPEVENLSKRYEEI
#P06400	SLGLVTSNGLPEVENLSKRYEEIYLKNKDLDAR
#P06400	LDARLFLDHDKTLQTDSIDSFETQRTPRKSNLD
#P06400	RLFLDHDKTLQTDSIDSFETQRTPRKSNLDEEV
#P06400	QTDSIDSFETQRTPRKSNLDEEVNVIPPHTPVR
#P06400	VRTVMNTIQQLMMILNSASDQPSENLISYFNNC
#P06400	TVMNTIQQLMMILNSASDQPSENLISYFNNCTV
#P06400	TIQQLMMILNSASDQPSENLISYFNNCTVNPKE
#P06400	MMILNSASDQPSENLISYFNNCTVNPKESILKR
#P06400	ENLISYFNNCTVNPKESILKRVKDIGYIFKEKF
#P06400	KEKFAKAVGQGCVEIGSQRYKLGVRLYYRVMES
#P06400	SQRYKLGVRLYYRVMESMLKSEEERLSIQNFSK
#P06400	KLGVRLYYRVMESMLKSEEERLSIQNFSKLLND
#P06400	YYRVMESMLKSEEERLSIQNFSKLLNDNIFHMS
#P06400	ESMLKSEEERLSIQNFSKLLNDNIFHMSLLACA
#P06400	SIQNFSKLLNDNIFHMSLLACALEVVMATYSRS
#P06400	HMSLLACALEVVMATYSRSTSQNLDSGTDLSFP
#P06400	SLLACALEVVMATYSRSTSQNLDSGTDLSFPWI
#P06400	LACALEVVMATYSRSTSQNLDSGTDLSFPWILN
#P06400	EVVMATYSRSTSQNLDSGTDLSFPWILNVLNLK
#P06400	TYSRSTSQNLDSGTDLSFPWILNVLNLKAFDFY
#P06400	LNVLNLKAFDFYKVIESFIKAEGNLTREMIKHL
#P06400	REMIKHLERCEHRIMESLAWLSDSPLFDLIKQS
#P06400	HLERCEHRIMESLAWLSDSPLFDLIKQSKDREG
#P06400	ERCEHRIMESLAWLSDSPLFDLIKQSKDREGPT
#P06400	SLAWLSDSPLFDLIKQSKDREGPTDHLESACPL
#P06400	LIKQSKDREGPTDHLESACPLNLPLQNNHTAAD
#P06400	LNLPLQNNHTAADMYLSPVRSPKKKGSTTRVNS
#P06400	LQNNHTAADMYLSPVRSPKKKGSTTRVNSTANA
#P06400	AADMYLSPVRSPKKKGSTTRVNSTANAETQATS
#P06400	SPVRSPKKKGSTTRVNSTANAETQATSAFQTQK
#P06400	STTRVNSTANAETQATSAFQTQKPLKSTSLSLF
#P06400	AETQATSAFQTQKPLKSTSLSLFYKKVYRLAYL
#P06400	TQATSAFQTQKPLKSTSLSLFYKKVYRLAYLRL
#P06400	ATSAFQTQKPLKSTSLSLFYKKVYRLAYLRLNT
#P06400	YRLAYLRLNTLCERLLSEHPELEHIIWTLFQHT
#P06400	EYELMRDRHLDQIMMCSMYGICKVKNIDLKFKI
#P06400	VQETFKRVLIKEEEYDSIIVFYNSVFMQRLKTN
#P06400	VLIKEEEYDSIIVFYNSVFMQRLKTNILQYAST
#P06400	NSVFMQRLKTNILQYASTRPPTLSPIPHIPRSP
#P06400	LKTNILQYASTRPPTLSPIPHIPRSPYKFPSSP
#P06400	ASTRPPTLSPIPHIPRSPYKFPSSPLRIPGGNI
#P06400	TLSPIPHIPRSPYKFPSSPLRIPGGNIYISPLK
#P06400	LSPIPHIPRSPYKFPSSPLRIPGGNIYISPLKS
#P06400	KFPSSPLRIPGGNIYISPLKSPYKISEGLPTPT
#P06400	SPLRIPGGNIYISPLKSPYKISEGLPTPTKMTP
#P06400	PGGNIYISPLKSPYKISEGLPTPTKMTPRSRIL
#P06400	YKISEGLPTPTKMTPRSRILVSIGESFGTSEKF
#P06400	GLPTPTKMTPRSRILVSIGESFGTSEKFQKINQ
#P06400	PTKMTPRSRILVSIGESFGTSEKFQKINQMVCN
#P06400	TPRSRILVSIGESFGTSEKFQKINQMVCNSDRV
#P06400	QKINQMVCNSDRVLKRSAEGSNPPKPLKKLRFD
#P06400	QMVCNSDRVLKRSAEGSNPPKPLKKLRFDIEGS
#P06400	SNPPKPLKKLRFDIEGSDEADGSKHLPGESKFQ
#P06400	LKKLRFDIEGSDEADGSKHLPGESKFQQKLAEM
#P06400	IEGSDEADGSKHLPGESKFQQKLAEMTSTRTRM
#P06400	HLPGESKFQQKLAEMTSTRTRMQKQKMNDSMDT
#P06400	FGTSEKFQKINQMVCNSDRVLKRSAEGSNPPKP
#P06401	VGSPLLCRPAAGPFPGSQTSDTLPEVSAIPISL
#P06401	PLLCRPAAGPFPGSQTSDTLPEVSAIPISLDGL
#P06401	AGPFPGSQTSDTLPEVSAIPISLDGLLFPRPCQ
#P06401	GSQTSDTLPEVSAIPISLDGLLFPRPCQGQDPS
#P06401	SLDGLLFPRPCQGQDPSDEKTQDQQSLSDVEGA
#P06401	PCQGQDPSDEKTQDQQSLSDVEGAYSRAEATRG
#P06401	QGQDPSDEKTQDQQSLSDVEGAYSRAEATRGAG
#P06401	EKTQDQQSLSDVEGAYSRAEATRGAGGSSSSPP
#P06401	VEGAYSRAEATRGAGGSSSSPPEKDSGLLDSVL
#P06401	EGAYSRAEATRGAGGSSSSPPEKDSGLLDSVLD
#P06401	GAYSRAEATRGAGGSSSSPPEKDSGLLDSVLDT
#P06401	AYSRAEATRGAGGSSSSPPEKDSGLLDSVLDTL
#P06401	ATRGAGGSSSSPPEKDSGLLDSVLDTLLAPSGP
#P06401	GGSSSSPPEKDSGLLDSVLDTLLAPSGPGQSQP
#P06401	KDSGLLDSVLDTLLAPSGPGQSQPSPPACEVTS
#P06401	LDSVLDTLLAPSGPGQSQPSPPACEVTSSWCLF
#P06401	VLDTLLAPSGPGQSQPSPPACEVTSSWCLFGPE
#P06401	SGPGQSQPSPPACEVTSSWCLFGPELPEDPPAA
#P06401	GPGQSQPSPPACEVTSSWCLFGPELPEDPPAAP
#P06401	ELPEDPPAAPATQRVLSPLMSRSGCKVGDSSGT
#P06401	DPPAAPATQRVLSPLMSRSGCKVGDSSGTAAAH
#P06401	PAAPATQRVLSPLMSRSGCKVGDSSGTAAAHKV
#P06401	RVLSPLMSRSGCKVGDSSGTAAAHKVLPRGLSP
#P06401	VLSPLMSRSGCKVGDSSGTAAAHKVLPRGLSPA
#P06401	DSSGTAAAHKVLPRGLSPARQLLLPASESPHWS
#P06401	VLPRGLSPARQLLLPASESPHWSGAPVKPSPQA
#P06401	PRGLSPARQLLLPASESPHWSGAPVKPSPQAAA
#P06401	SPARQLLLPASESPHWSGAPVKPSPQAAAVEVE
#P06401	LPASESPHWSGAPVKPSPQAAAVEVEEEDGSES
#P06401	KPSPQAAAVEVEEEDGSESEESAGPLLKGKPRA
#P06401	SPQAAAVEVEEEDGSESEESAGPLLKGKPRALG
#P06401	AAAVEVEEEDGSESEESAGPLLKGKPRALGGAA
#P06401	PPGAAAGGVALVPKEDSRFSAPRVALVEQDAPM
#P06401	AAAGGVALVPKEDSRFSAPRVALVEQDAPMAPG
#P06401	PRVALVEQDAPMAPGRSPLATTVMDFIHVPILP
#P06401	NHALLAARTRQLLEDESYDGGAGAASAFAPPRS
#P06401	RQLLEDESYDGGAGAASAFAPPRSSPCASSTPV
#P06401	SYDGGAGAASAFAPPRSSPCASSTPVAVGDFPD
#P06401	YDGGAGAASAFAPPRSSPCASSTPVAVGDFPDC
#P06401	AGAASAFAPPRSSPCASSTPVAVGDFPDCAYPP
#P06401	GAASAFAPPRSSPCASSTPVAVGDFPDCAYPPD
#P06401	AYPPDAEPKDDAYPLYSDFQPPALKIKEEEEGA
#P06401	QPPALKIKEEEEGAEASARSPRSYLVAGANPAA
#P06401	ALKIKEEEEGAEASARSPRSYLVAGANPAAFPD
#P06401	IKEEEEGAEASARSPRSYLVAGANPAAFPDFPL
#P06401	DFPLGPPPPLPPRATPSRPGEAAVTAAPASASV
#P06401	ATPSRPGEAAVTAAPASASVSSASSSGSTLECI
#P06401	PSRPGEAAVTAAPASASVSSASSSGSTLECILY
#P06401	RPGEAAVTAAPASASVSSASSSGSTLECILYKA
#P06401	PGEAAVTAAPASASVSSASSSGSTLECILYKAE
#P06401	EAAVTAAPASASVSSASSSGSTLECILYKAEGA
#P06401	AAVTAAPASASVSSASSSGSTLECILYKAEGAP
#P06401	AVTAAPASASVSSASSSGSTLECILYKAEGAPP
#P06401	TAAPASASVSSASSSGSTLECILYKAEGAPPQQ
#P06401	PQQGPFAPPPCKAPGASGCLLPRDGLPSTSASA
#P06401	KAPGASGCLLPRDGLPSTSASAAAAGAAPALYP
#P06401	PGASGCLLPRDGLPSTSASAAAAGAAPALYPAL
#P06401	ASGCLLPRDGLPSTSASAAAAGAAPALYPALGL
#P06401	GLPQVYPPYLNYLRPDSEASQSPQYSFESLPQK
#P06401	QVYPPYLNYLRPDSEASQSPQYSFESLPQKICL
#P06401	YPPYLNYLRPDSEASQSPQYSFESLPQKICLIC
#P06401	LNYLRPDSEASQSPQYSFESLPQKICLICGDEA
#P06401	LRPDSEASQSPQYSFESLPQKICLICGDEASGC
#P06401	FESLPQKICLICGDEASGCHYGVLTCGSCKVFF
#P06401	CGDEASGCHYGVLTCGSCKVFFKRAMEGQHNYL
#P06401	ALDAVALPQPVGVPNESQALSQRFTFSPGQDIQ
#P06401	VALPQPVGVPNESQALSQRFTFSPGQDIQLIPP
#P06401	PGQDIQLIPPLINLLMSIEPDVIYAGHDNTKPD
#P06401	EPDVIYAGHDNTKPDTSSSLLTSLNQLGERQLL
#P06401	PDVIYAGHDNTKPDTSSSLLTSLNQLGERQLLS
#P06401	DVIYAGHDNTKPDTSSSLLTSLNQLGERQLLSV
#P06401	AGHDNTKPDTSSSLLTSLNQLGERQLLSVVKWS
#P06401	SSLLTSLNQLGERQLLSVVKWSKSLPGFRNLHI
#P06401	SLNQLGERQLLSVVKWSKSLPGFRNLHIDDQIT
#P06401	NQLGERQLLSVVKWSKSLPGFRNLHIDDQITLI
#P06401	GFRNLHIDDQITLIQYSWMSLMVFGLGWRSYKH
#P06401	NLHIDDQITLIQYSWMSLMVFGLGWRSYKHVSG
#P06401	IQYSWMSLMVFGLGWRSYKHVSGQMLYFAPDLI
#P06401	MSLMVFGLGWRSYKHVSGQMLYFAPDLILNEQR
#P06401	LYFAPDLILNEQRMKESSFYSLCLTMWQIPQEF
#P06401	YFAPDLILNEQRMKESSFYSLCLTMWQIPQEFV
#P06401	PDLILNEQRMKESSFYSLCLTMWQIPQEFVKLQ
#P06401	CLTMWQIPQEFVKLQVSQEEFLCMKVLLLLNTI
#P06401	MKVLLLLNTIPLEGLRSQTQFEEMRSSYIRELI
#P06401	IPLEGLRSQTQFEEMRSSYIRELIKAIGLRQKG
#P06401	PLEGLRSQTQFEEMRSSYIRELIKAIGLRQKGV
#P06401	IRELIKAIGLRQKGVVSSSQRFYQLTKLLDNLH
#P06401	RELIKAIGLRQKGVVSSSQRFYQLTKLLDNLHD
#P06401	ELIKAIGLRQKGVVSSSQRFYQLTKLLDNLHDL
#P06401	DLVKQLHLYCLNTFIQSRALSVEFPEMMSEVIA
#P06401	QLHLYCLNTFIQSRALSVEFPEMMSEVIAAQLP
#P06401	TFIQSRALSVEFPEMMSEVIAAQLPKILAGMVK
#P06401	VGVPNESQALSQRFTFSPGQDIQLIPPLINLLM
#P06493	VAMKKIRLESEEEGVPSTAIREISLLKELRHPN
#P06493	LESEEEGVPSTAIREISLLKELRHPNIVSLQDV
#P06493	IREISLLKELRHPNIVSLQDVLMQDSRLYLIFE
#P06493	LRHPNIVSLQDVLMQDSRLYLIFEFLSMDLKKY
#P06493	DVLMQDSRLYLIFEFLSMDLKKYLDSIPPGQYM
#P06493	YLIFEFLSMDLKKYLDSIPPGQYMDSSLVKSYL
#P06493	DLKKYLDSIPPGQYMDSSLVKSYLYQILQGIVF
#P06493	LKKYLDSIPPGQYMDSSLVKSYLYQILQGIVFC
#P06493	LDSIPPGQYMDSSLVKSYLYQILQGIVFCHSRR
#P06493	VKSYLYQILQGIVFCHSRRVLHRDLKPQNLLID
#P06493	IPIRVYTHEVVTLWYRSPEVLLGSARYSTPVDI
#P06493	HEVVTLWYRSPEVLLGSARYSTPVDIWSIGTIF
#P06493	TLWYRSPEVLLGSARYSTPVDIWSIGTIFAELA
#P06493	EVLLGSARYSTPVDIWSIGTIFAELATKKPLFH
#P06493	TIFAELATKKPLFHGDSEIDQLFRIFRALGTPN
#P06493	FRALGTPNNEVWPEVESLQDYKNTFPKWKPGSL
#P06493	ESLQDYKNTFPKWKPGSLASHVKNLDENGLDLL
#P06493	QDYKNTFPKWKPGSLASHVKNLDENGLDLLSKM
#P06493	LASHVKNLDENGLDLLSKMLIYDPAKRISGKMA
#P06493	LDLLSKMLIYDPAKRISGKMALNHPYFNDLDNQ
#P06730	HPLQNRWALWFFKNDKSKTWQANLRLISKFDTV
#P06730	FKNDKSKTWQANLRLISKFDTVEDFWALYNHIQ
#P06730	FDTVEDFWALYNHIQLSSNLMPGCDYSLFKDGI
#P06730	DTVEDFWALYNHIQLSSNLMPGCDYSLFKDGIE
#P06730	YNHIQLSSNLMPGCDYSLFKDGIEPMWEDEKNK
#P06730	KRGGRWLITLNKQQRRSDLDRFWLETLLCLIGE
#P06730	DLDRFWLETLLCLIGESFDDYSDDVCGAVVNVR
#P06730	WLETLLCLIGESFDDYSDDVCGAVVNVRAKGDK
#P06730	YKERLGLPPKIVIGYQSHADTATKSGSTTKNRF
#P06733	EVDLFTSKGLFRAAVPSGASTGIYEALELRDND
#P06733	LFTSKGLFRAAVPSGASTGIYEALELRDNDKTR
#P06733	SKAVEHINKTIAPALVSKKLNVTEQEKIDKLMI
#P06733	EKIDKLMIEMDGTENKSKFGANAILGVSLAVCK
#P06733	GTENKSKFGANAILGVSLAVCKAGAVEKGVPLY
#P06733	EKGVPLYRHIADLAGNSEVILPVPAFNVINGGS
#P06733	SEVILPVPAFNVINGGSHAGNKLAMQEFMILPV
#P06733	KAGYTDKVVIGMDVAASEFFRSGKYDLDFKSPD
#P06733	DKVVIGMDVAASEFFRSGKYDLDFKSPDDPSRY
#P06733	AASEFFRSGKYDLDFKSPDDPSRYISPDQLADL
#P06733	FRSGKYDLDFKSPDDPSRYISPDQLADLYKSFI
#P06733	KYDLDFKSPDDPSRYISPDQLADLYKSFIKDYP
#P06733	DPSRYISPDQLADLYKSFIKDYPVVSIEDPFDQ
#P06733	QLADLYKSFIKDYPVVSIEDPFDQDDWGAWQKF
#P06733	DPFDQDDWGAWQKFTASAGIQVVGDDLTVTNPK
#P06733	LTVTNPKRIAKAVNEKSCNCLLLKVNQIGSVTE
#P06733	NEKSCNCLLLKVNQIGSVTESLQACKLAQANGW
#P06733	CNCLLLKVNQIGSVTESLQACKLAQANGWGVMV
#P06733	LQACKLAQANGWGVMVSHRSGETEDTFIADLVV
#P06733	CKLAQANGWGVMVSHRSGETEDTFIADLVVGLC
#P06733	VVGLCTGQIKTGAPCRSERLAKYNQLLRIEEEL
#P06748	KDYHFKVDNDENEHQLSLRTVSLGAGAKDELHI
#P06748	KVDNDENEHQLSLRTVSLGAGAKDELHIVEAEA
#P06748	KDELHIVEAEAMNYEGSPIKVTLATLKMSVQPT
#P06748	NYEGSPIKVTLATLKMSVQPTVSLGGFEITPPV
#P06748	IKVTLATLKMSVQPTVSLGGFEITPPVVLRLKC
#P06748	GGFEITPPVVLRLKCGSGPVHISGQHLVAVEED
#P06748	PPVVLRLKCGSGPVHISGQHLVAVEEDAESEDE
#P06748	VHISGQHLVAVEEDAESEDEEEEDVKLLSISGK
#P06748	EDAESEDEEEEDVKLLSISGKRSAPGGGSKVPQ
#P06748	AESEDEEEEDVKLLSISGKRSAPGGGSKVPQKK
#P06748	DEEEEDVKLLSISGKRSAPGGGSKVPQKKVKLA
#P06748	VKLLSISGKRSAPGGGSKVPQKKVKLAADEDDD
#P06748	DDFDDEEAEEKAPVKKSIRDTPAKNAQKSNQNG
#P06748	PVKKSIRDTPAKNAQKSNQNGKDSKPSSTPRSK
#P06748	DTPAKNAQKSNQNGKDSKPSSTPRSKGQESFKK
#P06748	AKNAQKSNQNGKDSKPSSTPRSKGQESFKKQEK
#P06748	KNAQKSNQNGKDSKPSSTPRSKGQESFKKQEKT
#P06748	KSNQNGKDSKPSSTPRSKGQESFKKQEKTPKTP
#P06748	GKDSKPSSTPRSKGQESFKKQEKTPKTPKGPSS
#P06748	ESFKKQEKTPKTPKGPSSVEDIKAKMQASIEKG
#P06748	SFKKQEKTPKTPKGPSSVEDIKAKMQASIEKGG
#P06748	PKGPSSVEDIKAKMQASIEKGGSLPKVEAKFIN
#P06748	VEDIKAKMQASIEKGGSLPKVEAKFINYVKNCF
#P07101	AIMVRGQGAPGPSLTGSPWPGTAAPAASYTPTP
#P07101	PSLTGSPWPGTAAPAASYTPTPRSPRFIGRRQS
#P07101	WPGTAAPAASYTPTPRSPRFIGRRQSLIEDARK
#P07101	SYTPTPRSPRFIGRRQSLIEDARKEREAAVAAA
#P07101	RKEREAAVAAAAAAVPSEPGDPLEAVAFEEKEG
#P07101	VAFEEKEGKAVLNLLFSPRATKPSALSRAVKVF
#P07101	GKAVLNLLFSPRATKPSALSRAVKVFETFEAKI
#P07101	VLNLLFSPRATKPSALSRAVKVFETFEAKIHHL
#P07101	YFVRLEVRRGDLAALLSGVRQVSEDVRSPAGPK
#P07101	VRRGDLAALLSGVRQVSEDVRSPAGPKVPWFPR
#P07101	LAALLSGVRQVSEDVRSPAGPKVPWFPRKVSEL
#P07101	VRSPAGPKVPWFPRKVSELDKCHHLVTKFDPDL
#P07101	LVTKFDPDLDLDHPGFSDQVYRQRRKLIAEIAF
#P07101	HACGEHLEAFALLERFSGYREDNIPQLEDVSRF
#P07101	RFSGYREDNIPQLEDVSRFLKERTGFQLRPVAG
#P07101	LKERTGFQLRPVAGLLSARDFLASLAFRVFQCT
#P07101	QLRPVAGLLSARDFLASLAFRVFQCTQYIRHAS
#P07101	SLAFRVFQCTQYIRHASSPMHSPEPDCCHELLG
#P07101	LAFRVFQCTQYIRHASSPMHSPEPDCCHELLGH
#P07101	VFQCTQYIRHASSPMHSPEPDCCHELLGHVPML
#P07101	LLGHVPMLADRTFAQFSQDIGLASLGASDEEIE
#P07101	LADRTFAQFSQDIGLASLGASDEEIEKLSTLSW
#P07101	TFAQFSQDIGLASLGASDEEIEKLSTLSWFTVE
#P07101	IGLASLGASDEEIEKLSTLSWFTVEFGLCKQNG
#P07101	ASLGASDEEIEKLSTLSWFTVEFGLCKQNGEVK
#P07101	LCKQNGEVKAYGAGLLSSYGELLHCLSEEPEIR
#P07101	CKQNGEVKAYGAGLLSSYGELLHCLSEEPEIRA
#P07101	YGAGLLSSYGELLHCLSEEPEIRAFDPEAAAVQ
#P07101	DPEAAAVQPYQDQTYQSVYFVSESFSDAKDKLR
#P07101	AVQPYQDQTYQSVYFVSESFSDAKDKLRSYASR
#P07101	QPYQDQTYQSVYFVSESFSDAKDKLRSYASRIQ
#P07101	YQDQTYQSVYFVSESFSDAKDKLRSYASRIQRP
#P07101	VYFVSESFSDAKDKLRSYASRIQRPFSVKFDPY
#P07101	VSESFSDAKDKLRSYASRIQRPFSVKFDPYTLA
#P07101	AKDKLRSYASRIQRPFSVKFDPYTLAIDVLDSP
#P07101	FSVKFDPYTLAIDVLDSPQAVRRSLEGVQDELD
#P07101	YTLAIDVLDSPQAVRRSLEGVQDELDTLAHALS
#P07101	KQAEAIMVRGQGAPGPSLTGSPWPGTAAPAASY
#P07355	TKGVDEVTIVNILTNRSNAQRQDIAFAYQRRTK
#P07355	QDIAFAYQRRTKKELASALKSALSGHLETVILG
#P07355	FAYQRRTKKELASALKSALSGHLETVILGLLKT
#P07355	QRRTKKELASALKSALSGHLETVILGLLKTPAQ
#P07355	ETVILGLLKTPAQYDASELKASMKGLGTDEDSL
#P07355	GLLKTPAQYDASELKASMKGLGTDEDSLIEIIC
#P07355	ASELKASMKGLGTDEDSLIEIICSRTNQELQEI
#P07355	MKGLGTDEDSLIEIICSRTNQELQEINRVYKEM
#P07355	RVYKEMYKTDLEKDIISDTSGDFRKLMVALAKG
#P07355	KEMYKTDLEKDIISDTSGDFRKLMVALAKGRRA
#P07355	RKLMVALAKGRRAEDGSVIDYELIDQDARDLYD
#P07355	YDAGVKRKGTDVPKWISIMTERSVPHLQKVFDR
#P07355	RKGTDVPKWISIMTERSVPHLQKVFDRYKSYSP
#P07355	TERSVPHLQKVFDRYKSYSPYDMLESIRKEVKG
#P07355	RSVPHLQKVFDRYKSYSPYDMLESIRKEVKGDL
#P07355	KVFDRYKSYSPYDMLESIRKEVKGDLENAFLNL
#P07355	QCIQNKPLYFADRLYDSMKGKGTRDKVLIRIMV
#P07355	MKGKGTRDKVLIRIMVSRSEVDMLKIRSEFKRK
#P07355	GKGTRDKVLIRIMVSRSEVDMLKIRSEFKRKYG
#P07355	IRIMVSRSEVDMLKIRSEFKRKYGKSLYYYIQQ
#P07355	VDMLKIRSEFKRKYGKSLYYYIQQDTKGDYQKA
#P07359	TALPPDLPKDTTILHLSENLLYTFSLATLMPYT
#P07359	KDTTILHLSENLLYTFSLATLMPYTRLTQLNLD
#P07359	KLQVDGTLPVLGTLDLSHNQLQSLPLLGQTLPA
#P07359	TLPVLGTLDLSHNQLQSLPLLGQTLPALTVLDV
#P07359	LPLLGQTLPALTVLDVSFNRLTSLPLGALRGLG
#P07359	TLPALTVLDVSFNRLTSLPLGALRGLGELQELY
#P07359	TLPPGLLTPTPKLEKLSLANNNLTELPAGLLNG
#P07359	LLNGLENLDTLLLQENSLYTIPKGFFGSHLLPF
#P07359	LLQENSLYTIPKGFFGSHLLPFAFLHGNPWLCN
#P07359	ENVYVWKQGVDVKAMTSNVASVQCDNSDKFPVY
#P07359	VWKQGVDVKAMTSNVASVQCDNSDKFPVYKYPG
#P07359	DVKAMTSNVASVQCDNSDKFPVYKYPGKGCPTL
#P07359	VKFPTKAHTTPWGLFYSWSTASLDSQMPSSLHP
#P07359	FPTKAHTTPWGLFYSWSTASLDSQMPSSLHPTQ
#P07359	KAHTTPWGLFYSWSTASLDSQMPSSLHPTQEST
#P07359	TTPWGLFYSWSTASLDSQMPSSLHPTQESTKEQ
#P07359	GLFYSWSTASLDSQMPSSLHPTQESTKEQTTFP
#P07359	LFYSWSTASLDSQMPSSLHPTQESTKEQTTFPP
#P07359	ASLDSQMPSSLHPTQESTKEQTTFPPRWTPNFT
#P07359	TTFPPRWTPNFTLHMESITFSKTPKSTTEPTPS
#P07359	PRWTPNFTLHMESITFSKTPKSTTEPTPSPTTS
#P07359	NFTLHMESITFSKTPKSTTEPTPSPTTSEPVPE
#P07359	SITFSKTPKSTTEPTPSPTTSEPVPEPAPNMTT
#P07359	SKTPKSTTEPTPSPTTSEPVPEPAPNMTTLEPT
#P07359	PVPEPAPNMTTLEPTPSPTTPEPTSEPAPSPTT
#P07359	MTTLEPTPSPTTPEPTSEPAPSPTTPEPTPIPT
#P07359	PTPSPTTPEPTSEPAPSPTTPEPTPIPTIATSP
#P07359	PSPTTPEPTPIPTIATSPTILVSATSLITPKST
#P07359	EPTPIPTIATSPTILVSATSLITPKSTFLTTTK
#P07359	PIPTIATSPTILVSATSLITPKSTFLTTTKPVS
#P07359	TSPTILVSATSLITPKSTFLTTTKPVSLLESTK
#P07359	SLITPKSTFLTTTKPVSLLESTKKTIPELDQPP
#P07359	PKSTFLTTTKPVSLLESTKKTIPELDQPPKLRG
#P07359	LDQPPKLRGVLQGHLESSRNDPFLHPDFCCLLP
#P07359	DQPPKLRGVLQGHLESSRNDPFLHPDFCCLLPL
#P07359	LPLGFYVLGLFWLLFASVVLILLLSWVGHVKPQ
#P07359	GLFWLLFASVVLILLLSWVGHVKPQALDSGQGA
#P07359	ILLLSWVGHVKPQALDSGQGAALTTATQTTHLE
#P07359	GRQVTVPRAWLLFLRGSLPTFRSSLFLWVRPNG
#P07359	PRAWLLFLRGSLPTFRSSLFLWVRPNGRVGPLV
#P07359	RAWLLFLRGSLPTFRSSLFLWVRPNGRVGPLVA
#P07359	VRPNGRVGPLVAGRRPSALSQGRGQDLLSTVSI
#P07359	NGRVGPLVAGRRPSALSQGRGQDLLSTVSIRYS
#P07550	TQQRDEVWVVGMGIVMSLIVLAIVFGNVLVITA
#P07550	IAKFERLQTVTNYFITSLACADLVMGLAVVPFG
#P07550	LMKMWTFGNFWCEFWTSIDVLCVTASIETLCVI
#P07550	FWCEFWTSIDVLCVTASIETLCVIAVDRYFAIT
#P07550	IETLCVIAVDRYFAITSPFKYQSLLTKNKARVI
#P07550	IAVDRYFAITSPFKYQSLLTKNKARVIILMVWI
#P07550	LTKNKARVIILMVWIVSGLTSFLPIQMHWYRAT
#P07550	KARVIILMVWIVSGLTSFLPIQMHWYRATHQEA
#P07550	NETCCDFFTNQAYAIASSIVSFYVPLVIMVFVY
#P07550	ETCCDFFTNQAYAIASSIVSFYVPLVIMVFVYS
#P07550	CDFFTNQAYAIASSIVSFYVPLVIMVFVYSRVF
#P07550	SIVSFYVPLVIMVFVYSRVFQEAKRQLQKIDKS
#P07550	SRVFQEAKRQLQKIDKSEGRFHVQNLSQVEQDG
#P07550	LQKIDKSEGRFHVQNLSQVEQDGRTGHGLRRSS
#P07550	LSQVEQDGRTGHGLRRSSKFCLKEHKALKTLGI
#P07550	SQVEQDGRTGHGLRRSSKFCLKEHKALKTLGII
#P07550	IRKEVYILLNWIGYVNSGFNPLIYCRSPDFRIA
#P07550	WIGYVNSGFNPLIYCRSPDFRIAFQELLCLRRS
#P07550	SPDFRIAFQELLCLRRSSLKAYGNGYSSNGNTG
#P07550	PDFRIAFQELLCLRRSSLKAYGNGYSSNGNTGE
#P07550	LCLRRSSLKAYGNGYSSNGNTGEQSGYHVEQEK
#P07550	KAYGNGYSSNGNTGEQSGYHVEQEKENKLLCED
#P07550	DLPGTEDFVGHQGTVPSDNIDSQGRNCSTNDSL
#P07550	LLCLRRSSLKAYGNGYSSNGNTGEQSGYHVEQE
#P07814	SCDSFTSTINELNHCLSLRTYLVGNSLSLADLC
#P07814	NELNHCLSLRTYLVGNSLSLADLCVWATLKGNA
#P07814	LNHCLSLRTYLVGNSLSLADLCVWATLKGNAAW
#P07814	HVKRWFGFLEAQQAFQSVGTKWDVSTTKARVAP
#P07814	LEAQQAFQSVGTKWDVSTTKARVAPEKKQDVGK
#P07814	PGAEMGKVTVRFPPEASGYLHIGHAKAALLNQH
#P07814	EDVAMLHIKPDQFTYTSDHFETIMKYAEKLIQE
#P07814	DTPAEQMKAEREQRIESKHRKNPIEKNLQMWEE
#P07814	NPIEKNLQMWEEMKKGSQFGHSCCLRAKIDMSS
#P07814	NLQMWEEMKKGSQFGHSCCLRAKIDMSSNNGCM
#P07814	GSQFGHSCCLRAKIDMSSNNGCMRDPTLYRCKI
#P07814	SQFGHSCCLRAKIDMSSNNGCMRDPTLYRCKIQ
#P07814	KYNVYPTYDFACPIVDSIEGVTHALRTTEYHDR
#P07814	WIIEALGIRKPYIWEYSRLNLNNTVLSKRKLTW
#P07814	PYIWEYSRLNLNNTVLSKRKLTWFVNEGLVDGW
#P07814	RGMTVEGLKQFIAAQGSSRSVVNMEWDKIWAFN
#P07814	GMTVEGLKQFIAAQGSSRSVVNMEWDKIWAFNK
#P07814	TVEGLKQFIAAQGSSRSVVNMEWDKIWAFNKKV
#P07814	AKHPKNPEVGLKPVWYSPKVFIEGADAETFSEG
#P07814	WYSPKVFIEGADAETFSEGEMVTFINWGNLNIT
#P07814	NLNITKIHKNADGKIISLDAKFNLENKDYKKTT
#P07814	PVLGKDEDFKQYVNKNSKHEELMLGDPCLKDLK
#P07814	LQRRGFFICDQPYEPVSPYSCKEAPCVLIYIPD
#P07814	RGFFICDQPYEPVSPYSCKEAPCVLIYIPDGHT
#P07814	CVLIYIPDGHTKEMPTSGSKEKTKVEATKNETS
#P07814	LIYIPDGHTKEMPTSGSKEKTKVEATKNETSAP
#P07814	SGSKEKTKVEATKNETSAPFKERPTPSLNNNCT
#P07814	ATKNETSAPFKERPTPSLNNNCTTSEDSLVLYN
#P07814	PFKERPTPSLNNNCTTSEDSLVLYNRVAVQGDV
#P07814	ERPTPSLNNNCTTSEDSLVLYNRVAVQGDVVRE
#P07814	KKAPKEDVDAAVKQLLSLKAEYKEKTGQEYKPG
#P07814	QEYKPGNPPAEIGQNISSNSSASILESKSLYDE
#P07814	EYKPGNPPAEIGQNISSNSSASILESKSLYDEV
#P07814	KPGNPPAEIGQNISSNSSASILESKSLYDEVAA
#P07814	PGNPPAEIGQNISSNSSASILESKSLYDEVAAQ
#P07814	NPPAEIGQNISSNSSASILESKSLYDEVAAQGE
#P07814	EIGQNISSNSSASILESKSLYDEVAAQGEVVRK
#P07814	GQNISSNSSASILESKSLYDEVAAQGEVVRKLK
#P07814	EVAAQGEVVRKLKAEKSPKAKINEAVECLLSLK
#P07814	EKSPKAKINEAVECLLSLKAQYKEKTGKEYIPG
#P07814	YKEKTGKEYIPGQPPLSQSSDSSPTRNSEPAGL
#P07814	EKTGKEYIPGQPPLSQSSDSSPTRNSEPAGLET
#P07814	KTGKEYIPGQPPLSQSSDSSPTRNSEPAGLETP
#P07814	GKEYIPGQPPLSQSSDSSPTRNSEPAGLETPEA
#P07814	KEYIPGQPPLSQSSDSSPTRNSEPAGLETPEAK
#P07814	GQPPLSQSSDSSPTRNSEPAGLETPEAKVLFDK
#P07814	AGLETPEAKVLFDKVASQGEVVRKLKTEKAPKD
#P07814	VDIAVQELLQLKAQYKSLIGVEYKPVSATGAED
#P07814	LKAQYKSLIGVEYKPVSATGAEDKDKKKKEKEN
#P07814	TGAEDKDKKKKEKENKSEKQNKPQKQNDGQRKD
#P07814	KQNKPQKQNDGQRKDPSKNQGGGLSSSGAGEGQ
#P07814	NDGQRKDPSKNQGGGLSSSGAGEGQGPKKQTRL
#P07814	DGQRKDPSKNQGGGLSSSGAGEGQGPKKQTRLG
#P07814	RLGLEAKKEENLADWYSQVITKSEMIEYHDISG
#P07814	KKEENLADWYSQVITKSEMIEYHDISGCYILRP
#P07814	YSQVITKSEMIEYHDISGCYILRPWAYAIWEAI
#P07814	EIKKLGVENCYFPMFVSQSALEKEKTHVADFAP
#P07814	KKLGVENCYFPMFVSQSALEKEKTHVADFAPEV
#P07814	KTHVADFAPEVAWVTRSGKTELAEPIAIRPTSE
#P07814	RSGKTELAEPIAIRPTSETVMYPAYAKWVQSHR
#P07814	PTSETVMYPAYAKWVQSHRDLPIKLNQWCNVVR
#P07814	PQPFLRTREFLWQEGHSAFATMEEAAEEVLQIL
#P07814	EKFAGGDYTTTIEAFISASGRAIQGGTSHHLGQ
#P07814	FAGGDYTTTIEAFISASGRAIQGGTSHHLGQNF
#P07814	IEAFISASGRAIQGGTSHHLGQNFSKMFEIVFE
#P07814	GRAIQGGTSHHLGQNFSKMFEIVFEDPKIPGEK
#P07814	FEDPKIPGEKQFAYQNSWGLTTRTIGVMTMVHG
#P07814	ACVQVVIIPCGITNALSEEDKEALIAKCNDYRR
#P07814	KEALIAKCNDYRRRLLSVNIRVRADLRDNYSPG
#P07814	LLSVNIRVRADLRDNYSPGWKFNHWELKGVPIR
#P07814	LKGVPIRLEVGPRDMKSCQFVAVRRDTGEKLTV
#P07814	LQAILEDIQVTLFTRASEDLKTHMVVANTMEDF
#P07814	HMVVANTMEDFQKILDSGKIVQIPFCGEIDCED
#P07814	IKKTTARDQDLEPGAPSMGAKSLCIPFKPLCEL
#P07814	ARDQDLEPGAPSMGAKSLCIPFKPLCELQPGAK
#P07814	GQRKDPSKNQGGGLSSSGAGEGQGPKKQTRLGL
#P07900	QAEIAQLMSLIINTFYSNKEIFLRELISNSSDA
#P07900	INTFYSNKEIFLRELISNSSDALDKIRYESLTD
#P07900	TFYSNKEIFLRELISNSSDALDKIRYESLTDPS
#P07900	FYSNKEIFLRELISNSSDALDKIRYESLTDPSK
#P07900	ELISNSSDALDKIRYESLTDPSKLDSGKELHIN
#P07900	SSDALDKIRYESLTDPSKLDSGKELHINLIPNK
#P07900	LDKIRYESLTDPSKLDSGKELHINLIPNKQDRT
#P07900	GMTKADLINNLGTIAKSGTKAFMEALQAGADIS
#P07900	SGTKAFMEALQAGADISMIGQFGVGFYSAYLVA
#P07900	AGADISMIGQFGVGFYSAYLVAEKVTVITKHND
#P07900	VTVITKHNDDEQYAWESSAGGSFTVRTDTGEPM
#P07900	TVITKHNDDEQYAWESSAGGSFTVRTDTGEPMG
#P07900	KHNDDEQYAWESSAGGSFTVRTDTGEPMGRGTK
#P07900	TEYLEERRIKEIVKKHSQFIGYPITLFVEKERD
#P07900	GYPITLFVEKERDKEVSDDEAEEKEDKEEEKEK
#P07900	EEKEDKEEEKEKEEKESEDKPEIEDVGSDEEEE
#P07900	RNPDDITNEEYGEFYKSLTNDWEDHLAVKHFSV
#P07900	KSLTNDWEDHLAVKHFSVEGQLEFRALLFVPRR
#P07900	EELIPEYLNFIRGVVDSEDLPLNISREMLQQSK
#P07900	NFIRGVVDSEDLPLNISREMLQQSKILKVIRKN
#P07900	DSEDLPLNISREMLQQSKILKVIRKNLVKKCLE
#P07900	ELAEDKENYKKFYEQFSKNIKLGIHEDSQNRKK
#P07900	FYEQFSKNIKLGIHEDSQNRKKLSELLRYYTSA
#P07900	NIKLGIHEDSQNRKKLSELLRYYTSASGDEMVS
#P07900	DSQNRKKLSELLRYYTSASGDEMVSLKDYCTRM
#P07900	QNRKKLSELLRYYTSASGDEMVSLKDYCTRMKE
#P07900	SELLRYYTSASGDEMVSLKDYCTRMKENQKHIY
#P07900	KHIYYITGETKDQVANSAFVERLRKHGLEVIYM
#P07900	EYCVQQLKEFEGKTLVSVTKEGLELPEDEEEKK
#P07900	KIMKDILEKKVEKVVVSNRLVTSPCCIVTSTYG
#P07900	LEKKVEKVVVSNRLVTSPCCIVTSTYGWTANME
#P07900	VVVSNRLVTSPCCIVTSTYGWTANMERIMKAQA
#P07900	TANMERIMKAQALRDNSTMGYMAAKKHLEINPD
#P07900	MGYMAAKKHLEINPDHSIIETLRQKAEADKNDK
#P07900	IIETLRQKAEADKNDKSVKDLVILLYETALLSS
#P07900	KSVKDLVILLYETALLSSGFSLEDPQTHANRIY
#P07900	SVKDLVILLYETALLSSGFSLEDPQTHANRIYR
#P07900	DLVILLYETALLSSGFSLEDPQTHANRIYRMIK
#P07900	KLGLGIDEDDPTADDTSAAVTEEMPPLEGDDDT
#P07900	KEEKESEDKPEIEDVGSDEEEEKKDGDKKKKKK
#P07910	NLNTLVVKKSDVEAIFSKYGKIVGCSVHKGFAF
#P07910	SDVEAIFSKYGKIVGCSVHKGFAFVQYVNERNA
#P07910	LAAEPKVNRGKAGVKRSAAEMYGSVTEHPSPSP
#P07910	NRGKAGVKRSAAEMYGSVTEHPSPSPLLSSSFD
#P07910	VKRSAAEMYGSVTEHPSPSPLLSSSFDLDYDFQ
#P07910	RSAAEMYGSVTEHPSPSPLLSSSFDLDYDFQRD
#P07910	EMYGSVTEHPSPSPLLSSSFDLDYDFQRDYYDR
#P07910	MYGSVTEHPSPSPLLSSSFDLDYDFQRDYYDRM
#P07910	YGSVTEHPSPSPLLSSSFDLDYDFQRDYYDRMY
#P07910	FDLDYDFQRDYYDRMYSYPARVPPPPPIARAVV
#P07910	PARVPPPPPIARAVVPSKRQRVSGNTSRRGKSG
#P07910	PPPIARAVVPSKRQRVSGNTSRRGKSGFNSKSG
#P07910	ARAVVPSKRQRVSGNTSRRGKSGFNSKSGQRGS
#P07910	PSKRQRVSGNTSRRGKSGFNSKSGQRGSSKSGK
#P07910	QRVSGNTSRRGKSGFNSKSGQRGSSKSGKLKGD
#P07910	VSGNTSRRGKSGFNSKSGQRGSSKSGKLKGDDL
#P07910	SRRGKSGFNSKSGQRGSSKSGKLKGDDLQAIKK
#P07910	RRGKSGFNSKSGQRGSSKSGKLKGDDLQAIKKE
#P07910	GKSGFNSKSGQRGSSKSGKLKGDDLQAIKKELT
#P07910	LQAIKKELTQIKQKVDSLLENLEKIEKEQSKQA
#P07910	KVDSLLENLEKIEKEQSKQAVEMKNDKSEEEQS
#P07910	SKQAVEMKNDKSEEEQSSSSVKKDETNVKMESE
#P07910	KQAVEMKNDKSEEEQSSSSVKKDETNVKMESEG
#P07910	QAVEMKNDKSEEEQSSSSVKKDETNVKMESEGG
#P07910	AVEMKNDKSEEEQSSSSVKKDETNVKMESEGGA
#P07910	QSSSSVKKDETNVKMESEGGADDSAEEGDLLDD
#P07910	KDETNVKMESEGGADDSAEEGDLLDDDDNEDRG
#P07910	IEKEQSKQAVEMKNDKSEEEQSSSSVKKDETNV
#P07948	QPVRNTERTIYVRDPTSNKQQRPVPESQLLPGQ
#P07948	YVRDPTSNKQQRPVPESQLLPGQRFQTKDPEEQ
#P07948	IVVALYPYDGIHPDDLSFKKGEKMKVLEEHGEW
#P07948	EKMKVLEEHGEWWKAKSLLTKKEGFIPSNYVAK
#P07948	WWKAKSLLTKKEGFIPSNYVAKLNTLETEEWFF
#P07948	DITRKDAERQLLAPGNSAGAFLIRESETLKGSF
#P07948	QLLAPGNSAGAFLIRESETLKGSFSLSVRDFDP
#P07948	NSAGAFLIRESETLKGSFSLSVRDFDPVHGDVI
#P07948	AGAFLIRESETLKGSFSLSVRDFDPVHGDVIKH
#P07948	AFLIRESETLKGSFSLSVRDFDPVHGDVIKHYK
#P07948	DFDPVHGDVIKHYKIRSLDNGGYYISPRITFPC
#P07948	IKHYKIRSLDNGGYYISPRITFPCISDMIKHYQ
#P07948	DNGGYYISPRITFPCISDMIKHYQKQADGLCRR
#P07948	QKQADGLCRRLEKACISPKPQKPWDKDAWEIPR
#P07948	KPQKPWDKDAWEIPRESIKLVKRLGAGQFGEVW
#P07948	LGAGQFGEVWMGYYNNSTKVAVKTLKPGTMSVQ
#P07948	NNSTKVAVKTLKPGTMSVQAFLEEANLMKTLQH
#P07948	TREEPIYIITEYMAKGSLLDFLKSDEGGKVLLP
#P07948	IITEYMAKGSLLDFLKSDEGGKVLLPKLIDFSA
#P07948	KSDEGGKVLLPKLIDFSAQIAEGMAYIERKNYI
#P07948	RKNYIHRDLRAANVLVSESLMCKIADFGLARVI
#P07948	NYIHRDLRAANVLVSESLMCKIADFGLARVIED
#P07948	KWTAPEAINFGCFTIKSDVWSFGILLYEIVTYG
#P07948	PEAINFGCFTIKSDVWSFGILLYEIVTYGKIPY
#P07948	KIPYPGRTNADVMTALSQGYRMPRVENCPDELY
#P07948	CWKEKAEERPTFDYLQSVLDDFYTATEGQYQQQ
#P08047	GVGGNNGGNGNGGGAFSQARSSSTGSSSSTGGG
#P08047	NGGNGNGGGAFSQARSSSTGSSSSTGGGGQESQ
#P08047	GGNGNGGGAFSQARSSSTGSSSSTGGGGQESQP
#P08047	GNGGGAFSQARSSSTGSSSSTGGGGQESQPSPL
#P08047	NGGGAFSQARSSSTGSSSSTGGGGQESQPSPLA
#P08047	GGGAFSQARSSSTGSSSSTGGGGQESQPSPLAL
#P08047	GGAFSQARSSSTGSSSSTGGGGQESQPSPLALL
#P08047	SSSTGSSSSTGGGGQESQPSPLALLAATCSRIE
#P08047	TGSSSSTGGGGQESQPSPLALLAATCSRIESPN
#P08047	GQESQPSPLALLAATCSRIESPNENSNNSQGPS
#P08047	QPSPLALLAATCSRIESPNENSNNSQGPSQSGG
#P08047	ALLAATCSRIESPNENSNNSQGPSQSGGTGELD
#P08047	AATCSRIESPNENSNNSQGPSQSGGTGELDLTA
#P08047	SRIESPNENSNNSQGPSQSGGTGELDLTATQLS
#P08047	IESPNENSNNSQGPSQSGGTGELDLTATQLSQG
#P08047	SQSGGTGELDLTATQLSQGANGWQIISSSSGAT
#P08047	LTATQLSQGANGWQIISSSSGATPTSKEQSGSS
#P08047	TATQLSQGANGWQIISSSSGATPTSKEQSGSST
#P08047	ATQLSQGANGWQIISSSSGATPTSKEQSGSSTN
#P08047	TQLSQGANGWQIISSSSGATPTSKEQSGSSTNG
#P08047	ANGWQIISSSSGATPTSKEQSGSSTNGSNGSES
#P08047	QIISSSSGATPTSKEQSGSSTNGSNGSESSKNR
#P08047	ISSSSGATPTSKEQSGSSTNGSNGSESSKNRTV
#P08047	SSSSGATPTSKEQSGSSTNGSNGSESSKNRTVS
#P08047	GATPTSKEQSGSSTNGSNGSESSKNRTVSGGQY
#P08047	PTSKEQSGSSTNGSNGSESSKNRTVSGGQYVVA
#P08047	SKEQSGSSTNGSNGSESSKNRTVSGGQYVVAAA
#P08047	KEQSGSSTNGSNGSESSKNRTVSGGQYVVAAAP
#P08047	STNGSNGSESSKNRTVSGGQYVVAAAPNLQNQQ
#P08047	QQLQFAATGAQVQQDGSGQIQIIPGANQQIITN
#P08047	IQIIPGANQQIITNRGSGGNIIAAMPNLLQQAV
#P08047	LLQQAVPLQGLANNVLSGQTQYVTNVPVALNGN
#P08047	NVPVALNGNITLLPVNSVSAATLTPSSQAVTIS
#P08047	PVALNGNITLLPVNSVSAATLTPSSQAVTISSS
#P08047	ITLLPVNSVSAATLTPSSQAVTISSSGSQESGS
#P08047	TLLPVNSVSAATLTPSSQAVTISSSGSQESGSQ
#P08047	SVSAATLTPSSQAVTISSSGSQESGSQPVTSGT
#P08047	VSAATLTPSSQAVTISSSGSQESGSQPVTSGTT
#P08047	SAATLTPSSQAVTISSSGSQESGSQPVTSGTTI
#P08047	ATLTPSSQAVTISSSGSQESGSQPVTSGTTISS
#P08047	TPSSQAVTISSSGSQESGSQPVTSGTTISSASL
#P08047	SSQAVTISSSGSQESGSQPVTSGTTISSASLVS
#P08047	TISSSGSQESGSQPVTSGTTISSASLVSSQASS
#P08047	GSQESGSQPVTSGTTISSASLVSSQASSSSFFT
#P08047	SQESGSQPVTSGTTISSASLVSSQASSSSFFTN
#P08047	ESGSQPVTSGTTISSASLVSSQASSSSFFTNAN
#P08047	SQPVTSGTTISSASLVSSQASSSSFFTNANSYS
#P08047	QPVTSGTTISSASLVSSQASSSSFFTNANSYST
#P08047	TSGTTISSASLVSSQASSSSFFTNANSYSTTTT
#P08047	SGTTISSASLVSSQASSSSFFTNANSYSTTTTT
#P08047	GTTISSASLVSSQASSSSFFTNANSYSTTTTTS
#P08047	TTISSASLVSSQASSSSFFTNANSYSTTTTTSN
#P08047	LVSSQASSSSFFTNANSYSTTTTTSNMGIMNFT
#P08047	SSQASSSSFFTNANSYSTTTTTSNMGIMNFTTS
#P08047	SSFFTNANSYSTTTTTSNMGIMNFTTSGSSGTN
#P08047	STTTTTSNMGIMNFTTSGSSGTNSQGQTPQRVS
#P08047	TTTTSNMGIMNFTTSGSSGTNSQGQTPQRVSGL
#P08047	TTTSNMGIMNFTTSGSSGTNSQGQTPQRVSGLQ
#P08047	NMGIMNFTTSGSSGTNSQGQTPQRVSGLQGSDA
#P08047	SGSSGTNSQGQTPQRVSGLQGSDALNIQQNQTS
#P08047	TNSQGQTPQRVSGLQGSDALNIQQNQTSGGSLQ
#P08047	SGLQGSDALNIQQNQTSGGSLQAGQQKEGEQNQ
#P08047	QGSDALNIQQNQTSGGSLQAGQQKEGEQNQQTQ
#P08047	LVQGGQALQALQAAPLSGQTFTTQAISQETLQN
#P08047	LQAAPLSGQTFTTQAISQETLQNLQLQAVPNSG
#P08047	ISQETLQNLQLQAVPNSGPIIIRTPTVGPNGQV
#P08047	GPIIIRTPTVGPNGQVSWQTLQLQNLQVQNPQA
#P08047	QNPQAQTITLAPMQGVSLGQTSSSNTTLTPIAS
#P08047	QTITLAPMQGVSLGQTSSSNTTLTPIASAASIP
#P08047	TITLAPMQGVSLGQTSSSNTTLTPIASAASIPA
#P08047	ITLAPMQGVSLGQTSSSNTTLTPIASAASIPAG
#P08047	SLGQTSSSNTTLTPIASAASIPAGTVTVNAAQL
#P08047	QTSSSNTTLTPIASAASIPAGTVTVNAAQLSSM
#P08047	AASIPAGTVTVNAAQLSSMPGLQTINLSALGTS
#P08047	ASIPAGTVTVNAAQLSSMPGLQTINLSALGTSG
#P08047	NAAQLSSMPGLQTINLSALGTSGIQVHPIQGLP
#P08047	SSMPGLQTINLSALGTSGIQVHPIQGLPLAIAN
#P08047	GDGIHDDTAGGEEGENSPDAQPQAGRRTRREAC
#P08047	GRRTRREACTCPYCKDSEGRGSGDPGKKKQHIC
#P08047	REACTCPYCKDSEGRGSGDPGKKKQHICHIQGC
#P08047	QHICHIQGCGKVYGKTSHLRAHLRWHTGERPFM
#P08047	AHLRWHTGERPFMCTWSYCGKRFTRSDELQRHK
#P08047	RPFMCTWSYCGKRFTRSDELQRHKRTHTGEKKF
#P08047	GEKKFACPECPKRFMRSDHLSKHIKTHQNKKGG
#P08047	FACPECPKRFMRSDHLSKHIKTHQNKKGGPGVA
#P08047	HIKTHQNKKGGPGVALSVGTLPLDSGAGSEGSG
#P08047	KGGPGVALSVGTLPLDSGAGSEGSGTATPSALI
#P08047	GVALSVGTLPLDSGAGSEGSGTATPSALITTNM
#P08047	LSVGTLPLDSGAGSEGSGTATPSALITTNMVAM
#P08047	PLDSGAGSEGSGTATPSALITTNMVAMEAICPE
#P08047	VAMEAICPEGIARLANSGINVMQVADLQSINIS
#P08047	NNGGNGNGGGAFSQARSSSTGSSSSTGGGGQES
#P08069	LENCTVIEGYLHILLISKAEDYRSYRFPKLTVI
#P08069	EGYLHILLISKAEDYRSYRFPKLTVITEYLLLF
#P08069	TVITEYLLLFRVAGLESLGDLFPNLTVIRGWKL
#P08069	TRGAIRIEKNADLCYLSTVDWSLILDAVSNNYI
#P08069	RIEKNADLCYLSTVDWSLILDAVSNNYIVGNKP
#P08069	LCYLSTVDWSLILDAVSNNYIVGNKPPKECGDL
#P08069	YNYRCWTTNRCQKMCPSTCGKRACTENNECCHP
#P08069	RACTENNECCHPECLGSCSAPDNDTACVACRHY
#P08069	CTENNECCHPECLGSCSAPDNDTACVACRHYYY
#P08069	FEGWRCVDRDFCANILSAESSDSEGFVIHDGEC
#P08069	WRCVDRDFCANILSAESSDSEGFVIHDGECMQE
#P08069	RCVDRDFCANILSAESSDSEGFVIHDGECMQEC
#P08069	VDRDFCANILSAESSDSEGFVIHDGECMQECPS
#P08069	SEGFVIHDGECMQECPSGFIRNGSQSMYCIPCE
#P08069	DGECMQECPSGFIRNGSQSMYCIPCEGPCPKVC
#P08069	ECMQECPSGFIRNGSQSMYCIPCEGPCPKVCEE
#P08069	PCPKVCEEEKKTKTIDSVTSAQMLQGCTIFKGN
#P08069	KVCEEEKKTKTIDSVTSAQMLQGCTIFKGNLLI
#P08069	FKGNLLINIRRGNNIASELENFMGLIEVVTGYV
#P08069	FMGLIEVVTGYVKIRHSHALVSLSFLKNLRLIL
#P08069	EVVTGYVKIRHSHALVSLSFLKNLRLILGEEQL
#P08069	VTGYVKIRHSHALVSLSFLKNLRLILGEEQLEG
#P08069	KNLRLILGEEQLEGNYSFYVLDNQNLQQLWDWD
#P08069	IKAGKMYFAFNPKLCVSEIYRMEEVTGTKGRQS
#P08069	SEIYRMEEVTGTKGRQSKGDINTRNNGERASCE
#P08069	RQSKGDINTRNNGERASCESDVLHFTSTTTSKN
#P08069	KGDINTRNNGERASCESDVLHFTSTTTSKNRII
#P08069	NNGERASCESDVLHFTSTTTSKNRIIITWHRYR
#P08069	RASCESDVLHFTSTTTSKNRIIITWHRYRPPDY
#P08069	IITWHRYRPPDYRDLISFTVYYKEAPFKNVTEY
#P08069	APFKNVTEYDGQDACGSNSWNMVDVDLPPNKDV
#P08069	FKNVTEYDGQDACGSNSWNMVDVDLPPNKDVEP
#P08069	AVTLTMVENDHIRGAKSEILYIRTNASVPSIPL
#P08069	HIRGAKSEILYIRTNASVPSIPLDVLSASNSSS
#P08069	GAKSEILYIRTNASVPSIPLDVLSASNSSSQLI
#P08069	YIRTNASVPSIPLDVLSASNSSSQLIVKWNPPS
#P08069	RTNASVPSIPLDVLSASNSSSQLIVKWNPPSLP
#P08069	NASVPSIPLDVLSASNSSSQLIVKWNPPSLPNG
#P08069	ASVPSIPLDVLSASNSSSQLIVKWNPPSLPNGN
#P08069	SVPSIPLDVLSASNSSSQLIVKWNPPSLPNGNL
#P08069	SASNSSSQLIVKWNPPSLPNGNLSYYIVRWQRQ
#P08069	QLIVKWNPPSLPNGNLSYYIVRWQRQPQDGYLY
#P08069	WQRQPQDGYLYRHNYCSKDKIPIRKYADGTIDI
#P08069	KEEAEYRKVFENFLHNSIFVPRPERKRRDVMQV
#P08069	PERKRRDVMQVANTTMSSRSRNTTAADTYNITD
#P08069	ERKRRDVMQVANTTMSSRSRNTTAADTYNITDP
#P08069	KRRDVMQVANTTMSSRSRNTTAADTYNITDPEE
#P08069	NITDPEELETEYPFFESRVDNKERTVISNLRPF
#P08069	YPFFESRVDNKERTVISNLRPFTLYRIDIHSCN
#P08069	VISNLRPFTLYRIDIHSCNHEAEKLGCSASNFV
#P08069	RIDIHSCNHEAEKLGCSASNFVFARTMPAEGAD
#P08069	DIHSCNHEAEKLGCSASNFVFARTMPAEGADDI
#P08069	ADDIPGPVTWEPRPENSIFLKWPEPENPNGLIL
#P08069	PENPNGLILMYEIKYGSQVEDQRECVSRQEYRK
#P08069	YEIKYGSQVEDQRECVSRQEYRKYGGAKLNRLN
#P08069	LNRLNPGNYTARIQATSLSGNGSWTDPVFFYVQ
#P08069	RLNPGNYTARIQATSLSGNGSWTDPVFFYVQAK
#P08069	GNYTARIQATSLSGNGSWTDPVFFYVQAKTGYE
#P08069	GGLVIMLYVFHRKRNNSRLGNGVLYASVNPEYF
#P08069	HRKRNNSRLGNGVLYASVNPEYFSAADVYVPDE
#P08069	RLGNGVLYASVNPEYFSAADVYVPDEWEVAREK
#P08069	VYVPDEWEVAREKITMSRELGQGSFGMVYEGVA
#P08069	EVAREKITMSRELGQGSFGMVYEGVAKGVVKDE
#P08069	DEPETRVAIKTVNEAASMRERIEFLNEASVMKE
#P08069	NEAASMRERIEFLNEASVMKEFNCHHVVRLLGV
#P08069	MKEFNCHHVVRLLGVVSQGQPTLVIMELMTRGD
#P08069	QPTLVIMELMTRGDLKSYLRSLRPEMENNPVLA
#P08069	VIMELMTRGDLKSYLRSLRPEMENNPVLAPPSL
#P08069	RSLRPEMENNPVLAPPSLSKMIQMAGEIADGMA
#P08069	LRPEMENNPVLAPPSLSKMIQMAGEIADGMAYL
#P08069	DYYRKGGKGLLPVRWMSPESLKDGVFTTYSDVW
#P08069	RKGGKGLLPVRWMSPESLKDGVFTTYSDVWSFG
#P08069	RWMSPESLKDGVFTTYSDVWSFGVVLWEIATLA
#P08069	PESLKDGVFTTYSDVWSFGVVLWEIATLAEQPY
#P08069	VLWEIATLAEQPYQGLSNEQVLRFVMEGGLLDK
#P08069	FELMRMCWQYNPKMRPSFLEIISSIKEEMEPGF
#P08069	CWQYNPKMRPSFLEIISSIKEEMEPGFREVSFY
#P08069	WQYNPKMRPSFLEIISSIKEEMEPGFREVSFYY
#P08069	IISSIKEEMEPGFREVSFYYSEENKLPEPEELD
#P08069	IKEEMEPGFREVSFYYSEENKLPEPEELDLEPE
#P08069	KLPEPEELDLEPENMESVPLDPSASSSSLPLPD
#P08069	ELDLEPENMESVPLDPSASSSSLPLPDRHSGHK
#P08069	DLEPENMESVPLDPSASSSSLPLPDRHSGHKAE
#P08069	LEPENMESVPLDPSASSSSLPLPDRHSGHKAEN
#P08069	EPENMESVPLDPSASSSSLPLPDRHSGHKAENG
#P08069	PENMESVPLDPSASSSSLPLPDRHSGHKAENGP
#P08069	LDPSASSSSLPLPDRHSGHKAENGPGPGVLVLR
#P08107	GKVEIIANDQGNRTTPSYVAFTDTERLIGDAAK
#P08107	DAKRLIGRKFGDPVVQSDMKHWPFQVINDGDKP
#P08107	WPFQVINDGDKPKVQVSYKGETKAFYPEEISSM
#P08107	QVSYKGETKAFYPEEISSMVLTKMKEIAEAYLG
#P08107	VSYKGETKAFYPEEISSMVLTKMKEIAEAYLGY
#P08107	YPVTNAVITVPAYFNDSQRQATKDAGVIAGLNV
#P08107	ERNVLIFDLGGGTFDVSILTIDDGIFEVKATAG
#P08107	VNHFVEEFKRKHKKDISQNKRAVRRLRTACERA
#P08107	AVRRLRTACERAKRTLSSSTQASLEIDSLFEGI
#P08107	VRRLRTACERAKRTLSSSTQASLEIDSLFEGID
#P08107	RRLRTACERAKRTLSSSTQASLEIDSLFEGIDF
#P08107	TACERAKRTLSSSTQASLEIDSLFEGIDFYTSI
#P08107	AKRTLSSSTQASLEIDSLFEGIDFYTSITRARF
#P08107	ASLEIDSLFEGIDFYTSITRARFEELCSDLFRS
#P08107	IDFYTSITRARFEELCSDLFRSTLEPVEKALRD
#P08107	SITRARFEELCSDLFRSTLEPVEKALRDAKLDK
#P08107	AKLDKAQIHDLVLVGGSTRIPKVQKLLQDFFNG
#P08107	VQKLLQDFFNGRDLNKSINPDEAVAYGAAVQAA
#P08107	VAYGAAVQAAILMGDKSENVQDLLLLDVAPLSL
#P08107	KSENVQDLLLLDVAPLSLGLETAGGVMTALIKR
#P08107	GLETAGGVMTALIKRNSTIPTKQTQIFTTYSDN
#P08107	RNSTIPTKQTQIFTTYSDNQPGVLIQVYEGERA
#P08107	ERAMTKDNNLLGRFELSGIPPAPRGVPQIEVTF
#P08107	FDIDANGILNVTATDKSTGKANKITITNDKGRL
#P08107	TGKANKITITNDKGRLSKEEIERMVQEAEKYKA
#P08107	EAEKYKAEDEVQRERVSAKNALESYAFNMKSAV
#P08107	EDEVQRERVSAKNALESYAFNMKSAVEDEGLKG
#P08107	RVSAKNALESYAFNMKSAVEDEGLKGKISEADK
#P08107	FNMKSAVEDEGLKGKISEADKKKVLDKCQEVIS
#P08107	SEADKKKVLDKCQEVISWLDANTLAEKDEFEHK
#P08107	FEHKRKELEQVCNPIISGLYQGAGGPGPGGFGA
#P08138	SLGGAKEACPTGLYTHSGECCKACNLGEGVAQP
#P08138	AQPCGANQTVCEPCLDSVTFSDVVSATEPCKPC
#P08138	GANQTVCEPCLDSVTFSDVVSATEPCKPCTECV
#P08138	TVCEPCLDSVTFSDVVSATEPCKPCTECVGLQS
#P08138	SATEPCKPCTECVGLQSMSAPCVEADDAVCRCA
#P08138	TEPCKPCTECVGLQSMSAPCVEADDAVCRCAYG
#P08138	DETTGRCEACRVCEAGSGLVFSCQDKQNTVCEE
#P08138	RCEACRVCEAGSGLVFSCQDKQNTVCEECPDGT
#P08138	QDKQNTVCEECPDGTYSDEANHVDPCLPCTVCE
#P08138	WADAECEEIPGRWITRSTPPEGSDSTAPSTQEP
#P08138	EEIPGRWITRSTPPEGSDSTAPSTQEPEAPPEQ
#P08138	IPGRWITRSTPPEGSDSTAPSTQEPEAPPEQDL
#P08138	WITRSTPPEGSDSTAPSTQEPEAPPEQDLIAST
#P08138	PSTQEPEAPPEQDLIASTVAGVVTTVMGSSQPV
#P08138	DLIASTVAGVVTTVMGSSQPVVTRGTTDNLIPV
#P08138	LIASTVAGVVTTVMGSSQPVVTRGTTDNLIPVY
#P08138	PVVTRGTTDNLIPVYCSILAAVVVGLVAYIAFK
#P08138	AVVVGLVAYIAFKRWNSCKQNKQGANSRPVNQT
#P08138	AFKRWNSCKQNKQGANSRPVNQTPPPEGEKLHS
#P08138	PVNQTPPPEGEKLHSDSGISVDSQSLHDQQPHT
#P08138	QTPPPEGEKLHSDSGISVDSQSLHDQQPHTQTA
#P08138	PPEGEKLHSDSGISVDSQSLHDQQPHTQTASGQ
#P08138	EGEKLHSDSGISVDSQSLHDQQPHTQTASGQAL
#P08138	VDSQSLHDQQPHTQTASGQALKGDGGLYSSLPP
#P08138	TQTASGQALKGDGGLYSSLPPAKREEVEKLLNG
#P08138	QTASGQALKGDGGLYSSLPPAKREEVEKLLNGS
#P08138	SLPPAKREEVEKLLNGSAGDTWRHLAGELGYQP
#P08138	WRHLAGELGYQPEHIDSFTHEACPVRALLASWA
#P08138	IDSFTHEACPVRALLASWATQDSATLDALLAAL
#P08138	EACPVRALLASWATQDSATLDALLAALRRIQRA
#P08172	GSLSLVTIIGNILVMVSIKVNRHLQTVNNYFLF
#P08172	IKVNRHLQTVNNYFLFSLACADLIIGVFSMNLY
#P08172	YFLFSLACADLIIGVFSMNLYTLYTVIGYWPLG
#P08172	LGPVVCDLWLALDYVVSNASVMNLLIISFDRYF
#P08172	VVCDLWLALDYVVSNASVMNLLIISFDRYFCVT
#P08172	LDYVVSNASVMNLLIISFDRYFCVTKPLTYPVK
#P08172	RTTKMAGMMIAAAWVLSFILWAPAILFWQFIVG
#P08172	VGVRTVEDGECYIQFFSNAAVTFGTAIAAFYLP
#P08172	AFYLPVIIMTVLYWHISRASKSRIKKDKKEPVA
#P08172	LPVIIMTVLYWHISRASKSRIKKDKKEPVANQD
#P08172	VIIMTVLYWHISRASKSRIKKDKKEPVANQDPV
#P08172	RIKKDKKEPVANQDPVSPSLVQGRIVKPNNNNM
#P08172	KKDKKEPVANQDPVSPSLVQGRIVKPNNNNMPS
#P08172	SLVQGRIVKPNNNNMPSSDDGLEHNKIQNGKAP
#P08172	LVQGRIVKPNNNNMPSSDDGLEHNKIQNGKAPR
#P08172	PRDPVTENCVQGEEKESSNDSTSVSAVASNMRD
#P08172	RDPVTENCVQGEEKESSNDSTSVSAVASNMRDD
#P08172	ENCVQGEEKESSNDSTSVSAVASNMRDDEITQD
#P08172	CVQGEEKESSNDSTSVSAVASNMRDDEITQDEN
#P08172	EEKESSNDSTSVSAVASNMRDDEITQDENTVST
#P08172	ASNMRDDEITQDENTVSTSLGHSKDENSKQTCI
#P08172	NMRDDEITQDENTVSTSLGHSKDENSKQTCIRI
#P08172	DEITQDENTVSTSLGHSKDENSKQTCIRIGTKT
#P08172	DENTVSTSLGHSKDENSKQTCIRIGTKTPKSDS
#P08172	ENSKQTCIRIGTKTPKSDSCTPTNTTVEVVGSS
#P08172	SKQTCIRIGTKTPKSDSCTPTNTTVEVVGSSGQ
#P08172	KSDSCTPTNTTVEVVGSSGQNGDEKQNIVARKI
#P08172	SDSCTPTNTTVEVVGSSGQNGDEKQNIVARKIV
#P08172	KIVKMTKQPAKKKPPPSREKKVTRTILAILLAF
#P08172	IPNTVWTIGYWLCYINSTINPACYALCNATFKK
#P08172	VTENCVQGEEKESSNDSTSVSAVASNMRDDEIT
#P08183	LNNKSEKDKKEKKPTVSVFSMFRYSNWLDKLYM
#P08183	KSEKDKKEKKPTVSVFSMFRYSNWLDKLYMVVG
#P08183	KKEKKPTVSVFSMFRYSNWLDKLYMVVGTLAAI
#P08183	EMTDIFANAGNLEDLMSNITNRSDINDTGFFMN
#P08183	ANAGNLEDLMSNITNRSDINDTGFFMNLEEDMT
#P08183	FFMNLEEDMTRYAYYYSGIGAGVLVAAYIQVSF
#P08183	YSGIGAGVLVAAYIQVSFWCLAAGRQIHKIRKQ
#P08183	DVHDVGELNTRLTDDVSKINEGIGDKIGMFFQS
#P08183	SKINEGIGDKIGMFFQSMATFFTGFIVGFTRGW
#P08183	VGFTRGWKLTLVILAISPVLGLSAAVWAKILSS
#P08183	WKLTLVILAISPVLGLSAAVWAKILSSFTDKEL
#P08183	ISPVLGLSAAVWAKILSSFTDKELLAYAKAGAV
#P08183	SPVLGLSAAVWAKILSSFTDKELLAYAKAGAVA
#P08183	EEAKRIGIKKAITANISIGAAFLLIYASYALAF
#P08183	ITANISIGAAFLLIYASYALAFWYGTTLVLSGE
#P08183	YASYALAFWYGTTLVLSGEYSIGQVLTVFFSVL
#P08183	ALAFWYGTTLVLSGEYSIGQVLTVFFSVLIGAF
#P08183	VLSGEYSIGQVLTVFFSVLIGAFSVGQASPSIE
#P08183	IGQVLTVFFSVLIGAFSVGQASPSIEAFANARG
#P08183	TVFFSVLIGAFSVGQASPSIEAFANARGAAYEI
#P08183	FFSVLIGAFSVGQASPSIEAFANARGAAYEIFK
#P08183	ARGAAYEIFKIIDNKPSIDSYSKSGHKPDNIKG
#P08183	AAYEIFKIIDNKPSIDSYSKSGHKPDNIKGNLE
#P08183	YEIFKIIDNKPSIDSYSKSGHKPDNIKGNLEFR
#P08183	IFKIIDNKPSIDSYSKSGHKPDNIKGNLEFRNV
#P08183	KPDNIKGNLEFRNVHFSYPSRKEVKILKGLNLK
#P08183	NIKGNLEFRNVHFSYPSRKEVKILKGLNLKVQS
#P08183	SRKEVKILKGLNLKVQSGQTVALVGNSGCGKST
#P08183	LNLKVQSGQTVALVGNSGCGKSTTVQLMQRLYD
#P08183	QSGQTVALVGNSGCGKSTTVQLMQRLYDPTEGM
#P08183	TVQLMQRLYDPTEGMVSVDGQDIRTINVRFLRE
#P08183	IRTINVRFLREIIGVVSQEPVLFATTIAENIRY
#P08183	LPHKFDTLVGERGAQLSGGQKQRIAIARALVRN
#P08183	RALVRNPKILLLDEATSALDTESEAVVQVALDK
#P08183	PKILLLDEATSALDTESEAVVQVALDKARKGRT
#P08183	DKARKGRTTIVIAHRLSTVRNADVIAGFDDGVI
#P08183	MQTAGNEVELENAADESKSEIDALEMSSNDSRS
#P08183	TAGNEVELENAADESKSEIDALEMSSNDSRSSL
#P08183	ENAADESKSEIDALEMSSNDSRSSLIRKRSTRR
#P08183	NAADESKSEIDALEMSSNDSRSSLIRKRSTRRS
#P08183	DESKSEIDALEMSSNDSRSSLIRKRSTRRSVRG
#P08183	SKSEIDALEMSSNDSRSSLIRKRSTRRSVRGSQ
#P08183	KSEIDALEMSSNDSRSSLIRKRSTRRSVRGSQA
#P08183	LEMSSNDSRSSLIRKRSTRRSVRGSQAQDRKLS
#P08183	SNDSRSSLIRKRSTRRSVRGSQAQDRKLSTKEA
#P08183	RSSLIRKRSTRRSVRGSQAQDRKLSTKEALDES
#P08183	SQAQDRKLSTKEALDESIPPVSFWRIMKLNLTE
#P08183	RKLSTKEALDESIPPVSFWRIMKLNLTEWPYFV
#P08183	CAIINGGLQPAFAIIFSKIIGVFTRIDDPETKR
#P08183	IGVFTRIDDPETKRQNSNLFSLLFLALGIISFI
#P08183	TRIDDPETKRQNSNLFSLLFLALGIISFITFFL
#P08183	QNSNLFSLLFLALGIISFITFFLQGFTFGKAGE
#P08183	KAGEILTKRLRYMVFRSMLRQDVSWFDDPKNTT
#P08183	KRLRYMVFRSMLRQDVSWFDDPKNTTGALTTRL
#P08183	TTRLANDAAQVKGAIGSRLAVITQNIANLGTGI
#P08183	AVITQNIANLGTGIIISFIYGWQLTLLLLAIVP
#P08183	IVPIIAIAGVVEMKMLSGQALKDKKELEGAGKI
#P08183	AGKIATEAIENFRTVVSLTQEQKFEHMYAQSLQ
#P08183	VVSLTQEQKFEHMYAQSLQVPYRNSLRKAHIFG
#P08183	KFEHMYAQSLQVPYRNSLRKAHIFGITFSFTQA
#P08183	PYRNSLRKAHIFGITFSFTQAMMYFSYAGCFRF
#P08183	HIFGITFSFTQAMMYFSYAGCFRFGAYLVAHKL
#P08183	AGCFRFGAYLVAHKLMSFEDVLLVFSAVVFGAM
#P08183	LVAHKLMSFEDVLLVFSAVVFGAMAVGQVSSFA
#P08183	LVFSAVVFGAMAVGQVSSFAPDYAKAKISAAHI
#P08183	VFSAVVFGAMAVGQVSSFAPDYAKAKISAAHII
#P08183	VGQVSSFAPDYAKAKISAAHIIMIIEKTPLIDS
#P08183	SAAHIIMIIEKTPLIDSYSTEGLMPNTLEGNVT
#P08183	AHIIMIIEKTPLIDSYSTEGLMPNTLEGNVTFG
#P08183	VFNYPTRPDIPVLQGLSLEVKKGQTLALVGSSG
#P08183	GLSLEVKKGQTLALVGSSGCGKSTVVQLLERFY
#P08183	LSLEVKKGQTLALVGSSGCGKSTVVQLLERFYD
#P08183	KKGQTLALVGSSGCGKSTVVQLLERFYDPLAGK
#P08183	IKRLNVQWLRAHLGIVSQEPILFDCSIAENIAY
#P08183	RAHLGIVSQEPILFDCSIAENIAYGDNSRVVSQ
#P08183	ILFDCSIAENIAYGDNSRVVSQEEIVRAAKEAN
#P08183	CSIAENIAYGDNSRVVSQEEIVRAAKEANIHAF
#P08183	EIVRAAKEANIHAFIESLPNKYSTKVGDKGTQL
#P08183	KEANIHAFIESLPNKYSTKVGDKGTQLSGGQKQ
#P08183	LPNKYSTKVGDKGTQLSGGQKQRIAIARALVRQ
#P08183	RALVRQPHILLLDEATSALDTESEKVVQEALDK
#P08183	PHILLLDEATSALDTESEKVVQEALDKAREGRT
#P08183	DKAREGRTCIVIAHRLSTIQNADLIVVFQNGRV
#P08183	STRRSVRGSQAQDRKLSTKEALDESIPPVSFWR
#P08238	INTFYSNKEIFLRELISNASDALDKIRYESLTD
#P08238	FYSNKEIFLRELISNASDALDKIRYESLTDPSK
#P08238	ELISNASDALDKIRYESLTDPSKLDSGKELKID
#P08238	ASDALDKIRYESLTDPSKLDSGKELKIDIIPNP
#P08238	LDKIRYESLTDPSKLDSGKELKIDIIPNPQERT
#P08238	AGADISMIGQFGVGFYSAYLVAEKVVVITKHND
#P08238	VVVITKHNDDEQYAWESSAGGSFTVRADHGEPI
#P08238	VVITKHNDDEQYAWESSAGGSFTVRADHGEPIG
#P08238	KHNDDEQYAWESSAGGSFTVRADHGEPIGRGTK
#P08238	TEYLEERRVKEVVKKHSQFIGYPITLYLEKERE
#P08238	EEDKDDEEKPKIEDVGSDEEDDSGKDKKKKTKK
#P08238	EEKPKIEDVGSDEEDDSGKDKKKKTKKIKEKYI
#P08238	RNPDDITQEEYGEFYKSLTNDWEDHLAVKHFSV
#P08238	KSLTNDWEDHLAVKHFSVEGQLEFRALLFIPRR
#P08238	KKNNIKLYVRRVFIMDSCDELIPEYLNFIRGVV
#P08238	DELIPEYLNFIRGVVDSEDLPLNISREMLQQSK
#P08238	DSEDLPLNISREMLQQSKILKVIRKNIVKKCLE
#P08238	LKVIRKNIVKKCLELFSELAEDKENYKKFYEAF
#P08238	ELAEDKENYKKFYEAFSKNLKLGIHEDSTNRRR
#P08238	FYEAFSKNLKLGIHEDSTNRRRLSELLRYHTSQ
#P08238	NLKLGIHEDSTNRRRLSELLRYHTSQSGDEMTS
#P08238	DSTNRRRLSELLRYHTSQSGDEMTSLSEYVSRM
#P08238	TNRRRLSELLRYHTSQSGDEMTSLSEYVSRMKE
#P08238	SELLRYHTSQSGDEMTSLSEYVSRMKETQKSIY
#P08238	LLRYHTSQSGDEMTSLSEYVSRMKETQKSIYYI
#P08238	HTSQSGDEMTSLSEYVSRMKETQKSIYYITGES
#P08238	MTSLSEYVSRMKETQKSIYYITGESKEQVANSA
#P08238	SRMKETQKSIYYITGESKEQVANSAFVERVRKR
#P08238	KSIYYITGESKEQVANSAFVERVRKRGFEVVYM
#P08238	PIDEYCVQQLKEFDGKSLVSVTKEGLELPEDEE
#P08238	EYCVQQLKEFDGKSLVSVTKEGLELPEDEEEKK
#P08238	GLELPEDEEEKKKMEESKAKFENLCKLMKEILD
#P08238	KLMKEILDKKVEKVTISNRLVSSPCCIVTSTYG
#P08238	ILDKKVEKVTISNRLVSSPCCIVTSTYGWTANM
#P08238	LDKKVEKVTISNRLVSSPCCIVTSTYGWTANME
#P08238	VTISNRLVSSPCCIVTSTYGWTANMERIMKAQA
#P08238	TANMERIMKAQALRDNSTMGYMMAKKHLEINPD
#P08238	KAVKDLVVLLFETALLSSGFSLEDPQTHSNRIY
#P08238	AVKDLVVLLFETALLSSGFSLEDPQTHSNRIYR
#P08238	DLVVLLFETALLSSGFSLEDPQTHSNRIYRMIK
#P08238	TALLSSGFSLEDPQTHSNRIYRMIKLGLGIDED
#P08238	GYPITLYLEKEREKEISDDEAEEEKGEKEEEDK
#P08493	YELNPFINRRNANTFISPQQRWRAKVQERIRER
#P08493	PQQRWRAKVQERIRERSKPVHELNREACDDYRL
#P08559	LITAYRAHGFTFTRGLSVREILAELTGRKGGCA
#P08559	AELTGRKGGCAKGKGGSMHMYAKNFYGGNGIVG
#P08559	LPCIFICENNRYGMGTSVERAAASTDYYKRGDF
#P08559	ENNRYGMGTSVERAAASTDYYKRGDFIPGLRVD
#P08559	ILCVREATRFAAAYCRSGKGPILMELQTYRYHG
#P08559	KGPILMELQTYRYHGHSMSDPGVSYRTREEIQE
#P08559	LQTYRYHGHSMSDPGVSYRTREEIQEVRSKSDP
#P08559	DPGVSYRTREEIQEVRSKSDPIMLLKDRMVNSN
#P08559	GVSYRTREEIQEVRSKSDPIMLLKDRMVNSNLA
#P08559	RSKSDPIMLLKDRMVNSNLASVEELKEIDVEVR
#P08559	DPIMLLKDRMVNSNLASVEELKEIDVEVRKEIE
#P08559	TADPEPPLEELGYHIYSSDPPFEVRGANQWIKF
#P08559	ADPEPPLEELGYHIYSSDPPFEVRGANQWIKFK
#P08559	PILMELQTYRYHGHSMSDPGVSYRTREEIQEVR
#P08567	MWVVLLEDGIEFYKKKSDNSPKGMIPLKGSTLT
#P08567	VLLEDGIEFYKKKSDNSPKGMIPLKGSTLTSPC
#P08567	KKKSDNSPKGMIPLKGSTLTSPCQDFGKRMFVF
#P08567	DNSPKGMIPLKGSTLTSPCQDFGKRMFVFKITT
#P08567	KCIEGGQKFARKSTRRSIRLPETIDLGALYLSM
#P08567	RSIRLPETIDLGALYLSMKDTEKGIKELNLEKD
#P08567	IFNHCFTGNCVIDWLVSNQSVRNRQEGLMIASS
#P08567	HCFTGNCVIDWLVSNQSVRNRQEGLMIASSLLN
#P08567	VSNQSVRNRQEGLMIASSLLNEGYLQPAGDMSK
#P08567	SNQSVRNRQEGLMIASSLLNEGYLQPAGDMSKS
#P08567	ASSLLNEGYLQPAGDMSKSAVDGTAENPFLDNP
#P08567	SLLNEGYLQPAGDMSKSAVDGTAENPFLDNPDA
#P08567	ENPFLDNPDAFYYFPDSGFFCEENSSDDDVILK
#P08567	DAFYYFPDSGFFCEENSSDDDVILKEEFRGVII
#P08567	AFYYFPDSGFFCEENSSDDDVILKEEFRGVIIK
#P08567	AEDPLGAIHLRGCVVTSVESNSNGRKSEEENLF
#P08567	PLGAIHLRGCVVTSVESNSNGRKSEEENLFEII
#P08567	GAIHLRGCVVTSVESNSNGRKSEEENLFEIITA
#P08567	RGCVVTSVESNSNGRKSEEENLFEIITADEVHY
#P08567	KKAIKCIEGGQKFARKSTRRSIRLPETIDLGAL
#P08581	TGPVLEHPDCFPCQDCSSKANLSGGVWKDNINM
#P08581	GPVLEHPDCFPCQDCSSKANLSGGVWKDNINMA
#P08581	HPDCFPCQDCSSKANLSGGVWKDNINMALVVDT
#P08581	INMALVVDTYYDDQLISCGSVNRGTCQRHVFPH
#P08581	ALVVDTYYDDQLISCGSVNRGTCQRHVFPHNHT
#P08581	TCQRHVFPHNHTADIQSEVHCIFSPQIEEPSQC
#P08581	PHNHTADIQSEVHCIFSPQIEEPSQCPDCVVSA
#P08581	IQSEVHCIFSPQIEEPSQCPDCVVSALGAKVLS
#P08581	FSPQIEEPSQCPDCVVSALGAKVLSSVKDRFIN
#P08581	SQCPDCVVSALGAKVLSSVKDRFINFFVGNTIN
#P08581	QCPDCVVSALGAKVLSSVKDRFINFFVGNTINS
#P08581	SVKDRFINFFVGNTINSSYFPDHPLHSISVRRL
#P08581	VKDRFINFFVGNTINSSYFPDHPLHSISVRRLK
#P08581	VGNTINSSYFPDHPLHSISVRRLKETKDGFMFL
#P08581	NTINSSYFPDHPLHSISVRRLKETKDGFMFLTD
#P08581	RRLKETKDGFMFLTDQSYIDVLPEFRDSYPIKY
#P08581	FLTDQSYIDVLPEFRDSYPIKYVHAFESNNFIY
#P08581	PEFRDSYPIKYVHAFESNNFIYFLTVQRETLDA
#P08581	ETLDAQTFHTRIIRFCSINSGLHSYMEMPLECI
#P08581	DAQTFHTRIIRFCSINSGLHSYMEMPLECILTE
#P08581	FHTRIIRFCSINSGLHSYMEMPLECILTEKRKK
#P08581	MEMPLECILTEKRKKRSTKKEVFNILQAAYVSK
#P08581	RSTKKEVFNILQAAYVSKPGAQLARQIGASLND
#P08581	AYVSKPGAQLARQIGASLNDDILFGVFAQSKPD
#P08581	IGASLNDDILFGVFAQSKPDSAEPMDRSAMCAF
#P08581	LNDDILFGVFAQSKPDSAEPMDRSAMCAFPIKY
#P08581	GVFAQSKPDSAEPMDRSAMCAFPIKYVNDFFNK
#P08581	YGPNHEHCFNRTLLRNSSGCEARRDEYRTEFTT
#P08581	GPNHEHCFNRTLLRNSSGCEARRDEYRTEFTTA
#P08581	EFTTALQRVDLFMGQFSEVLLTSISTFIKGDLT
#P08581	QRVDLFMGQFSEVLLTSISTFIKGDLTIANLGT
#P08581	VDLFMGQFSEVLLTSISTFIKGDLTIANLGTSE
#P08581	ISTFIKGDLTIANLGTSEGRFMQVVVSRSGPST
#P08581	IANLGTSEGRFMQVVVSRSGPSTPHVNFLLDSH
#P08581	NLGTSEGRFMQVVVSRSGPSTPHVNFLLDSHPV
#P08581	TSEGRFMQVVVSRSGPSTPHVNFLLDSHPVSPE
#P08581	VSRSGPSTPHVNFLLDSHPVSPEVIVEHTLNQN
#P08581	GPSTPHVNFLLDSHPVSPEVIVEHTLNQNGYTL
#P08581	KITKIPLNGLGCRHFQSCSQCLSAPPFVQCGWC
#P08581	TKIPLNGLGCRHFQSCSQCLSAPPFVQCGWCHD
#P08581	LNGLGCRHFQSCSQCLSAPPFVQCGWCHDKCVR
#P08581	APPFVQCGWCHDKCVRSEECLSGTWTQQICLPA
#P08581	QCGWCHDKCVRSEECLSGTWTQQICLPAIYKVF
#P08581	WTQQICLPAIYKVFPNSAPLEGGTRLTICGWDF
#P08581	NNKFDLKKTRVLLGNESCTLTLSESTMNTLKCT
#P08581	KKTRVLLGNESCTLTLSESTMNTLKCTVGPAMN
#P08581	TRVLLGNESCTLTLSESTMNTLKCTVGPAMNKH
#P08581	TLKCTVGPAMNKHFNMSIIISNGHGTTQYSTFS
#P08581	TVGPAMNKHFNMSIIISNGHGTTQYSTFSYVDP
#P08581	FNMSIIISNGHGTTQYSTFSYVDPVITSISPKY
#P08581	SIIISNGHGTTQYSTFSYVDPVITSISPKYGPM
#P08581	GTTQYSTFSYVDPVITSISPKYGPMAGGTLLTL
#P08581	TQYSTFSYVDPVITSISPKYGPMAGGTLLTLTG
#P08581	PMAGGTLLTLTGNYLNSGNSRHISIGGKTCTLK
#P08581	GGTLLTLTGNYLNSGNSRHISIGGKTCTLKSVS
#P08581	LTLTGNYLNSGNSRHISIGGKTCTLKSVSNSIL
#P08581	GNSRHISIGGKTCTLKSVSNSILECYTPAQTIS
#P08581	SRHISIGGKTCTLKSVSNSILECYTPAQTISTE
#P08581	HISIGGKTCTLKSVSNSILECYTPAQTISTEFA
#P08581	SVSNSILECYTPAQTISTEFAVKLKIDLANRET
#P08581	TEFAVKLKIDLANRETSIFSYREDPIVYEIHPT
#P08581	AVKLKIDLANRETSIFSYREDPIVYEIHPTKSF
#P08581	FSYREDPIVYEIHPTKSFISGGSTITGVGKNLN
#P08581	REDPIVYEIHPTKSFISGGSTITGVGKNLNSVS
#P08581	PIVYEIHPTKSFISGGSTITGVGKNLNSVSVPR
#P08581	FISGGSTITGVGKNLNSVSVPRMVINVHEAGRN
#P08581	SGGSTITGVGKNLNSVSVPRMVINVHEAGRNFT
#P08581	NVHEAGRNFTVACQHRSNSEIICCTTPSLQQLN
#P08581	HEAGRNFTVACQHRSNSEIICCTTPSLQQLNLQ
#P08581	ACQHRSNSEIICCTTPSLQQLNLQLPLKTKAFF
#P08581	QLPLKTKAFFMLDGILSKYFDLIYVHNPVFKPF
#P08581	YVHNPVFKPFEKPVMISMGNENVLEIKGNDIDP
#P08581	IDPEAVKGEVLKVGNKSCENIHLHSEAVLCTVP
#P08581	EVLKVGNKSCENIHLHSEAVLCTVPNDLLKLNS
#P08581	SEAVLCTVPNDLLKLNSELNIEWKQAISSTVLG
#P08581	LLKLNSELNIEWKQAISSTVLGKVIVQPDQNFT
#P08581	LKLNSELNIEWKQAISSTVLGKVIVQPDQNFTG
#P08581	IVQPDQNFTGLIAGVVSISTALLLLLGFFLWLK
#P08581	QPDQNFTGLIAGVVSISTALLLLLGFFLWLKKR
#P08581	GFFLWLKKRKQIKDLGSELVRYDARVHTPHLDR
#P08581	VRYDARVHTPHLDRLVSARSVSPTTEMVSNESV
#P08581	DARVHTPHLDRLVSARSVSPTTEMVSNESVDYR
#P08581	RVHTPHLDRLVSARSVSPTTEMVSNESVDYRAT
#P08581	DRLVSARSVSPTTEMVSNESVDYRATFPEDQFP
#P08581	ESVDYRATFPEDQFPNSSQNGSCRQVQYPLTDM
#P08581	SVDYRATFPEDQFPNSSQNGSCRQVQYPLTDMS
#P08581	RATFPEDQFPNSSQNGSCRQVQYPLTDMSPILT
#P08581	SQNGSCRQVQYPLTDMSPILTSGDSDISSPLLQ
#P08581	CRQVQYPLTDMSPILTSGDSDISSPLLQNTVHI
#P08581	VQYPLTDMSPILTSGDSDISSPLLQNTVHIDLS
#P08581	PLTDMSPILTSGDSDISSPLLQNTVHIDLSALN
#P08581	LTDMSPILTSGDSDISSPLLQNTVHIDLSALNP
#P08581	SDISSPLLQNTVHIDLSALNPELVQAVQHVVIG
#P08581	LNPELVQAVQHVVIGPSSLIVHFNEVIGRGHFG
#P08581	NPELVQAVQHVVIGPSSLIVHFNEVIGRGHFGC
#P08581	GTLLDNDGKKIHCAVKSLNRITDIGEVSQFLTE
#P08581	HCAVKSLNRITDIGEVSQFLTEGIIMKDFSHPN
#P08581	GEVSQFLTEGIIMKDFSHPNVLSLLGICLRSEG
#P08581	LTEGIIMKDFSHPNVLSLLGICLRSEGSPLVVL
#P08581	DFSHPNVLSLLGICLRSEGSPLVVLPYMKHGDL
#P08581	HPNVLSLLGICLRSEGSPLVVLPYMKHGDLRNF
#P08581	LIGFGLQVAKGMKYLASKKFVHRDLAARNCMLD
#P08581	VADFGLARDMYDKEYYSVHNKTGAKLPVKWMAL
#P08581	HNKTGAKLPVKWMALESLQTQKFTTKSDVWSFG
#P08581	KWMALESLQTQKFTTKSDVWSFGVVLWELMTRG
#P08581	LESLQTQKFTTKSDVWSFGVVLWELMTRGAPPY
#P08581	YEVMLKCWHPKAEMRPSFSELVSRISAIFSTFI
#P08581	VMLKCWHPKAEMRPSFSELVSRISAIFSTFIGE
#P08581	CWHPKAEMRPSFSELVSRISAIFSTFIGEHYVH
#P08581	PKAEMRPSFSELVSRISAIFSTFIGEHYVHVNA
#P08581	MRPSFSELVSRISAIFSTFIGEHYVHVNATYVN
#P08581	HVNATYVNVKCVAPYPSLLSSEDNADDEVDTRP
#P08581	ATYVNVKCVAPYPSLLSSEDNADDEVDTRPASF
#P08581	TYVNVKCVAPYPSLLSSEDNADDEVDTRPASFW
#P08581	VSARSVSPTTEMVSNESVDYRATFPEDQFPNSS
#P08670	RPSSSRSYVTTSTRTYSLGSALRPSTSRSLYAS
#P08670	SSRSYVTTSTRTYSLGSALRPSTSRSLYASSPG
#P08670	VTTSTRTYSLGSALRPSTSRSLYASSPGGVYAT
#P08670	TSTRTYSLGSALRPSTSRSLYASSPGGVYATRS
#P08670	TRTYSLGSALRPSTSRSLYASSPGGVYATRSSA
#P08670	SLGSALRPSTSRSLYASSPGGVYATRSSAVRLR
#P08670	LGSALRPSTSRSLYASSPGGVYATRSSAVRLRS
#P08670	SRSLYASSPGGVYATRSSAVRLRSSVPGVRLLQ
#P08670	RSLYASSPGGVYATRSSAVRLRSSVPGVRLLQD
#P08670	SPGGVYATRSSAVRLRSSVPGVRLLQDSVDFSL
#P08670	PGGVYATRSSAVRLRSSVPGVRLLQDSVDFSLA
#P08670	AVRLRSSVPGVRLLQDSVDFSLADAINTEFKNT
#P08670	RSSVPGVRLLQDSVDFSLADAINTEFKNTRTNE
#P08670	NKILLAELEQLKGQGKSRLGDLYEEEMRELRRQ
#P08670	LQEEMLQREEAENTLQSFRQDVDNASLARLDLE
#P08670	EAENTLQSFRQDVDNASLARLDLERKVESLQEE
#P08670	VDNASLARLDLERKVESLQEEIAFLKKLHEEEI
#P08670	LQAQIQEQHVQIDVDVSKPDLTAALRDVRQQYE
#P08670	KPDLTAALRDVRQQYESVAAKNLQEAEEWYKSK
#P08670	ESVAAKNLQEAEEWYKSKFADLSEAANRNNDAL
#P08670	NLQEAEEWYKSKFADLSEAANRNNDALRQAKQE
#P08670	EAANRNNDALRQAKQESTEYRRQVQSLTCEVDA
#P08670	LRQAKQESTEYRRQVQSLTCEVDALKGTNESLE
#P08670	VQSLTCEVDALKGTNESLERQMREMEENFAVEA
#P08670	LDIEIATYRKLLEGEESRISLPLPNFSSLNLRE
#P08670	EIATYRKLLEGEESRISLPLPNFSSLNLRETNL
#P08670	LLEGEESRISLPLPNFSSLNLRETNLDSLPLVD
#P08670	LEGEESRISLPLPNFSSLNLRETNLDSLPLVDT
#P08670	PLPNFSSLNLRETNLDSLPLVDTHSKRTLLIKT
#P08670	NLRETNLDSLPLVDTHSKRTLLIKTVETRDGQV
#P08833	QCAPCSAEKLALCPPVSASCSEVTRSAGCGCCP
#P08833	APCSAEKLALCPPVSASCSEVTRSAGCGCCPMC
#P08833	CSAEKLALCPPVSASCSEVTRSAGCGCCPMCAL
#P08833	LALCPPVSASCSEVTRSAGCGCCPMCALPLGAA
#P08833	LGAACGVATARCARGLSCRALPGEQQPLHALTR
#P08833	QPLHALTRGQGACVQESDASAPHAAEAGSPESP
#P08833	HALTRGQGACVQESDASAPHAAEAGSPESPEST
#P08833	CVQESDASAPHAAEAGSPESPESTEITEEELLD
#P08833	ESDASAPHAAEAGSPESPESTEITEEELLDNFH
#P08833	ASAPHAAEAGSPESPESTEITEEELLDNFHLMA
#P08833	ELLDNFHLMAPSEEDHSILWDAISTYDGSKALH
#P08833	LMAPSEEDHSILWDAISTYDGSKALHVTNIKKW
#P08833	EEDHSILWDAISTYDGSKALHVTNIKKWKEPCR
#P08833	KKWKEPCRIELYRVVESLAKAQETSGEEISKFY
#P08833	IELYRVVESLAKAQETSGEEISKFYLPNCNKNG
#P08833	VVESLAKAQETSGEEISKFYLPNCNKNGFYHSR
#P08833	ISKFYLPNCNKNGFYHSRQCETSMDGEAGLCWC
#P08833	PNCNKNGFYHSRQCETSMDGEAGLCWCVYPWNG
#P08833	GLCWCVYPWNGKRIPGSPEIRGDPNCQIYFNVQ
#P08833	EITEEELLDNFHLMAPSEEDHSILWDAISTYDG
#P61224	FVQGIFVEKYDPTIEDSYRKQVEVDAQQCMLEI
#P61224	MRDLYMKNGQGFALVYSITAQSTFNDLQDLREQ
#P61224	MKNGQGFALVYSITAQSTFNDLQDLREQILRVK
#P61224	QGQNLARQWNNCAFLESSAKSKINVNEIFYDLV
#P61224	GQNLARQWNNCAFLESSAKSKINVNEIFYDLVR
#P61224	LARQWNNCAFLESSAKSKINVNEIFYDLVRQIN
#P09619	QGLVVTPPGPELVLNVSSTFVLTCSGSAPVVWE
#P09619	GLVVTPPGPELVLNVSSTFVLTCSGSAPVVWER
#P09619	GPELVLNVSSTFVLTCSGSAPVVWERMSQEPPQ
#P09619	ELVLNVSSTFVLTCSGSAPVVWERMSQEPPQEM
#P09619	FVLTCSGSAPVVWERMSQEPPQEMAKAQDGTFS
#P09619	SQEPPQEMAKAQDGTFSSVLTLTNLTGLDTGEY
#P09619	QEPPQEMAKAQDGTFSSVLTLTNLTGLDTGEYF
#P09619	NLTGLDTGEYFCTHNDSRGLETDERKRLYIFVP
#P09619	KGDVALPVPYDHQRGFSGIFEDRSYICKTTIGD
#P09619	VPYDHQRGFSGIFEDRSYICKTTIGDREVDSDA
#P09619	DRSYICKTTIGDREVDSDAYYVYRLQVSSINVS
#P09619	DREVDSDAYYVYRLQVSSINVSVNAVQTVVRQG
#P09619	REVDSDAYYVYRLQVSSINVSVNAVQTVVRQGE
#P09619	SDAYYVYRLQVSSINVSVNAVQTVVRQGENITL
#P09619	IGNEVVNFEWTYPRKESGRLVEPVTDFLLDMPY
#P09619	VEPVTDFLLDMPYHIRSILHIPSAELEDSGTYT
#P09619	FLLDMPYHIRSILHIPSAELEDSGTYTCNVTES
#P09619	YHIRSILHIPSAELEDSGTYTCNVTESVNDHQD
#P09619	SAELEDSGTYTCNVTESVNDHQDEKAINITVVE
#P09619	VNDHQDEKAINITVVESGYVRLLGEVGTLQFAE
#P09619	RLLGEVGTLQFAELHRSRTLQVVFEAYPPPTVL
#P09619	PPPTVLWFKDNRTLGDSSAGEIALSTRNVSETR
#P09619	PPTVLWFKDNRTLGDSSAGEIALSTRNVSETRY
#P09619	KDNRTLGDSSAGEIALSTRNVSETRYVSELTLV
#P09619	LGDSSAGEIALSTRNVSETRYVSELTLVRVKVA
#P09619	GEIALSTRNVSETRYVSELTLVRVKVAEAGHYT
#P09619	GHYTMRAFHEDAEVQLSFQLQINVPVRVLELSE
#P09619	LSFQLQINVPVRVLELSESHPDSGEQTVRCRGR
#P09619	FQLQINVPVRVLELSESHPDSGEQTVRCRGRGM
#P09619	INVPVRVLELSESHPDSGEQTVRCRGRGMPQPN
#P09619	TVRCRGRGMPQPNIIWSACRDLKRCPRELPPTL
#P09619	DLKRCPRELPPTLLGNSSEEESQLETNVTYWEE
#P09619	LKRCPRELPPTLLGNSSEEESQLETNVTYWEEE
#P09619	PRELPPTLLGNSSEEESQLETNVTYWEEEQEFE
#P09619	ETNVTYWEEEQEFEVVSTLRLQHVDRPLSVRCT
#P09619	FEVVSTLRLQHVDRPLSVRCTLRNAVGQDTQEV
#P09619	RNAVGQDTQEVIVVPHSLPFKVVVISAILALVV
#P09619	EVIVVPHSLPFKVVVISAILALVVLTIISLIIL
#P09619	VVVISAILALVVLTIISLIILIMLWQKKPRYEI
#P09619	LWQKKPRYEIRWKVIESVSSDGHEYIYVDPMQL
#P09619	QKKPRYEIRWKVIESVSSDGHEYIYVDPMQLPY
#P09619	KKPRYEIRWKVIESVSSDGHEYIYVDPMQLPYD
#P09619	DGHEYIYVDPMQLPYDSTWELPRDQLVLGRTLG
#P09619	TWELPRDQLVLGRTLGSGAFGQVVEATAHGLSH
#P09619	GSGAFGQVVEATAHGLSHSQATMKVAVKMLKST
#P09619	GAFGQVVEATAHGLSHSQATMKVAVKMLKSTAR
#P09619	LSHSQATMKVAVKMLKSTARSSEKQALMSELKI
#P09619	QATMKVAVKMLKSTARSSEKQALMSELKIMSHL
#P09619	ATMKVAVKMLKSTARSSEKQALMSELKIMSHLG
#P09619	KMLKSTARSSEKQALMSELKIMSHLGPHLNVVN
#P09619	ARSSEKQALMSELKIMSHLGPHLNVVNLLGACT
#P09619	LVDYLHRNKHTFLQHHSDKRRPPSAELYSNALP
#P09619	NKHTFLQHHSDKRRPPSAELYSNALPVGLPLPS
#P09619	LQHHSDKRRPPSAELYSNALPVGLPLPSHVSLT
#P09619	SAELYSNALPVGLPLPSHVSLTGESDGGYMDMS
#P09619	LYSNALPVGLPLPSHVSLTGESDGGYMDMSKDE
#P09619	LPVGLPLPSHVSLTGESDGGYMDMSKDESVDYV
#P09619	SHVSLTGESDGGYMDMSKDESVDYVPMLDMKGD
#P09619	LTGESDGGYMDMSKDESVDYVPMLDMKGDVKYA
#P09619	VPMLDMKGDVKYADIESSNYMAPYDNYVPSAPE
#P09619	PMLDMKGDVKYADIESSNYMAPYDNYVPSAPER
#P09619	DIESSNYMAPYDNYVPSAPERTCRATLINESPV
#P09619	VPSAPERTCRATLINESPVLSYMDLVGFSYQVA
#P09619	PERTCRATLINESPVLSYMDLVGFSYQVANGME
#P09619	LINESPVLSYMDLVGFSYQVANGMEFLASKNCV
#P09619	LVGFSYQVANGMEFLASKNCVHRDLAARNVLIC
#P09619	LVKICDFGLARDIMRDSNYISKGSTFLPLKWMA
#P09619	CDFGLARDIMRDSNYISKGSTFLPLKWMAPESI
#P09619	GLARDIMRDSNYISKGSTFLPLKWMAPESIFNS
#P09619	ISKGSTFLPLKWMAPESIFNSLYTTLSDVWSFG
#P09619	STFLPLKWMAPESIFNSLYTTLSDVWSFGILLW
#P09619	KWMAPESIFNSLYTTLSDVWSFGILLWEIFTLG
#P09619	PESIFNSLYTTLSDVWSFGILLWEIFTLGGTPY
#P09619	YNAIKRGYRMAQPAHASDEIYEIMQKCWEEKFE
#P09619	IMQKCWEEKFEIRPPFSQLVLLLERLLGEGYKK
#P09619	EGYKKKYQQVDEEFLRSDHPAILRSQARLPGFH
#P09619	QVDEEFLRSDHPAILRSQARLPGFHGLRSPLDT
#P09619	AILRSQARLPGFHGLRSPLDTSSVLYTAVQPNE
#P09619	QARLPGFHGLRSPLDTSSVLYTAVQPNEGDNDY
#P09619	ARLPGFHGLRSPLDTSSVLYTAVQPNEGDNDYI
#P09619	LPDPKPEVADEGPLEGSPSLASSTLNEVNTSST
#P09619	DPKPEVADEGPLEGSPSLASSTLNEVNTSSTIS
#P09619	PEVADEGPLEGSPSLASSTLNEVNTSSTISCDS
#P09619	EVADEGPLEGSPSLASSTLNEVNTSSTISCDSP
#P09619	EGSPSLASSTLNEVNTSSTISCDSPLEPQDEPE
#P09619	GSPSLASSTLNEVNTSSTISCDSPLEPQDEPEP
#P09619	SLASSTLNEVNTSSTISCDSPLEPQDEPEPEPQ
#P09619	SSTLNEVNTSSTISCDSPLEPQDEPEPEPQLEL
#P09693	IKGNHLVKVYDYQEDGSVLLTCDAEAKNITWFK
#P09693	KMIGFLTEDKKKWNLGSNAKDPRGMYQCKGSQN
#P09693	LGSNAKDPRGMYQCKGSQNKSKPLQVYYRMCQN
#P09693	AKDPRGMYQCKGSQNKSKPLQVYYRMCQNCIEL
#P09693	YYRMCQNCIELNAATISGFLFAEIVSIFVLAVG
#P09693	ELNAATISGFLFAEIVSIFVLAVGVYFIAGQDG
#P09693	GVYFIAGQDGVRQSRASDKQTLLPNDQLYQPLK
#P09693	LAVGVYFIAGQDGVRQSRASDKQTLLPNDQLYQ
#P10275	VREVIQNPGPRHPEAASAAPPGASLLLLQQQQQ
#P10275	PGPRHPEAASAAPPGASLLLLQQQQQQQQQQQQ
#P10275	QQQQQQQQQQQQQQETSPRQQQQQQGEDGSPQA
#P10275	QETSPRQQQQQQGEDGSPQAHRRGPTGYLVLDE
#P10275	RRGPTGYLVLDEEQQPSQPQSALECHPERGCVP
#P10275	TGYLVLDEEQQPSQPQSALECHPERGCVPEPGA
#P10275	HPERGCVPEPGAAVAASKGLPQQLPAPPDEDDS
#P10275	SKGLPQQLPAPPDEDDSAAPSTLSLLGPTFPGL
#P10275	PQQLPAPPDEDDSAAPSTLSLLGPTFPGLSSCS
#P10275	LPAPPDEDDSAAPSTLSLLGPTFPGLSSCSADL
#P10275	AAPSTLSLLGPTFPGLSSCSADLKDILSEASTM
#P10275	APSTLSLLGPTFPGLSSCSADLKDILSEASTMQ
#P10275	STLSLLGPTFPGLSSCSADLKDILSEASTMQLL
#P10275	TFPGLSSCSADLKDILSEASTMQLLQQQQQEAV
#P10275	GLSSCSADLKDILSEASTMQLLQQQQQEAVSEG
#P10275	EASTMQLLQQQQQEAVSEGSSSGRAREASGAPT
#P10275	TMQLLQQQQQEAVSEGSSSGRAREASGAPTSSK
#P10275	MQLLQQQQQEAVSEGSSSGRAREASGAPTSSKD
#P10275	QLLQQQQQEAVSEGSSSGRAREASGAPTSSKDN
#P10275	QEAVSEGSSSGRAREASGAPTSSKDNYLGGTST
#P10275	EGSSSGRAREASGAPTSSKDNYLGGTSTISDNA
#P10275	GSSSGRAREASGAPTSSKDNYLGGTSTISDNAK
#P10275	ASGAPTSSKDNYLGGTSTISDNAKELCKAVSVS
#P10275	APTSSKDNYLGGTSTISDNAKELCKAVSVSMGL
#P10275	GTSTISDNAKELCKAVSVSMGLGVEALEHLSPG
#P10275	STISDNAKELCKAVSVSMGLGVEALEHLSPGEQ
#P10275	AVSVSMGLGVEALEHLSPGEQLRGDCMYAPLLG
#P10275	PAVRPTPCAPLAECKGSLLDDSAGKSTEDTAEY
#P10275	TPCAPLAECKGSLLDDSAGKSTEDTAEYSPFKG
#P10275	PLAECKGSLLDDSAGKSTEDTAEYSPFKGGYTK
#P10275	EYSPFKGGYTKGLEGESLGCSGSAAAGSSGTLE
#P10275	FKGGYTKGLEGESLGCSGSAAAGSSGTLELPST
#P10275	GGYTKGLEGESLGCSGSAAAGSSGTLELPSTLS
#P10275	GLEGESLGCSGSAAAGSSGTLELPSTLSLYKSG
#P10275	LEGESLGCSGSAAAGSSGTLELPSTLSLYKSGA
#P10275	CSGSAAAGSSGTLELPSTLSLYKSGALDEAAAY
#P10275	SAAAGSSGTLELPSTLSLYKSGALDEAAAYQSR
#P10275	GSSGTLELPSTLSLYKSGALDEAAAYQSRDYYN
#P10275	LSLYKSGALDEAAAYQSRDYYNFPLALAGPPPP
#P10275	PHPHARIKLENPLDYGSAWAAAAAQCRYGDLAS
#P10275	SAWAAAAAQCRYGDLASLHGAGAAGPGSGSPSA
#P10275	YGDLASLHGAGAAGPGSGSPSAAASSSWHTLFT
#P10275	DLASLHGAGAAGPGSGSPSAAASSSWHTLFTAE
#P10275	ASLHGAGAAGPGSGSPSAAASSSWHTLFTAEEG
#P10275	GAGAAGPGSGSPSAAASSSWHTLFTAEEGQLYG
#P10275	AGAAGPGSGSPSAAASSSWHTLFTAEEGQLYGP
#P10275	GAAGPGSGSPSAAASSSWHTLFTAEEGQLYGPC
#P10275	APYGYTRPPQGLAGQESDFTAPDVWYPGGMVSR
#P10275	ESDFTAPDVWYPGGMVSRVPYPSPTCVKSEMGP
#P10275	PDVWYPGGMVSRVPYPSPTCVKSEMGPWMDSYS
#P10275	GGMVSRVPYPSPTCVKSEMGPWMDSYSGPYGDM
#P10275	YPSPTCVKSEMGPWMDSYSGPYGDMRLETARDH
#P10275	SPTCVKSEMGPWMDSYSGPYGDMRLETARDHVL
#P10275	YYFPPQKTCLICGDEASGCHYGALTCGSCKVFF
#P10275	CGDEASGCHYGALTCGSCKVFFKRAAEGKQKYL
#P10275	VFFKRAAEGKQKYLCASRNDCTIDKFRRKNCPS
#P10275	SRNDCTIDKFRRKNCPSCRLRKCYEAGMTLGAR
#P10275	KLKKLGNLKLQEEGEASSTTSPTEETTQKLTVS
#P10275	LKKLGNLKLQEEGEASSTTSPTEETTQKLTVSH
#P10275	LGNLKLQEEGEASSTTSPTEETTQKLTVSHIEG
#P10275	SSTTSPTEETTQKLTVSHIEGYECQPIFLNVLE
#P10275	IEPGVVCAGHDNNQPDSFAALLSSLNELGERQL
#P10275	CAGHDNNQPDSFAALLSSLNELGERQLVHVVKW
#P10275	AGHDNNQPDSFAALLSSLNELGERQLVHVVKWA
#P10275	GFRNLHVDDQMAVIQYSWMGLMVFAMGWRSFTN
#P10275	IQYSWMGLMVFAMGWRSFTNVNSRMLYFAPDLV
#P10275	GLMVFAMGWRSFTNVNSRMLYFAPDLVFNEYRM
#P10275	LYFAPDLVFNEYRMHKSRMYSQCVRMRHLSQEF
#P10275	PDLVFNEYRMHKSRMYSQCVRMRHLSQEFGWLQ
#P10275	MHKSRMYSQCVRMRHLSQEFGWLQITPQEFLCM
#P10275	QITPQEFLCMKALLLFSIIPVDGLKNQKFFDEL
#P10275	IKELDRIIACKRKNPTSCSRRFYQLTKLLDSVQ
#P10275	ELDRIIACKRKNPTSCSRRFYQLTKLLDSVQPI
#P10275	PTSCSRRFYQLTKLLDSVQPIARELHQFTFDLL
#P10275	PIARELHQFTFDLLIKSHMVSVDFPEMMAEIIS
#P10275	ELHQFTFDLLIKSHMVSVDFPEMMAEIISVQVP
#P10275	SHMVSVDFPEMMAEIISVQVPKILSGKVKPIYF
#P10275	LLDDSAGKSTEDTAEYSPFKGGYTKGLEGESLG
#P10276	PVPPYAFFFPPMLGGLSPPGALTTLQHQLPVSG
#P10276	LSPPGALTTLQHQLPVSGYSTPSPATIETQSSS
#P10276	PGALTTLQHQLPVSGYSTPSPATIETQSSSSEE
#P10276	LTTLQHQLPVSGYSTPSPATIETQSSSSEEIVP
#P10276	PVSGYSTPSPATIETQSSSSEEIVPSPPSPPPL
#P10276	VSGYSTPSPATIETQSSSSEEIVPSPPSPPPLP
#P10276	SGYSTPSPATIETQSSSSEEIVPSPPSPPPLPR
#P10276	GYSTPSPATIETQSSSSEEIVPSPPSPPPLPRI
#P10276	PATIETQSSSSEEIVPSPPSPPPLPRIYKPCFV
#P10276	IETQSSSSEEIVPSPPSPPPLPRIYKPCFVCQD
#P10276	PPLPRIYKPCFVCQDKSSGYHYGVSACEGCKGF
#P10276	PLPRIYKPCFVCQDKSSGYHYGVSACEGCKGFF
#P10276	PCFVCQDKSSGYHYGVSACEGCKGFFRRSIQKN
#P10276	HYGVSACEGCKGFFRRSIQKNMVYTCHRDKNCI
#P10276	NRCQYCRLQKCFEVGMSKESVRNDRNKKKKEVP
#P10276	QYCRLQKCFEVGMSKESVRNDRNKKKKEVPKPE
#P10276	RNDRNKKKKEVPKPECSESYTLTPEVGELIEKV
#P10276	DRNKKKKEVPKPECSESYTLTPEVGELIEKVRK
#P10276	ETFPALCQLGKYTTNNSSEQRVSLDIDLWDKFS
#P10276	TFPALCQLGKYTTNNSSEQRVSLDIDLWDKFSE
#P10276	CQLGKYTTNNSSEQRVSLDIDLWDKFSELSTKC
#P10276	SSEQRVSLDIDLWDKFSELSTKCIIKTVEFAKQ
#P10276	QRVSLDIDLWDKFSELSTKCIIKTVEFAKQLPG
#P10276	LRICTRYTPEQDTMTFSDGLTLNRTQMHNAGFG
#P10276	NQLLPLEMDDAETGLLSAICLICGDRQDLEQPD
#P10276	EPLLEALKVYVRKRRPSRPHMFPKMLMKITDLR
#P10276	RPHMFPKMLMKITDLRSISAKGAERVITLKMEI
#P10276	HMFPKMLMKITDLRSISAKGAERVITLKMEIPG
#P10276	AKGAERVITLKMEIPGSMPPLIQEMLENSEGLD
#P10276	EIPGSMPPLIQEMLENSEGLDTLSGQPGGGGRD
#P10276	PLIQEMLENSEGLDTLSGQPGGGGRDGGGLAPP
#P10276	PGGGGRDGGGLAPPPGSCSPSLSPSSNRSSPAT
#P10276	GGGRDGGGLAPPPGSCSPSLSPSSNRSSPATHS
#P10398	YLPNKQRTVVTVRDGMSVYDSLDKALKVRGLNQ
#P10398	KQRTVVTVRDGMSVYDSLDKALKVRGLNQDCCV
#P10398	EDVPLTMHNFVRKTFFSLAFCDFCLKFLFHGFR
#P10398	HGFRCQTCGYKFHQHCSSKVPTVCVDMSTNRQQ
#P10398	GFRCQTCGYKFHQHCSSKVPTVCVDMSTNRQQF
#P10398	FHQHCSSKVPTVCVDMSTNRQQFYHSVQDLSGG
#P10398	PTVCVDMSTNRQQFYHSVQDLSGGSRQHEAPSN
#P10398	DMSTNRQQFYHSVQDLSGGSRQHEAPSNRPLNE
#P10398	TNRQQFYHSVQDLSGGSRQHEAPSNRPLNELLT
#P10398	HSVQDLSGGSRQHEAPSNRPLNELLTPQGPSPR
#P10398	APSNRPLNELLTPQGPSPRTQHCDPEHFPFPAP
#P10398	HFPFPAPANAPLQRIRSTSTPNVHMVSTTAPMD
#P10398	PFPAPANAPLQRIRSTSTPNVHMVSTTAPMDSN
#P10398	PLQRIRSTSTPNVHMVSTTAPMDSNLIQLTGQS
#P10398	TSTPNVHMVSTTAPMDSNLIQLTGQSFSTDAAG
#P10398	STTAPMDSNLIQLTGQSFSTDAAGSRGGSDGTP
#P10398	TAPMDSNLIQLTGQSFSTDAAGSRGGSDGTPRG
#P10398	NLIQLTGQSFSTDAAGSRGGSDGTPRGSPSPAS
#P10398	LTGQSFSTDAAGSRGGSDGTPRGSPSPASVSSG
#P10398	AAGSRGGSDGTPRGSPSPASVSSGRKSPHSKSP
#P10398	SRGGSDGTPRGSPSPASVSSGRKSPHSKSPAEQ
#P10398	GGSDGTPRGSPSPASVSSGRKSPHSKSPAEQRE
#P10398	GSDGTPRGSPSPASVSSGRKSPHSKSPAEQRER
#P10398	TPRGSPSPASVSSGRKSPHSKSPAEQRERKSLA
#P10398	GSPSPASVSSGRKSPHSKSPAEQRERKSLADDK
#P10398	PSPASVSSGRKSPHSKSPAEQRERKSLADDKKK
#P10398	RKSPHSKSPAEQRERKSLADDKKKVKNLGYRDS
#P10398	SLADDKKKVKNLGYRDSGYYWEVPPSEVQLLKR
#P10398	KNLGYRDSGYYWEVPPSEVQLLKRIGTGSFGTV
#P10398	EVPPSEVQLLKRIGTGSFGTVFRGRWHGDVAVK
#P10398	FRGRWHGDVAVKVLKVSQPTAEQAQAFKNEMQV
#P10398	FMTRPGFAIITQWCEGSSLYHHLHVADTRFDMV
#P10398	MTRPGFAIITQWCEGSSLYHHLHVADTRFDMVQ
#P10398	GMDYLHAKNIIHRDLKSNNIFLHEGLTVKIGDF
#P10398	TVKIGDFGLATVKTRWSGAQPLEQPSGSVLWMA
#P10398	ATVKTRWSGAQPLEQPSGSVLWMAAEVIRMQDP
#P10398	VKTRWSGAQPLEQPSGSVLWMAAEVIRMQDPNP
#P10398	LWMAAEVIRMQDPNPYSFQSDVYAYGVVLYELM
#P10398	AAEVIRMQDPNPYSFQSDVYAYGVVLYELMTGS
#P10398	SDVYAYGVVLYELMTGSLPYSHIGCRDQIIFMV
#P10398	AYGVVLYELMTGSLPYSHIGCRDQIIFMVGRGY
#P10398	IGCRDQIIFMVGRGYLSPDLSKISSNCPKAMRR
#P10398	DQIIFMVGRGYLSPDLSKISSNCPKAMRRLLSD
#P10398	IFMVGRGYLSPDLSKISSNCPKAMRRLLSDCLK
#P10398	FMVGRGYLSPDLSKISSNCPKAMRRLLSDCLKF
#P10398	LSKISSNCPKAMRRLLSDCLKFQREERPLFPQI
#P10398	RPLFPQILATIELLQRSLPKIERSASEPSLHRT
#P10398	LATIELLQRSLPKIERSASEPSLHRTQADELPA
#P10398	TIELLQRSLPKIERSASEPSLHRTQADELPACL
#P10398	LLQRSLPKIERSASEPSLHRTQADELPACLLSA
#P10398	TDAAGSRGGSDGTPRGSPSPASVSSGRKSPHSK
#P10415	DVGAAPPGAAPAPGIFSSQPGHTPHPAASRDPV
#P10415	VGAAPPGAAPAPGIFSSQPGHTPHPAASRDPVA
#P10415	PGIFSSQPGHTPHPAASRDPVARTSPLQTPAAP
#P10415	PLQTPAAPGAAAGPALSPVPPVVHLTLRQAGDD
#P10415	VPPVVHLTLRQAGDDFSRRYRRDFAEMSSQLHL
#P10415	AGDDFSRRYRRDFAEMSSQLHLTPFTARGRFAT
#P10415	GDDFSRRYRRDFAEMSSQLHLTPFTARGRFATV
#P10415	GRIVAFFEFGGVMCVESVNREMSPLVDNIALWM
#P10415	FEFGGVMCVESVNREMSPLVDNIALWMTEYLNR
#P10415	IQDNGGWDAFVELYGPSMRPLFDFSWLSLKTLL
#P10415	AFVELYGPSMRPLFDFSWLSLKTLLSLALVGAC
#P10415	ELYGPSMRPLFDFSWLSLKTLLSLALVGACITL
#P10415	MRPLFDFSWLSLKTLLSLALVGACITLGAYLGH
#P10415	GHTPHPAASRDPVARTSPLQTPAAPGAAAGPAL
#P10636	TMHQDQEGDTDAGLKESPLQTPTEDGSEEPGSE
#P10636	DAGLKESPLQTPTEDGSEEPGSETSDAKSTPTA
#P10636	ESPLQTPTEDGSEEPGSETSDAKSTPTAEDVTA
#P10636	LQTPTEDGSEEPGSETSDAKSTPTAEDVTAPLV
#P10636	TEDGSEEPGSETSDAKSTPTAEDVTAPLVDEGA
#P10636	IPEGTTAEEAGIGDTPSLEDEAAGHVTQEPESG
#P10636	PSLEDEAAGHVTQEPESGKVVQEGFLREPGPPG
#P10636	KVVQEGFLREPGPPGLSHQLMSGMPGAPLLPEG
#P10636	GFLREPGPPGLSHQLMSGMPGAPLLPEGPREAT
#P10636	GAPLLPEGPREATRQPSGTGPEDTEGGRHAPEL
#P10636	QEGPPLKGAGGKERPGSKEEVDEDRDVDESSPQ
#P10636	RPGSKEEVDEDRDVDESSPQDSPPSKASPAQDG
#P10636	PGSKEEVDEDRDVDESSPQDSPPSKASPAQDGR
#P10636	EEVDEDRDVDESSPQDSPPSKASPAQDGRPPQT
#P10636	DEDRDVDESSPQDSPPSKASPAQDGRPPQTAAR
#P10636	RDVDESSPQDSPPSKASPAQDGRPPQTAAREAT
#P10636	PAQDGRPPQTAAREATSIPGFPAEGAIPLPVDF
#P10636	PGFPAEGAIPLPVDFLSKVSTEIPASEPDGPSV
#P10636	PAEGAIPLPVDFLSKVSTEIPASEPDGPSVGRA
#P10636	PLPVDFLSKVSTEIPASEPDGPSVGRAKGQDAP
#P10636	LSKVSTEIPASEPDGPSVGRAKGQDAPLEFTFH
#P10636	TFHVEITPNVQKEQAHSEEHLGRAAFPGAPGEG
#P10636	AAFPGAPGEGPEARGPSLGEDTKEADLPEPSEK
#P10636	GPSLGEDTKEADLPEPSEKQPAAAPRGKPVSRV
#P10636	EPSEKQPAAAPRGKPVSRVPQLKARMVSKSKDG
#P10636	RGKPVSRVPQLKARMVSKSKDGTGSDDKKAKTS
#P10636	KPVSRVPQLKARMVSKSKDGTGSDDKKAKTSTR
#P10636	PQLKARMVSKSKDGTGSDDKKAKTSTRSSAKTL
#P10636	SKSKDGTGSDDKKAKTSTRSSAKTLKNRPCLSP
#P10636	KDGTGSDDKKAKTSTRSSAKTLKNRPCLSPKLP
#P10636	DGTGSDDKKAKTSTRSSAKTLKNRPCLSPKLPT
#P10636	TSTRSSAKTLKNRPCLSPKLPTPGSSDPLIQPS
#P10636	TLKNRPCLSPKLPTPGSSDPLIQPSSPAVCPEP
#P10636	LKNRPCLSPKLPTPGSSDPLIQPSSPAVCPEPP
#P10636	SPKLPTPGSSDPLIQPSSPAVCPEPPSSPKHVS
#P10636	PKLPTPGSSDPLIQPSSPAVCPEPPSSPKHVSS
#P10636	DPLIQPSSPAVCPEPPSSPKHVSSVTSRTGSSG
#P10636	PLIQPSSPAVCPEPPSSPKHVSSVTSRTGSSGA
#P10636	SSPAVCPEPPSSPKHVSSVTSRTGSSGAKEMKL
#P10636	SPAVCPEPPSSPKHVSSVTSRTGSSGAKEMKLK
#P10636	VCPEPPSSPKHVSSVTSRTGSSGAKEMKLKGAD
#P10636	PPSSPKHVSSVTSRTGSSGAKEMKLKGADGKTK
#P10636	PSSPKHVSSVTSRTGSSGAKEMKLKGADGKTKI
#P10636	ATRIPAKTPPAPKTPPSSGEPPKSGDRSGYSSP
#P10636	TRIPAKTPPAPKTPPSSGEPPKSGDRSGYSSPG
#P10636	TPPAPKTPPSSGEPPKSGDRSGYSSPGSPGTPG
