#O14746	RTAQTQLSRKLPGTTLTALEAAANPALPSDFKT
#Q9NPI6	AGTSLPSVDLLQKLRLTPQHDQIQTQPLGKGAM
#Q9NPI6	KHAPTYTIPLSPVLSPTLPAEAPTAQVPPSLPR
#Q9NPI6	SDLERKASSPSPLTIGTPESQRKPSIILSKSQL
#Q9NPI6	TRSSDLERKASSPSPLTIGTPESQRKPSIILSK
#Q92841	GRTARSTNKGTAYTFFTPGNLKQARELIKVLEE
#Q86XP3	EEDNLEYDSDGNPIAPTKKIIDPLPPIDHSEID
#Q86XP3	DSSNVDLPYIPAENSPTRQQFHSKPVDSDSDDD
#Q86XP3	PTNSAQQGHNSPDSPVTSAAKGIPGFGNTGNIS
#Q6KC79	LVETKSSENKLETKVETQTEELKQNESRTTECK
#Q6KC79	PLRSPQPVCSPAGSEGTPKGSRPPLILQSQSLP
#Q6KC79	KSRPETPKQKGESRPETPKQKSDGHPETPKQKG
#Q6KC79	TSLLGGGSPKNNTAAETEDDESDGEDRGGGTSG
#Q14562	WKKHAFGGNKASYGKKTQMSILEQRESLPIYKL
#Q9BTC0	RPASSEKVKGGDDHDDTSDSDSDGLTLKELQNR
#Q9BTC0	SPDPRYLSVPPSPNISTSESRSPPEGDTTLFLS
#Q9BTC0	RRNSVERPAEPVAGAATPSLVEQQKMLEELNKQ
#Q9BTC0	KPSKYPLCSADAAVSTTPPGSPPPPPPLPEPPV
#Q9BTC0	KKPSKYPLCSADAAVSTTPPGSPPPPPPLPEPP
#Q7Z7B0	EMPMGRTILKVTPEKQTVPTPVRKYNSNANIIT
#Q7Z3B3	QSPRSPISPELHSAPLTPVARDTPRHLASEDTR
#P26358	GMADANSPPKPLSKPRTPRRSKSDGEAKPEPSP
#Q96N67	LNRSRSLSNSNPDISGTPTSPDDEVRSIIGSKG
#Q96N67	RSRSLSNSNPDISGTPTSPDDEVRSIIGSKGLD
#Q9NY33	LGNVLAVAYATQREKLTFLEEDDKDLYILWKGP
#O75691	EKEYTCKSLSDNGQPGTPDPADSGGTSAKESEC
#O75691	APDPRLPPQSCLLLPPTPVRGGQKAVVSRKTNM
#Q9Y6G9	GRPVDASPRVPGGSPRTPNRSVSSNVASVSPIP
#Q9Y6G9	SPAGGAGGGSSGLPPSTKKSGQKPVLDVHAELD
#Q9Y6G9	SEGVLANFFNSLLSKKTGSPGGPGVSGGSPAGG
#Q9Y6G9	YVEPGEDFPASPQRRNTASQEDKDDSVVLPLGA
#P11532	EHKGLSPLPSPPEMMPTSPQSPRDAELIAEAKL
#P11532	RKMRKEMNVLTEWLAATDMELTKRSAVEGMPSN
#P11532	KRYFAKHPRMGYLPVQTVLEGDNMETPVTLINF
#P11532	TSDSMGEEDLLSPPQDTSTGLEEVMEQLNNSFP
#P11532	PVDSAPASSPQLSHDDTHSRIEHYASRLAEMEN
#P11532	MGYLPVQTVLEGDNMETPVTLINFWPVDSAPAS
#Q9H8V3	IKKTSKKVTRAFSFSKTPKRALRRALMTSHGSV
#Q9H8V3	MDARAGETMYLYEKANTPELKKSVSMLSLNTPN
#Q9H8V3	ANTPELKKSVSMLSLNTPNSNRKRRRLKETLAQ
#Q9H8V3	NYGDTPKSCTKSSKSSTPVPSKQSARWQVAKEL
#P29692	NVLEKSSPGHRATAPQTQHVSPMRQVEPPAKKP
#P29692	HVSPMRQVEPPAKKPATPAEDDEDDDIDLFGSD
#P24534	GKYGPADVEDTTGSGATDSKDDDDIDLFGSDDE
#P24534	GVKKALGKYGPADVEDTTGSGATDSKDDDDIDL
#Q8WYP5	KWIPGAADDSKLEVFTTPKKCAVPVETEWLKSK
#Q8WYP5	DVRGLSQNQQIPQNSVTPRRGRRKKEVNQDILE
#Q8WYP5	GSPQAISRASELHLLETPLVVKKAKSLAMSVTT
#Q8WYP5	TTSGFSEFTPQSILRSTLRSTPLASPSPSPGRS
#Q8WYP5	FSEFTPQSILRSTLRSTPLASPSPSPGRSPQRL
#Q8WYP5	ASPSPSPGRSPQRLKETRISFVEEDVHPKWIPG
#Q8WYP5	PKWIPGAADDSKLEVFTTPKKCAVPVETEWLKS
#Q96AY2	DWKKPFPKIPEVPLHDTPERSAADNKDLILDPC
#Q96L91	GAGGAAGFGMTSPPPPTSPSRTAVPPGLSSLPL
#Q96L91	GEPGTASKPASPIGGPTQEEKTRLLKERLDQIY
#Q96L91	PGVLLPGAGGAAGFGMTSPPPPTSPSRTAVPPG
#Q96L91	LDSGMSGRKRKASISLTDDEVDDEEETIEEEEA
#Q96L91	QGQAQSPAQIKAVGKLTPEHLIKMQKQKLQMPP
#Q9UI08	RVQRPEDASGGSSPSGTSKSDANRASSGGGGGG
#Q96QU8	VWDKHSVTAATPPPSPTSGESGDLLSNLLQSPS
#Q96QU8	TGILETVWDKHSVTAATPPPSPTSGESGDLLSN
#O94988	RRQLKESKLKISEEDLTPRMRQRSNTLPKSFGS
#Q8ND56	SQGRSSPQLDPLRKSPTMEQAVQTASAHLPAPA
#Q8ND56	QLDPLRKSPTMEQAVQTASAHLPAPAAVGRRSP
#Q8ND56	SSAVGSAFTQDTRSLKTQLSQGRSSPQLDPLRK
#Q6PIJ6	DFVRTVNSGGSSEPSPTEVDVSRQCACSPGGSE
#Q8NHM5	EKPQELSGRKRASSLQTSPGSSSHLSPRPPLGS
#Q9H956	SQSLSRESPCSRLAQTTPVDSALGSSRHTPIGT
#Q9H8Y5	NPDAYDYNKAQVPGPLTPEMEARQATRKREQKA
#Q9H8Y5	RALAAERRLAAQLGAPTSPIPDSAIVNTRRCWS
#Q9H6S3	RQSIRNSQKHSPTSEPTPPGDALPPVSSPHTHR
#Q8NAV1	HRRRSYRDLDKPRRSPTLRYRRSRSRSPRRRSR
#Q8N201	SASALTGLTKRPKLSSTPPLSALGRLAEAAVAE
#Q8NCD3	HRTVLGADSKSGEVDATSDQEESVAWALAPAVP
#O14545	NHVTEGIPRLDSQPQETSPELPRRRVRHQGDLS
#Q86YP4	LSDNEQPSSPRVNGLTTVALKETSTEALMKSSP
#Q86YP4	RGLLASDLNTDGDMRVTPEPGAGPTQGLLRATE
#Q86YP4	EATAQKPTGSVGSTVTTPPPLVRGTQNIPAGKP
#Q8WXI9	PVDMSARRSEPERGRLTPSPDIIVLSDNEASSP
#Q9Y5B6	GKMADHLEGLSSDDEETSTDITNFNLEKDRISK
#Q8WUI4	TTERLSGSGLHWPLSRTRSEPLPPSATAPPPPG
#Q8WUI4	THPTLGPRGPILGSPHTPLFLPHGLEPEAGGTL
#Q9BYW2	DDTCMLHKKSESPFRETEPLVSPHQDKLMSMPV
#Q9BYW2	NTPDPSTKLSTEADTDTPKKLMFRRLKIISENS
#P16401	KAKKAGAAKAKKPAGATPKKAKKAAGAKKAVKK
#Q9BUJ2	RSPQPPAEEDEDDFDDTLVAIDTYNCDLHFKVA
#Q8IX15	IPTPPPSTRSLNERAETPPLPIPPPPPDIQPLE
#O60673	IQNLQEAKALHEIQNLTLISVELHARTRRDLEP
#O60673	TLEPSSSAKITFQCKHTSALSSHVLNKEDLIED
#Q7Z5K2	TIQDTMERSMDEFTASTPADLGEAGRLRKKADI
#Q7Z5K2	LNEAIEEDIVQSVLRPTNCRTYCRANKTKSSQG
#Q7Z5K2	KDAPTTQHDKSGEWQETSGEIQWVSTEKTDGTE
#Q7Z5K2	SKENTRKIFSGPKRSPTKAVYNARHWNHPDSEE
#Q7Z5K2	EHEKNSHHIHKNADDSTKKPNAETTVASEIKET
#Q96ST2	DSDSDAVSDKSGKREKTIASDSEEEAGKELSDK
#Q9Y4C1	VPTTVFKEILLGCTAATPPSKDPRQQSTPQAAN
#P42695	PRASAGHVAVSSPTPETGPLQRLLPKARPMSLS
#P42695	PCTPRASAGHVAVSSPTPETGPLQRLLPKARPM
#O15042	EKLESRSKDKKEKDECTPTRKERKRRHSTSPSP
#Q5VT52	TTSHNPLANILSKVEITPESILSALSKTQTQSA
#Q5VT52	SIDNIDGTPVRDERSGTPTQDEMMDKPTSSSVD
#Q5VT52	DFQRGPTSTSIDNIDGTPVRDERSGTPTQDEMM
#Q5VT52	KNTGVSPASRPSPGTPTSPSNLTSGLKTPAPAT
#Q5VT52	DNIDGTPVRDERSGTPTQDEMMDKPTSSSVDTM
#Q5VT52	GGEESQSPTMESEKSATPEPVTDNRDVEDMELS
#Q5VT52	VMKNTGVSPASRPSPGTPTSPSNLTSGLKTPAP
#Q5VT52	VDTMSLLSKIISPGSSTPSSTRSPPPGRDESYP
#Q86YS7	LQTTKTPVEKSLQRASTDNEELLQFPLELCSDS
#Q9UKJ3	CSGLNKQEPGGSHGSETEDTGRSLPSKKERSGK
#Q6DN90	LAHKEDKADTDTSCRSTPSLERQEQRLRVEHLP
#O94909	EEFWMKSAEIRRSLGLTPVDRSKGPEPSFPTPA
#O94909	PTQSPIRFQPAPAKTSTPLAPLPVQSQSDTKDR
#O94909	GVNGLEEPSIAKRLRGTPERIELENYRLSLRQA
#O94909	KTSTPLAPLPVQSQSDTKDRLGSPLAVDEALRR
#Q9UPT8	LEEGELEDDGAEETQDTSGGPERSRKEKGEKHH
#Q9UPT8	ASSRAAKPGPAEAPSPTASPSGDASPPATAPYD
#Q7LBC6	MPTLTPAFPRSLLNARTPENHENLFLQPPKLSR
#Q7LBC6	GGPSLSAMGNGRSSSPTSSLTQPIEMPTLSSSP
#Q86X10	RTNSGISSASGGSTEPTTPDSERPAQALLRDYA
#Q86X10	PTPVNRLSMPQSAAVSTTPPHNRRHRAVTVNKA
#A0FGR8	SSSLLASPGHISVKEPTPSIASDISLPIATQEL
#A0FGR8	HMSGSPGPGGSNTAPSTPVIGGSDKPGMEEKAQ
#Q8N1G0	GRLEETAGKGAGGALLTPKTEPEELAVSQGGAA
#Q9P207	CVAAFLDVVIGGRAVETPPLSSVNLLEGLSRTV
#Q9P1Y6	VVEPEAPPSPDVLQAATHRVVELRPPSRSRSTS
#Q9P1Y5	HTRPAELRLAPLTRVLTPPHDVDSLPHLRKFSP
#Q9P1Y5	LSDRPTKAPVYMPHPETPSKPSPCLVGEASKPP
#Q9P1Y5	KLLFWVDTTVRRLQEKTEQEAAQRASPAAPADG
#Q9BY89	WKESANKMSPSGGAPQTTPTLRSRPKDLPVRRK
#Q9BY89	VVLSGAESLLEHSRKITPPSSPHSLTSTLVSLG
#Q9BY89	LEHSRKITPPSSPHSLTSTLVSLGHEEALEMAG
#Q9BY89	KESANKMSPSGGAPQTTPTLRSRPKDLPVRRKT
#Q9BY89	ELSLKVPGEAQERRSPTVEPSTLPRERPVQLGG
#Q9BY89	KEQDVKSPVPSLRPSSTGPSPSGGLSEEPAAKD
#Q9H0B3	LSRRYDQAVTRPSRAQTQGPVKAETPKAPFQIC
#Q9H0B3	ARAPETPLSRRYDQAVTRPSRAQTQGPVKAETP
#Q96JM3	PSGSPDLWKLSPDQRKTSPASLDFPESQKSSRG
#Q6NYC8	SSRLSEAWKWRLSPGETPERSLRLAESREQSPR
#Q8NCN4	KRLPDGRVLSPLIIKSTPRNLNRSLQKQTSYEA
#Q8NCN4	GSGTSLEREQFEGLGSTPDAKLDKTCISRAMKI
#Q8IX03	PSQGPFLRGSTIIRSKTFSPGPQSQYVCRLNRS
#Q8IX03	PAPSPTVVRPKDRRVGTPSQGPFLRGSTIIRSK
#Q8IX03	MDGYPALKVDKETNTETPAPSPTVVRPKDRRVG
#Q6PKG0	LFDEEMEQMDGRKNTFTAWSDEESDYEIDDRDV
#Q6PKG0	LFGAPEPSTIARSLPTTVPESPNYRNTRTPRTP
#Q6PKG0	KLFGAPEPSTIARSLPTTVPESPNYRNTRTPRT
#Q6PKG0	PESPNYRNTRTPRTPRTPQLKDSSQTSRFYPVV
#Q6PKG0	YEIDDRDVNKILIVTQTPHYMRRHPGGDRTGNH
#Q6PKG0	TTVPESPNYRNTRTPRTPRTPQLKDSSQTSRFY
#Q6PKG0	VENFKKVNMISREQFDTLTPEPPVDPNQEVPPG
#Q6PKG0	HYQKETESAPGSPRAVTPVPTKTEEVSNLKTLP
#Q6PKG0	PKYMNNITYYFDNVSSTELYSVDQELLKDYIKR
#Q6PKG0	PSQSSSRPAAMISQPPTPPTGQPVREDAKWTSQ
#Q6PKG0	DFLFDEEMEQMDGRKNTFTAWSDEESDYEIDDR
#Q6PKG0	SARRPRPPCAKPHKEGTGQQERESPRPLQLPGA
#Q6PKG0	ESHVGWVMDSREHRPRTASISSSPSEGTPTVGS
#Q6PKG0	SSSPSEGTPTVGSYGCTPQSLPKFQHPSHELLK
#Q6PKG0	NFKKVNMISREQFDTLTPEPPVDPNQEVPPGPP
#O43561	MALCVHCHRLPGSYDSTSSDSLYPRGIQFKRPH
#O95835	GWYKNGKHPEHAFYEFTFRRFFDDNGYPYNYPK
#O95835	NGQRVNPPPPPQVRSVTPPPPPRGQTPPPRGTT
#ENSP00000341850	RCCKLKDRLPSIVVEPTEGEVESGELRWPPEEF
#Q8WVC0	GSEEDKAQRLLKAKKLTSDEEGEPSGKRKAEDD
#Q8WVC0	MKRKNAIASDSEADSDTEVPKDNSGTMDLFGGA
#Q8WVC0	DEDKLQNSDDDEKMQNTDDEERPQLSDDERQQL
#Q86X29	DDLTPPSTAESGSRSPTSNGGRSRAYMPPRSRS
#Q86X29	RARRPRARSVDALDDLTPPSTAESGSRSPTSNG
#Q96PK2	SGTKVIPSSGSKLKRPTPTFHSSRTSLAGDTSN
#Q96PK2	IDGILASKFPTTKLEMTAVADIFDRDGDGYIDY
#Q9UIS9	GAQPLPPPPPSQSPEPTEPHPRALAPSPPAEFI
#Q8IXS8	DSTQEGQKVLKVEVTPTVPRISRTAITTASIRR
#Q8N108	DESESAASSRAPSPPPTASNSSNSQSEKEDGTV
#Q8N108	QDAQEIIRPRRCKYFDTNSEVEEESEEDEDYIP
#Q8N4C8	SAQLDRTVGRRNTFIGTPYWMAPEVIACDENPD
#Q8N4C8	DFGVSAQLDRTVGRRNTFIGTPYWMAPEVIACD
#Q8N3F8	PAVPKSSSEPAVHAPGTPGNPVSLSTNSSLASS
#Q8N3F8	PAGRPTPAPRKASESTTPAPPTPRPRSSLQQEN
#Q8N3F8	GHPESTPKSLHPWYGITPTSSPKTKKRPAPRAP
#Q8N3F8	PESTPKSLHPWYGITPTSSPKTKKRPAPRAPSA
#Q8N3F8	TPAPRKASESTTPAPPTPRPRSSLQQENLVEQA
#Q9Y6X9	HVVRWKVKFDYVPTDTTPRDRWVEKGSEDVRLM
#Q9Y6X9	DVRLMKPPSPEHQSLDTQQEGGEEEVGPVAQQA
#Q9Y6X9	PNSKSPREVPSPKVIKTPVVKKTESPIKLSPAT
#Q9Y6X9	TPVVKKTESPIKLSPATPSRKRSVAVSDEEEVE
#O75592	YLRHEDEQALLDQNSQTPPPSPFSVQAFNKGAS
#Q9Y4I1	TIQGVSGVKPTGLRKRTSSIADEGTYTLDSILR
#Q9Y4I1	KPTGLRKRTSSIADEGTYTLDSILRQLNSFHSV
#Q9HCD5	QQHQIHRSCTVNIMFGTPQEHRNMPQADAMVLV
#Q9HCD5	SSQPLQSGQVLPSATPTPSAPPTSQQELQAKIL
#Q9HCD5	IINYLRERKERLMRSSTDSLPGPISRQPLGATS
#Q96RS0	KGYYIRDSGNNSGDQATEEEEGGYSCGTAESHD
#Q9H3P2	CQYLNKNALTTLAGPLTPPVKHFQLKRKPKSAT
#Q96TA1	GEEYSNSGGGGSPSPSTPESATLSEKRRRAKQV
#Q96TA1	NSGGGGSPSPSTPESATLSEKRRRAKQVVSVVQ
#Q96TA1	FEASPESPPPASPDGVTEIRGLLAQGLRPESPP
#Q9Y3T9	KQFKDLFDLNSSEEDDTEGFSERGILRPLSTRH
#Q9H1E3	ERKEKKMPKPRLKATVTPSPVKGKGKVGRPTAS
#Q9H1E3	KGKVGRPTASKASKEKTPSPKEEDEEPESPPEK
#Q5T4D3	MLYVRWRIMGTGPPAFTEVDNPASFADSMLVRA
#Q96ST3	RPSQNGCQIRRHPTGTTPPVKKKPKLLNLKDSS
#Q9BWT3	TKTVTPKRSHSPSIDGTPKRLKDVEKFIRLEST
#Q9BWT3	GLSIPVIGAKVDSTVKTVSPPTVCTIPTVVGRN
#O94913	NPKFLNKSPEEPSTPGTVVSSPSISTPPIVPDI
#O94913	IFEGPNKLSPRIDGPPTPASLRFDGSPGQMGGG
#O94913	LQEPCDSPKVKEERIDTPPACTEESIATPSEIK
#O94913	EEPSTPGTVVSSPSISTPPIVPDIQKNLTQEQL
#Q9H4Z3	PTGQSVPSSPSIPGTPTLKMWGTSPEDKQQAAL
#Q8IZL8	NHRAGSNEDPILAPSGTPPPTIPPDETFGGRVP
#Q8IZL8	GSNEDPILAPSGTPPPTIPPDETFGGRVPRPAF
#Q8IXK0	QGFLPEKLPQQDHTTTTDSEMEEPYLQESKEEG
#Q8NDX5	EEEMPEESDECVRMDRTPPPPTLSPAAITVGRG
#Q8NDX5	EESDECVRMDRTPPPPTLSPAAITVGRGEDLTS
#O94880	KKSKVLSRNSADDEELTNDSLTLSQSKSNEDSL
#Q96QT6	VDNVLYSCDFSEKTPPTPPSSIVAKVQSVIRRR
#Q96QT6	TDSRPLGSPPNATRVLTPPQAAGDGILATTANQ
#Q96BD5	KSHTETDEKQTESRTITPPAAPKPKREENPQKL
#Q93100	EELEPPKHSKVKRQSSTPSAPELGQQPDVNISE
#Q96BZ4	AAYIGTSNWSEDYFSSTAGVGLVVTQSPGAQPA
#P09884	KKKRSIGASPNPFSVHTATAVPSGKIASPVSRK
#Q86W56	VEKLENVSQLSLDKSPTEKSTQYLNQHQTAAMC
#Q86W56	SNANIDRSPQNDDHSDTDSEENRDNQQFLTTVK
#Q13136	KTLTDGVLDINHEQENTPSTSGKRSSDGSLSHE
#Q13427	EQEYRRRGRSRSRERRTPPGRSRSKDRRRRRRD
#Q13427	RTPSRSRSRDRFRRSETPPHWRQEMQRAQRMRV
#Q9GZV8	IPPPPADASLLPEGLRTSQLLPCSPSKQSEDGP
#Q9BZL6	FARIIGEKSFRRSVVGTPAYLAPEVLLNQGYNR
#Q9BZL6	SIPNNCSGARKRRLSSTSLASGHSVRLGTSESL
#Q9H1B7	EVGVGAGGKRPGSVSSTDQERELKEKQRNAEAL
#P42566	SVKSEDEPPALPPKIGTPTRPCPLPPGKRSINK
#O75400	EDIRERFVKEPAFEDITLESERKRIFKDFMHVL
#O75400	SNTGEETSKQETVADFTPKKEEEESQPAKKTYT
#O75400	HKSPKKKTGKDSGNWDTSGSELSEGELEKRRRT
#Q8TB72	DCKDFNRTPGSRQASPTEVVERLGPNTNPSEGL
#Q13610	ARPREPLEDGDPEDDRTLDDDELAEYDLDKYDE
#Q8TEU7	CVTSPKKDDRYREPPPTPPGYLGISLADLKEGP
#Q8IZ41	SIVSSSRKPISALSPQTDLVDDNAKSFSSQKAY
#Q8IY67	GGDREALGLGPPAAQLTPPPAPVGLRGSGLRGP
#Q8NDT2	GYTRHRNLDADLVRDRTPPHLLYSDRDRTFLEG
#Q9UPN6	WETVKSSEPVKETVQTTQSPTPVEKETVVTTQA
#Q8WZ73	SEDSFVPGRRASLSDLTDLEDIEGLTVRQLKEI
#ENSP00000262316	AAAPQPKVRLRQEVVSTAGPRRGQRIAVPVRKL
#Q5UIP0	MTPVHKGASSPYGAPGTPRMNLSSNLGGMATIP
#Q5UIP0	NKKKADPENIKSEGDGTQDIVDKSSEKLVRGRT
#Q9UHD8	ALKRSFEVEEVETPNSTPPRRVQTPLLRATVAS
#Q9UHD8	SSGPALKRSFEVEEVETPNSTPPRRVQTPLLRA
#Q9UHD8	VEEVETPNSTPPRRVQTPLLRATVASSTQKFQD
#Q9UHD8	GPSRFGLKRAEVLGHKTPEPAPRRTEITIVKPQ
#Q9Y580	DVSLSYPQHHVGNSSPTSTSPSRYERTMDNMTS
#O75582	DFGFARLKPPDNQPLKTPCFTLHYAAPELLNQN
#Q9P2E9	SKKAEGAPNQGRKAEGTPNQGKKTEGTPNQGKK
#Q9P2E9	GKKAEGAQNQGKKVDTTPNQGKKVEGAPTQGRK
#Q9P2E9	QGKKAEGAQNQGKKVDTTPNQGKKVEGAPTQGR
#O76021	KKDARQTPKKPEAKFFTTPSKSVRKASHTPKKW
#O76021	EHGKKKRGRGKAQVKATNESEDEIPQLVPIGKK
#O76021	RKALPASETPKAAESETPGKSPEKKPKIKEEAV
#O76021	KHATGKKSPAKSPNPSTPRGKKRKALPASETPK
#O76021	KDARQTPKKPEAKFFTTPSKSVRKASHTPKKWP
#O76021	NESEDEIPQLVPIGKKTPANEKVEIQKHATGKK
#O76021	PSTPRGKKRKALPASETPKAAESETPGKSPEKK
#Q5H9R7	GGSDEEDIWEEKHIAFTPESQRRSSSGSTDSEE
#O43290	MAIDDKYSRREEYRGFTQDFKEKDGYKPDVKIE
#O43290	VEEEKEPVPQPLPSDDTRVENMDISDEEEGGAP
#O43290	KEVVVRADDLLPLGDQTQDGDFGSRLRGRGRRR
#O43290	AQSLSTVGPRLASEYLTPEEMVTFKKTKRRVKK
#Q9H7L9	SCRGRESDEDTEDASETDLAKHDEEDYVEMKEQ
#Q9H7L9	AEDDERSCRGRESDEDTEDASETDLAKHDEEDY
#Q9H7L9	SPKRPASPSSPEHLPATPAESPAQRFEARIEDG
#O95487	SSTRTPPTANHPVEPVTSVTQPSELLQQKGVQY
#O95487	TVLSGSSGSSSTRTPPTANHPVEPVTSVTQPSE
#O15047	RDTGSEVPSGSGHGPCTPPPAPANFEDVAPTGS
#O15047	PRPASPARSGSPAPETTNESVPFAQHSSLDSRI
#Q15047	TRGFALKSTHGIAIKSTNMASVDKGESAPVRKN
#Q15047	DIAKGSFVCIYAGKILTDDFADKEGLEMGDEYF
#Q13435	AVLLEQERQQEIAKMGTPVPRPPQDMGQIGVRT
#Q13435	EMETDARSSLGQSASETEEDTVSVSKKEKNRKR
#Q13435	TPVPRPPQDMGQIGVRTPLGPRVAAPVGPVGPT
#Q13435	IELRKKKIEEAMDGSETPQLFTVLPEKRTATVG
#Q13435	TVGGAMMGSTHIYDMSTVMSRKGPAPELQGVEV
#P62995	TKRPHTPTPGIYMGRPTYGSSRRRDYYDRGYDR
#P62995	RSESRSRSRRSSRRHYTRSRSRSRSHRRSRSRS
#P62995	DGRRIRVDFSITKRPHTPTPGIYMGRPTYGSSR
#P62995	RRIRVDFSITKRPHTPTPGIYMGRPTYGSSRRR
#Q8IX01	NRITPKTQGTNQIQKNTPSPDVTLGTNPGTEDI
#Q8IX01	TQGTNQIQKNTPSPDVTLGTNPGTEDIQFPIQK
#Q8IX01	TNQIQKNTPSPDVTLGTNPGTEDIQFPIQKIPL
#O95104	NAVMAQVQAITAQLKTTPTQPSEQKAAFPPPEQ
#O95104	DMAAGTSNAAPVAENVTNNEGSPPPPVKVSSEP
#Q8N2M8	SPSESSSESRSRSRSPTPGREEKITFITSFGGS
#Q99590	DEKVETVSQPSESPKDTIDKTKKPRTRRSRFHS
#Q99590	VAAPEKSSSNDSVDEETAESDTSPVLEKEHQPD
#Q99590	KTKKPRTRRSRFHSPSTTWSPNKDTPQEKKRPQ
#Q99590	RSRFHSPSTTWSPNKDTPQEKKRPQSPSPRRET
#Q99590	TKKPRTRRSRFHSPSTTWSPNKDTPQEKKRPQS
#Q8NEM2	ENAEDGTEENKALKIQTSGEPDVAERVDLEELI
#Q96FS4	GPLLRSGSDAGEARPPTPASPRARAHSHEEASR
#O43166	SPTYKTGPSLHREYGSTSSIDKQGTSGESFFDL
#ENSP00000349174	LADMFPEMNDMLREKVTGRKTDFTFFMIQNAGM
#Q96BD0	ENGLDHTPPSRRASPGTPLSPGSLRSAAHSPLD
#Q9H4L7	LSAEEENAEGEVSRANTPDSDITEKTEDSSVPE
#Q02446	SSSSSSSSSNNGSASPTKTKSGNSSTPGQFQVI
#Q96T58	RMRLEATQLEGVARRMTVETDYCLLLALPCGRD
#Q96T58	SSSLERNKFYSFALDKTITPDTKALLERAKSLS
#Q96T58	QGINTPPVLVHNQLVLTPSIVTTNKKLADPVTL
#Q96T58	SRNQSPQRLASQASRPTRSPSGSGSRSRSSSSD
#Q96T58	SLERNKFYSFALDKTITPDTKALLERAKSLSSS
#Q96T58	IPSTENSSQEISVEERTPTKASVPPDLPPPPQP
#Q96T58	KPKEVEKQEDTENHPKTPESAPENKDSELKTPP
#Q96T58	HPEAPQEEKQSEKPHSTPPQSCTSDLSKIPSTE
#Q96T58	PVTQGGTVKVLTQGINTPPVLVHNQLVLTPSIV
#Q8TF01	GDSEDERSDRGSESSDTDDEELRHRIRQKQEAF
#Q8N3U4	SSSSDSMWLSREQTLHTPVMMQTPQLTSTIMRE
#Q8N3U4	QTLHTPVMMQTPQLTSTIMREPKRLRPEDSFMS
#Q8N3U4	PLMSYRNSLLAGGDDDTMSVISGISSRGSTVRS
#Q8N3U4	ENGDMPEQIVIHALQCTHYVILWQLAKITESSS
#Q8N3U4	MQTEHHQTPLDYNRRGTSLMEDDEEPIVEDVMM
#Q8N3U4	KRLRPEDSFMSVYPMQTEHHQTPLDYNRRGTSL
#Q8N3U4	EDSFMSVYPMQTEHHQTPLDYNRRGTSLMEDDE
#O00267	DSEKVVSISSEHLEPITPTKNNKVKVILGEDRE
#P49848	CGGKQEAGDSPPPAPGTPKANGSQPNSGSPQPA
#Q5VWG9	MPPNFPYISSPSVSPPTPEPLHKVYEEKTKLPS
#Q9BYX2	VFDCKADAEEGIFEIKTPSRVITLKAATKQAML
#Q9BYX2	LGQEEAELEEFLCPVKTPPGLVGVAAALQPFPA
#O60343	GRFKLDILKNKAKRSLTSSLENIFSRGANRMRG
#O60343	TASESSDGEGRKRTSSTCSNESLSVGGTSVTPR
#O60343	FPEEDSDSPQFRRRAHTFSHPPSSTKRKLNLQD
#P16383	RRQARVLSGNCNHQEGTSSDDELPSAEMIDFQK
#P16383	APRADEGSESRTLDVSTDEEDKIHHSSESKDDQ
#P16383	TLRQRMAEESISRNEETSEESQEDEKQDTWEQQ
#Q5JTD0	SEEDLLVSWQRAFVDRTPPPAAVAQRTAFGRDA
#Q5JTD0	EEELPLPAFEKLNPYPTPSPPHPLYPGRRVIEF
#O95807	TMKDFNHSYHACGVIATIAFLMINAVSNGQVRG
#P42167	KKLLKLREQGTESRSSTPLPTISSSAENTRQNG
#P42167	NSKGPPDFSSDEEREPTPVLGSGAAAAGRSRAA
#Q9NS56	NASVYSPSGPVNRRTTTPPDSGVLFEGLGISTR
#Q13595	RRIRVDYSITKRAHTPTPGIYMGRPTHSGGGGG
#Q13595	DGRRIRVDYSITKRAHTPTPGIYMGRPTHSGGG
#Q13595	RSHSHSHRRRSRSRSYTPEYRRRRSRSHSPMSN
#Q96PN7	VLISGHGPGAHPQLPLTPLTPTPRVLLCRSNSI
#Q96PN7	SGHGPGAHPQLPLTPLTPTPRVLLCRSNSIDGS
#Q96RT7	EQHSPAWDGWNRPGLLTPQPLKPLAVGAGGRGL
#Q96PE2	LKRKSGSLRRSSMSLYTAASVIDTASKYKMLWK
#Q9H3N1	ADEEDVSEEEAESKEGTNKDFPQNAIRQRSLGP
#Q6UXZ4	LKNEEPIDSEQDENIDTRADHNLIIRQARLSDS
#O94966	GGAKVAVPTGPTPLDSTPPGGAPHPLTGQEEAR
#Q96K76	GPVGSLKSVEAILEESTEKLKSLSLQQQQDGDN
#Q96JH7	TVSPSTIRDGPSSAPATPTKAPYSPTTSKEKKI
#Q96JH7	GPSSAPATPTKAPYSPTTSKEKKIRITTNDGRQ
#Q96JH7	KRKTEKLKQEQKGQPRTVSPSTIRDGPSSAPAT
#Q96JH7	SPSTIRDGPSSAPATPTKAPYSPTTSKEKKIRI
#O75717	QKLSELAVEKAAELTATQVEEEEEEEDFRKKLN
#Q5JSH3	YVNSSSQIKASFSHDFTYLVSGSEDKYVYIWST
#Q5JSH3	FAAVEEVAPAKPPRHLTPEPDIVASTKKPVPAR
#Q5JSH3	CEKPVDETTKLTQTSSTEQLNVLETETEVLNKE
#Q5JSH3	KGGGDVLEPVSSDSLSTKDFAAVEEVAPAKPPR
#Q5JSH3	EVMGPQRPRSNSGRELTDEEILASVMIKNLDTG
#Q5JSH3	PPPRKRKSELEFETLKTPDIDVPKENITSDSLL
#Q9Y5J1	HAMGGVPAWAETTKRKTSSDDESEEDEDDLLQR
#Q8TF74	PPYRQPPGVPNGPSSPTNESAPELPQRHNSLHR
#Q96S55	DDGGETESRESYDAPPTPSGARLIPDFPVARSS
#Q96S55	AKRRRLSESSALKQPATPTAAESSEGEGEEGDD
#Q96S55	RRRLSESSALKQPATPTAAESSEGEGEEGDDGG
#Q9H0D6	KRMKRDQPAFTPSGILTPHALGSRNSPGSQVAS
#P49750	GMIPRGPASQFYITPSTSLSPRQSGPQWKGPKP
#Q96MU7	KTCVRKRDPERRAKSPTPDGSERIGLEVDRRAS
#Q9NUA8	ETIENLLHRMTEEKTLTAEGLVKLLQAVKTTFP
#Q9NUA8	PKETIENLLHRMTEEKTLTAEGLVKLLQAVKTT
#Q9NUA8	PAVKTALLDRKPEDVDTVQPKGSTEEGKTLSVL
#Q9NUA8	EGRTPKETIENLLHRMTEEKTLTAEGLVKLLQA
#O95365	RKPRVRGGAPDPSPGATATPGAPAQPSSPDARR
#O75152	REKHMQKQQEREKSVLTPLRGDVASCNTQVAEK
#O75152	QRLGKKVEAPETNIDKTPKKAQVSKSLKERLGM
#O75152	DDDDQFSEEGDETKTPTLQPTPEVHNGLRVTSV
#O75152	LRSVMKVESSENVPSPTHPPVVINAADDDEDDD
#O75152	SSSQMSMKTRRLSSASTGKPPLSVEDDFEKLIW
#Q7Z2W4	FSPTLPAARSSLGSLQTPEAVTTRKGTGLLSSD
#Q7Z2W4	SQEFLASASASAERSCTPSPDQISHRASLEDAP
#Q6NZY4	PPDTPPLPRGTPPPVFTPPLPKGTPPLTPSDSP
#Q6NZY4	PRGTPPPVFTPPLPKGTPPLTPSDSPQTRTASG
#Q6NZY4	PPPVFTPPLPKGTPPLTPSDSPQTRTASGAVDE
#Q6NZY4	QFQPPLPPDTPPLPRGTPPPVFTPPLPKGTPPL
#Q9H2Y7	SEACTSSFLRLSFASETPLEKEPHSPADQPEQQ
#Q9H2Y7	PLFDFSLITTGIQEPQTDETRNSPTQKTQKEIH
#Q9H2Y7	GAEQNDGQSIRKKRRATGDGSSPELPSLERKNK
#Q9H2Y7	RKKKSLRAAHVPENSDTEQDVLTVKPVRKVKAG
#Q96JP5	RAFKSSHNLAVHRMIHTGEKPLQCEICGFTCRQ
#Q9UKY1	KKTPEQLHMLKSAFVRTQWPSPEEYDKLAKESG
#Q9UKY1	PDLELISDLDEGPPVLTPVENTRAESISSDEEV
#Q5VUA4	LDSFLSEARSLLNPQDTPVKISAPELLLHSPAR
#O15014	PLHVVTQNGAEASSVKTNSPAYSDISDAGEDGE
#Q14966	ADKGHSPAQKPKTSSGTKPSVKPTSATKSDSNL
#Q14966	AQKPKTSSGTKPSVKPTSATKSDSNLGGHSIRC
#Q14966	PKTSSGTKPSVKPTSATKSDSNLGGHSIRCKSK
#Q14966	HLEAADKGHSPAQKPKTSSGTKPSVKPTSATKS
#Q14739	HQADIKEARREVEVKLTPLILKPFGNSISRYNG
#Q13522	HLKSTLAMSPRQRKKMTRITPTMKELQMMVEHH
#Q13522	PHLDPEAAEQIRRRRPTPATLVLTSDQSSPEID
#Q13976	CQSVLPVPSTHIGPRTTRAQGISAEPQTYRSFH
#P26651	FAPLAPRLGPELSPSPTSPTATSTTPSRYKTEL
#Q16584	KTLKITDFGLAREWHKTTQMSAAGTYAWMAPEV
#Q16584	CPTEPPPSPLICFSLKTPDSPPTPAPLLLDLGI
#Q16584	PSPLICFSLKTPDSPPTPAPLLLDLGIPVGQRS
#Q8TEM1	RASPGHSPHYFAASSPTSPNALPPARKASPPSG
#Q8TEM1	YHTVCTPRDLAVPAALTPRASPGHSPHYFAASS
#P17612	QVTDFGFAKRVKGRTWTLCGTPEYLAPEIILSK
#Q96EZ8	SEPSSSEKKKVSKAPSTPVPPSPAPAPGLTKRV
#P55209	ILAALQERLDGLVETPTGYIESLPRVVKRRVNA
#P55209	PQILAALQERLDGLVETPTGYIESLPRVVKRRV
#Q16637	ALKNGDICETSGKPKTTPKRKPAKKNKSQKKNT
#Q6NZI2	RREKLKTSRDKLRKSFTPDHVVYARSKTAVYKV
#Q07157	LRSRDEERISKPGAVSTPVKHADDHTPKTVEEV
#Q07157	VNLTNVRLEEPTPAPSTSYSPQADSLRTPSTEA
#Q07157	TPAPSTSYSPQADSLRTPSTEAAHIMLRDQEPS
#Q07157	SKPGAVSTPVKHADDHTPKTVEEVTVERNEKQT
#Q13765	FKVQGEAVSNIQENTQTPTVQEESEEEEVDETG
#P16157	NEVSLVSGHQRGQARITHSPTVSQVTERSQDRL
#P54105	MLSQSVSSQYNMAGVRTEDSIRDYEDGMEVDTT
#Q9P0L2	ADFGFSNEFTVGNKLDTFCGSPPYAAPELFQGK
#Q9P0L2	QRVPAASPSAHSISTATPDRTRFPRGSSSRSTF
#Q9P0L2	TTQRVPAASPSAHSISTATPDRTRFPRGSSSRS
#O00567	KKSFSKEELMSSDLEETAGSTSIPKRKKSTPKE
#O00567	LEETAGSTSIPKRKKSTPKEETVNDPEEAGHRS
#O00567	GSTSIPKRKKSTPKEETVNDPEEAGHRSGSKKK
#P05771	CKENIWDGVTTKTFCGTPDYIAPEIIAYQPYGK
#P05771	DFGMCKENIWDGVTTKTFCGTPDYIAPEIIAYQ
#P05771	DTSNFDKEFTRQPVELTPTDKLFIMNLDQNEFA
#Q04323	APEPGPVPSSPSQEPPTKREYDQCRIQVRLPDG
#Q6P4F7	PQEERIAQLSESPVILTPNAKRTLPVDSSHGFS
#Q6P4F7	PKKGSEKISKSEETLLTPERLVGTNYRMSWTGP
#Q6P0N0	QLAKQIFHSKESIVATTKSKKDTFVLESVDSAD
#Q6P0N0	FLEQLPKDDHDDFFSTTPLQHQRILLPSFQDSE
#Q6P0N0	EFLEQLPKDDHDDFFSTTPLQHQRILLPSFQDS
#Q6P0N0	KSTRNTSNIPVILEPETEESENEFYIKQKKARP
#Q6P0N0	WGNIKKKLVETDFSTPTPRRKTPFNTDLGENSG
#Q6P0N0	ERKYMAINQKKAYILVTPLKSRKVIEQRCMRYN
#Q6P0N0	IVWGNIKKKLVETDFSTPTPRRKTPFNTDLGEN
#Q9H4H8	IRTTDFHNPGYPKYLGTPHLELYLSDSLRNLNK
#Q9BPX3	GQRKVTVSARTNRRCQTAEADSESDHEVPEPES
#Q9BPX3	PEPESEMKMRLPRRAKTAALEKSKLNLAQFLNE
#Q9BPX3	TTTFQNEDEKNKEVYMTPLRGVKATQASKSTQL
#Q9BPX3	TEINSDDEQESKEVEETATAKNVLKLLSDFLDS
#Q9BPX3	LLVDLTRPSGLNPQAKTSQDYQALTVHDNLAMK
#Q69YH5	GEDLSPEVFDESLPANTPLRKGGTPVCKKDFSG
#Q69YH5	TAEVSSDAVPDVRSPATPACRRDLPTPKTFVLR
#Q69YH5	KPLLSPIPELPEVPEMTPSIPSIRRLGSGYFSS
#Q96GN5	HSKYFTEELRRIFIEDTDSETEDFAGFTQSDLN
#Q96GN5	FTEELRRIFIEDTDSETEDFAGFTQSDLNGKTN
#Q9Y232	KSGIKILVPKSPVKSRTAVDGFQSESPEKLDPV
#Q5VT06	HSVSVSSDKGRSQKTPTSPLSPSSQKSLQFDVA
#Q5VT06	SGHSVSVSSDKGRSQKTPTSPLSPSSQKSLQFD
#Q5VT06	YAKRVNEWDSRTEDFQTPSPVLRSSRKIREESG
#Q5VT06	IHSNVHSDRLLELKSPTELMKSKERSDVEHEQQ
#Q5VT06	DVQQAPQEDGPWTKAVTPPVKDDNEDVFSARIQ
#Q53SF7	FQRSKKKRDQTASAPATPLVNKHRPTFTRSNTI
#Q9NQZ2	PKPKSVSKTSAAACAVTDLSDDSDFDEKAKLKY
#Q9NQZ2	TDENGDDLGLPPSPGDTSYYQDQVDDFHEARSR
#Q9UGY1	TTISDLDLSGARLLGLTPPEGGAGDRSEEEASS
#Q9UGY1	PPEGGAGDRSEEEASSTEKPTKALPRKSRDPLL
#Q6P2E9	LQEVEPLGLPQASPSRTRSPDVISSASTALSQD
#Q6P2E9	PQLGLDGGPGDGDRHNTPSLLEAALTQEASTPD
#Q6P2E9	ASPSRTRSPDVISSASTALSQDIPEIASEALSR
#Q6P2E9	HNTPSLLEAALTQEASTPDSQVWPTAPDITRET
#Q6P2E9	SRSLEPMAGQLSNSVATKLTAVEGSMKENISKL
#Q6P2E9	PRGLLPGLLPAPADKLTPKGPGQVPTATSALSL
#Q7Z4H7	MHGGTLLEDVVGGRQTTPESDFNLQALRSRYEA
#Q7Z4H7	DSLGSNPFLTRNQIPRTPENLITEIRSSWRKAI
#Q8IY81	NRRKGRQQQQKQQLPQTPPSCLKTEIMSPLYQD
#Q8IY81	SGEEDEGDEEDSTAGTTKQPSKEEEEEEEEEQL
#Q8IY81	GLEGEEKDGISDSDSSTSSEEEESWEPLRGKKR
#Q8IY81	ISLSSGEEDEGDEEDSTAGTTKQPSKEEEEEEE
#O43159	WKGSTTNDPPKQSPGSTSPKPPHTLSRKQWRNR
#Q9UPQ6	GIDIKPGTPPIAGRSTTPTSSPFRATSTSPNSQ
#Q8NI77	VQLNDSLSKELQPIVYTPEDCRKAFQNPSTVTL
#Q8NI77	KRTRRKLMPSPLKGQHTLKSPPSQSVQLNDSLS
#Q71F23	SLSSTPPGKEAKRSSDTSGNEASEIESVKISAK
#Q9BXS6	TITGNSAAVITPFKLTTEATQTPVSNKKPVFDL
#Q9BXS6	GTHKLKTITGNSAAVITPFKLTTEATQTPVSNK
#Q9BXS6	TDESSKPGKNKRTAITTPNFKKLHEAHFKEMES
#Q9BXS6	TKTPARKSAHVTVSGGTPKGEAVLGTHKLKTIT
#Q9BXS6	GVRTPVPPRGRLSVASTPISQRRSQGRSCGPAS
#Q9BXS6	SAAVITPFKLTTEATQTPVSNKKPVFDLKASLS
#Q9H4L4	PPVPSGPPMEEDGLRWTPKSPLDPDSGLLSCTL
#Q9H4L4	DEVVEKLEDIFQQEFSTPSRKGLVLQLIQSYQR
#Q9H4L4	GLAHPKNHLSPQQGGATPQVPSPCCRFDSPRGP
#Q562F6	DNKGVHDLEKDNFFSLTPKDKETISENLQVTNE
#Q8NBT2	IEADLERQEKEVDEDTTVTIPSAVYVAQLYHQV
#Q9NUL3	GTSSTAEAIGLKGSSPTPPCSPVQPSKQLEYLA
#Q9NUL3	KGWSGPKPGFPEPTNNTPKGILHLSPDVYQEME
#Q6ZVM7	GVEFPMADLDALSPIHTPQRSVPEVDPAATMPR
#Q9P275	KLKSPVLSNTTTEPASTMSPPPAKKLALSAKKA
#Q9P275	DSKTVKLKSPVLSNTTTEPASTMSPPPAKKLAL
#Q9UNX4	EPDPKKIKGSSPGIQDTLEAEDGAFETDEAPED
#Q16875	EDAKKGPNPLMRRNSVTPLASPEPTKKPRINSF
#P11277	EEGETAGEAPVSHHAATERTSPVSLWSRLSSSW
#Q96L34	ADFGFSNEFTLGSKLDTFCGSPPYAAPELFQGK
#Q9NYL2	GVLKICDFGASRFHNHTTHMSLVGTFPWMAPEV
#Q9NYL2	VLKICDFGASRFHNHTTHMSLVGTFPWMAPEVI
#Q9NYL2	AAAVRRPQVPIKYQQITPVNQSRSSSPTQYGLT
#P80192	GLAREWHRTTKMSAAGTYAWMAPEVIRASMFSK
#Q9UPZ9	IADFGLAREIRSKPPYTDYVSTRWYRAPEVLLR
#Q9H093	ADFGLSNLYHQGKFLQTFCGSPLYASPEIVNGK
#P57059	ADFGFGNFYKSGEPLSTWCGSPPYAAPEVFEGK
#Q9H0K1	ADFGFGNFFKSGELLATWCGSPPYAAPEVFEGQ
#Q9NRH2	TDFGFSNKFQPGKKLTTSCGSLAYSAPEILLGD
#Q15208	ETWKRNRRQLAFSTVGTPDYIAPEVFMQTGYNK
#Q15208	HPETDYKNKDWVFINYTYKRFEGLTARGAIPSY
#Q9Y2H1	TTEPDYKSKDWVFLNYTYKRFEGLTQRGSIPTY
#O43293	VRGEDSGRKPERRRLKTTRLKEYTIKSHSSLPP
#O43293	KDFIRRLLVKDPKRRMTIAQSLEHSWIKAIRRR
#O43293	RKPERRRLKTTRLKEYTIKSHSSLPPNNSYADF
#O43293	IAHKIEAGNEFKNIFGTPEFVAPEIVNYEPLGL
#O43293	ILLSGASPFLGETKQETLTNISAVNYDFDEEYF
#Q8TF76	RCPGGRVPKDRPSLTVTPKRWKLRARPSLTVTP
#Q8TF76	TRASLRSVLFGLMNSGTPEDSEFRADGKNMRES
#Q8TDC3	ADFGMASLQVGDSLLETSCGSPHYACPEVIKGE
#Q9UEW8	AFLATGGDVTRNKVRKTFVGTPCWMAPEVMEQV
#Q9UEW8	QKAKNREYLIEKLLTRTPDIAQRAKKVRRVPGS
#Q86XI2	EVAATVHRKLKTFMEITLEEDSIERFLYESSSR
#Q86XI2	LKALETSKADLESLLQTPGGKPRGFSEAAAPRA
#O60293	IANREKQRLIKSDQLKTSSSSPANSDVEIDGIG
#O60293	KPKVPPKSEKENDPLRTPEALPEEKKIEYRLLK
#Q16566	ADFGLSKIVEHQVLMKTVCGTPGYCAPEILRGC
#Q9Y2I6	SLESVESPKSDEEAESTKEAQNELFEAQGQLQT
#Q13563	SNVYYYTRMMSQLFLDTPVSKTEKTNFKTLSSM
#Q8IV61	LIDISSIPSYDWMRRVTQRKKVSKKGKACLLFD
#Q8IU85	SDFGLSKMEGKGDVMSTACGTPGYVAPEVLAQK
#O43264	TVKIIPDSKINVPELPTPDEDNKLEVQKVSNTQ
#Q15003	ERLQRRRSRVFDLQFSTDSPRLLASPSSRSIDI
#Q15003	VFPMPLPRKAPLNIPGTPVLEDFPQNDDEKERL
#Q15003	APSLEEVEGHVADGSATEMGTTKKAVKPKKKHL
#Q15003	PVGNSDLSPYPCHPPKTAQQNGDTPEAQGLDIT
#Q15003	TAQQNGDTPEAQGLDITTYGESNLVAEPQKVNK
#Q15003	SPYPCHPPKTAQQNGDTPEAQGLDITTYGESNL
#P50750	LARAFSLAKNSQPNRYTNRVVTLWYRPPELLLG
#P17655	KKWKLTKMDGNWRRGSTAGGCRNYPNTFWMNPQ
#Q8WWK9	NTETRTSCLIKYNVSTTPYLQSVKKKVQFDGTN
#Q8WWK9	PNTETRTSCLIKYNVSTTPYLQSVKKKVQFDGT
#Q8WWK9	VQFDGTNSAFKELKFLTPVRRSRRLQEKTSKLP
#Q8WWK9	QDNKTKDPTHDVKTPNTETRTSCLIKYNVSTTP
#Q8WWK9	TTPYLQSVKKKVQFDGTNSAFKELKFLTPVRRS
#Q8WWK9	EKEQDNKTKDPTHDVKTPNTETRTSCLIKYNVS
#Q03188	RDSEYEIQRQAKKSFSTLFLETVKRKSESSPIV
#Q03188	EFYLSVGSPSVLLDAKTSVSQNVIPSSAKKRET
#Q03188	HEVHQKILATDVSSKNTPDSKKISSRNINDHHS
#Q03468	FGKKRNSNFSVQHPSSTSPTEKCQDGIMKKEGK
#Q03468	KRNSNFSVQHPSSTSPTEKCQDGIMKKEGKDNV
#Q9BY77	KRSSPAAFINPPIGTVTPALKLTKTIQVPQQKA
#P25942	FPDDLPGSNTAAPVQETLHGCQPVTQEDGKESR
#P35367	DRYRSVQQPLRYLKYRTKTRASATILGAWFLSF
#P35367	YRSVQQPLRYLKYRTKTRASATILGAWFLSFLW
#P35367	KPKDAGGGSVLKSPSQTPKEMKSPVVFSQEDDR
#Q13017	DDSQNRIKIRNSFVNNTQGDEENGFSDRPQKVM
#Q16665	CRLLGQSMDESGLPQLTSYDCEVNAPIQGSRNL
#Q15021	FKGPAASTQEKNPRESTGNMVTGQTVCKNKPNM
#Q15021	KVVSRHSQELPAILDDTTLSGSDRNAHLNALKM
#Q15021	SRYQPLASTASDNDFVTPEPRRTTRRHPNTQQR
#Q15021	RLLNILGLIFKGPAASTQEKNPRESTGNMVTGQ
#Q15021	SAKKPSSGSRYQPLASTASDNDFVTPEPRRTTR
#Q15021	EHKTKDPKEKNTSSETTMEEELGLVGATADDTE
#Q15654	ASPYGGPTPASYTTASTPAGPAFPVQVKVAQPV
#Q15654	KPNPASPLPASPYGGPTPASYTTASTPAGPAFP
#O75330	PSKAFHHESKENFALKTPLKEGNTNCYRAPMEC
#Q9UN36	SLTSAASVDGNRSRSRTLSQSSESGTLSSGPPG
#Q9UN36	MGYMASSCMTRLSRSRTASLTSAASVDGNRSRS
#Q12802	DSLNKISKVNESTESLTDEGVGTDMNEGQLLGD
#Q12802	ERKGEEVEPAPIVDSGTVSDQDSCLQSLPDCGV
#Q12802	DDALSFVPSQKEKGTATPELHTATDYRDGPDGN
#Q12802	PLDWEKGKLEGADHSCTMGDAEEAQIDDEAHPV
#Q12802	KMEKELVPDQAVISDSTFSLANSPGSESVTKDD
#Q12802	GNDENMSNTWKFLSHSTDSLNKISKVNESTESL
#Q12802	SDSTFSLANSPGSESVTKDDALSFVPSQKEKGT
#Q12802	RDMAECSTPLPEDCSPTHSPRVLFRSNTEEALK
#Q12802	SHSTDSLNKISKVNESTESLTDEGVGTDMNEGQ
#P50548	IKVEPISEGESEEVEVTDISDEDEEDGEVFKTP
#P50548	SHFRFPPSTPSEVLSPTEDPRSPPACSSSSSSL
#P50548	APPVPSGGSHFRFPPSTPSEVLSPTEDPRSPPA
#P50548	DKKVRGEGPGEAGGPLTPRRVSSDLQHATAQLS
#P46734	MCDFGISGYLVDSVAKTMDAGCKPYMAPERINP
#O14733	LCDFGISGRLVDSKAKTRSAGCAAYMAPERIDP
#Q8IW41	KLCDFGFAKIDQGDLMTPQFTPYYVAPQVLEAQ
#O95239	ELNKALALKEALARKMTQNDSQLQPIQYQYQDN
#O95239	SLTEVRGQVSESEDSITKQIESLETEMEFRSAQ
#O95239	KILKEMCDVEQVLSKKTPPAPSPFDLPELKHVA
#O95239	LTLLQVASRQKHLPKDTLLSPDSSFEYVPPKPK
#O95239	CRNRQQGKDSLGTVERTQDSEGSFKLEDPTEVT
#O95239	PTEVTPGLSFFNPVCATPNSKILKEMCDVEQVL
#O95239	EKKESGENPPPKLRRRTFSLTEVRGQVSESEDS
#Q96R06	AIGTTPFSTCSVGTWFTPSAPQEKSTNTSQTGL
#Q96R06	SMRTPLRELTLQPGALTNSGKRSPACSSLTPSL
#Q96R06	FLGSILTAVADEEPESTPVPLLGSDKSAFTRVA
#Q96R06	GALTNSGKRSPACSSLTPSLCKLGLQEGSNNSS
#Q96R06	HESDEQPLDPIPQISSTPKTSEEAVDPLGNYMV
#Q96R06	QSLSLPSMLRDAAIGTTPFSTCSVGTWFTPSAP
#Q13769	EDSQDDESDSDAEEEQTTKRRRPTLGVQLDDKR
#Q13769	DSQDDESDSDAEEEQTTKRRRPTLGVQLDDKRK
#O95785	SSPLLKKTPLALAGSPTPKNPEDKSPQLSLSPR
#O95785	AKKLPPPPGSPLGHSPTASPPPTARKMFPGLAA
#P57740	KRVLLQASQDENFGNTTPRNQVIPRTPSSFRQP
#P57740	RNQVIPRTPSSFRQPFTPTSRSLLRQPDISCIL
#P57740	DENFGNTTPRNQVIPRTPSSFRQPFTPTSRSLL
#Q8WUM0	GPNSESMIFETTTKNETIAQEDKIKLLKAAFLQ
#Q8WUM0	VLFSPVGRRSSLSSRGTPTRMFPHHSITESVNY
#P36871	VSCIIRKIKAIGGIILTASHNPGGPNGDFGIKF
#P36871	DRSFVGKQFSANDKVYTVEKADNFEYSDPVDGS
#Q9HBY8	DFGLCKEGVEPEDTTSTFCGTPEYLAPEVLRKE
#Q53EL6	VSDSGSDALRSGLTVPTSPKGRLLDRRSRSGKG
#P09038	ERLESNNYNTYRSRKYTSWYVALKRTGQYKLGS
#P16144	TSVSSHDSRLTAGVPDTPTRLVFSALGPTSLRV
#P27448	ADFGFSNEFTVGGKLDTFCGSPPYAAPELFQGK
#P27448	GKENSTIPDQRTPVASTHSISSAATPDRIRFPR
#P27448	TVPSSNTASGGMTRRNTYVCSERTTADRHSVIQ
#P27448	DQRTPVASTHSISSAATPDRIRFPRGTASRSTF
#P27448	ATYNGPPASPSLSHEATPLSQTRSRGSTNLFSK
#P18887	AQLSPSVPKRPKLPAPTRTPATAPVPARAQGAV
#P18887	SPKGKRKLDLNQEEKKTPSKPPAQLSPSVPKRP
#P18887	QEENGEDPYAGSTDENTDSEEHQEPPDLPVPEL
#P18887	LPPGQEENGEDPYAGSTDENTDSEEHQEPPDLP
#P18887	TKPTQAAGPSSPQKPPTPEETKAASPVLQEDID
#P18887	RPGALFFSRINKTSPVTASDPAGPSYAAATLQA
#P18887	ANSLRPGALFFSRINKTSPVTASDPAGPSYAAA
#P18887	GVQSEGQDNGAEDSGDTEDELRRVAEQKEHRLP
#Q9NY61	EELLFQYPDTRYLVDGTKPNAGSEEISSEDDEL
#Q96IY1	RKPDAKPENFITQIETTPTETASRKTSDMVLKR
#Q96IY1	PDAKPENFITQIETTPTETASRKTSDMVLKRKQ
#Q8NG31	KTIYSGEENMDITKSHTVAIDNQIFKQDQSNVQ
#Q8NG31	SLTEKTIYSGEENMDITKSHTVAIDNQIFKQDQ
#Q8NG31	LGIFLPRLPNKRNCSVTGIDDLEQIPADTTDIN
#Q8NG31	PGNGESDRLVANDSQLTPLEEWSNNRGPVEVAD
#Q8NG31	QIFKQDQSNVQIAAAPTPEKEMMLQNLMTTSED
#Q53HL2	TVTPAVGRLEVSMVKPTPGLTPRFDSRVFKTPG
#Q53HL2	AVGRLEVSMVKPTPGLTPRFDSRVFKTPGLRTP
#Q53HL2	DLDITEINKLTAEAIQTPLKSAKTRKVIQVDEM
#Q53HL2	LTPRFDSRVFKTPGLRTPAAGERIYNISGNGSP
#Q53HL2	ISGNGSPLADSKEIFLTVPVGGGESLRLLASDL
#Q53HL2	QSIQGKGKGKRSSRANTVTPAVGRLEVSMVKPT
#Q53HL2	DYFALGGNKQALEEAATADLDITEINKLTAEAI
#Q53HL2	GNKQALEEAATADLDITEINKLTAEAIQTPLKS
#O60447	GSMSLDPAVADGSESETEDSVLETRESNQVVQK
#Q14684	AFDPEQKPLHGVLKTPTSSPASSPLVAKKPLTT
#Q14684	RVAFDPEQKPLHGVLKTPTSSPASSPLVAKKPL
#Q14684	GPKALKARVAEPGAEATSSTGEESGSEHPPAVP
#Q14684	ALKARVAEPGAEATSSTGEESGSEHPPAVPMHN
#O43663	GSAPRTPSKRRGLAPNTPGKARKLNTTTMSNAT
#Q9BVJ6	KRSELSQDAEPAGSQETKDSGSQEVLSELRVLS
#Q9BVJ6	NKELPRPVLEGQQSERTPNNRPDAPKEKKKKEQ
#Q07820	VGESGNNTSTDGSLPSTPPPAEEEEDELYRQSL
#Q9BYG3	SGTLDTPEKTVDSQGPTPVCTPTFLERRKSQVA
#Q9BYG3	RKKKKKVSGTLDTPEKTVDSQGPTPVCTPTFLE
#Q9BYG3	DTPEKTVDSQGPTPVCTPTFLERRKSQVAELND
#Q9BYG3	PEKTVDSQGPTPVCTPTFLERRKSQVAELNDDD
#Q9BYG3	GQVLRKKKKKVSGTLDTPEKTVDSQGPTPVCTP
#Q9BYG3	STKGQVLRKKKKKVSGTLDTPEKTVDSQGPTPV
#Q16520	RREKNRIAAQKSRQRQTQKADTLHLESEDLEKQ
#O43395	RKKQLSFISPPTPQPKTPSSSQPERLPIGNTIQ
#O43395	RQIEERKKQLSFISPPTPQPKTPSSSQPERLPI
#O14713	KSKSVDSSLGGLSRSSTVASLDTDSTKSSGQSN
#Q9NZJ5	EEEQTVLTPMPAYARHTGQVGTKLYMSPEQIHG
#Q9UK32	SKESVDQEKKAYSFCGTVEYMAPEVVNRRGHSQ
#Q9Y6E0	AGQLTDTQIKRNTFVGTPFWMAPEVIKQSAYDS
#P05129	KITDFGMCKENVFPGTTTRTFCGTPDYIAPEII
#P05129	IKITDFGMCKENVFPGTTTRTFCGTPDYIAPEI
#P05129	SGENFDKFFTRAAPALTPPDRLVLASIDQADFQ
#P05129	DRLVLASIDQADFQGFTYVNPDFVHPDARSPTS
#P05129	ITDFGMCKENVFPGTTTRTFCGTPDYIAPEIIA
#P05129	DFGMCKENVFPGTTTRTFCGTPDYIAPEIIAYQ
#P05129	CKENVFPGTTTRTFCGTPDYIAPEIIAYQPYGK
#Q9NXH3	HPDSSKIPRSRRPSRLTVKYDRGQLQRWLEMEQ
#Q9UQ07	LGDFGSCRSVYSKQPYTEYISTRWYRAPECLLT
#P26045	VEHLETKSLPSRSPPITPNWRSPRLRHEIRKPR
#Q14137	YWRTVQDPMTGRDLRLTDEQVALVRRLQSGQFG
#Q14137	GHSGIKKTTEEQVQASTPCPRTEMASARIGDEY
#Q8IZT6	ECHGATCLPLSVRRSTTYSSLHASENRELLNVH
#Q8IZT6	IIDPILSKSKSYKNEVTPSSTTASVARKRKSDG
#Q8IZT6	REKLNLKKKTDLSIFRTPISKTNKRTKPIIAVA
#Q8IZT6	YKQKKNSSISIPFIPETPVRTRIVSRLKPDWVL
#Q8IWQ3	ADFGMASLQVGDSLLETSCGSPHYACPEVIRGE
#Q9Y2K2	ADFGFSNLFTPGQLLKTWCGSPPYAAPELFEGK
#Q14680	NRYTTPSKARNQCLKETPIKIPVNSTGTDKLMT
#Q14680	FGLCAKPKGNKDYHLQTCCGSLAYAAPELIQGK
#Q8TD19	DYGLAKKLNSEYSMAETLVGTPYYMSPELCQGV
#Q8TD19	EKVTLLNAPTKRPRSSTVTEAPIAVVTSRTSEV
#Q8TD19	VTSRTSEVYVWGGGKSTPQKLDVIKSGCSARQV
#O60285	ADFGLSNLYQKDKFLQTFCGSPLYASPEIVNGR
#Q9Y2X3	KHIKEEPLSEEEPCTSTAIASPEKKKKKKKKRE
#Q9BTX1	LFSSKLSTPDVVSPFGTPFGSSVMNRMAGIFDV
#Q9BTX1	PVEPKKLNSPEETAFQTPKSSQMPRPSVPPLVK
#Q9BTX1	SSSYPVEPKKLNSPEETAFQTPKSSQMPRPSVP
#Q9BTX1	SVPPLVKTSLFSSKLSTPDVVSPFGTPFGSSVM
#Q14244	SPHVVTSHQSKVTVESTPDLEKQPNENGVSVQN
#Q14244	RLQLSPWESSVVNRLLTPTHSFLARSKSTAALS
#Q14244	KAAHSRNSMDRPKLFVTPPEGSSRRRIIHGTAS
#Q14244	NRLLTPTHSFLARSKSTAALSGEAASCSPIIMP
#P54198	EPMKAFDSRFTERSKATPGAPALTSMTPTAVER
#P54198	SRFTERSKATPGAPALTSMTPTAVERLKEQNLV
#P54198	MNATSTPAALSPSVLTTPSKIEPMKAFDSRFTE
#P54198	TERSKATPGAPALTSMTPTAVERLKEQNLVKEL
#Q9NYV6	DTCHRALQIIARYVPSTPWFLMPILVEKFPFVR
#P29317	KTLADFDPRVSIRLPSTSGSEGVPFRTVSEWLE
#O95235	QQPPGKKPFLRNLLPRTPTCQSSTDCSPYARIL
#O95235	PPGKKPFLRNLLPRTPTCQSSTDCSPYARILRS
#O95235	PFLRNLLPRTPTCQSSTDCSPYARILRSRRSPL
#Q99733	PRVLAALQERLDNVPHTPSSYIETLPKAVKRRI
#O43525	RFLQILRMLRMDRRGGTWKLLGSAICAHSKELI
#O43525	YLQTRIDMIFTPGPPSTPKHKKSQKGSAFTFPS
#P49585	RERSPSPSFRWPFSGKTSPPCSPANLSRHKAAA
#P20042	EEGVKDLKIESDVQEPTEPEDDLDIMLGNKKKK
#ENSP00000357432	LGGEEWTRHGSFVNKPTRGWLHPNDKVMGPGVS
#ENSP00000217971	FKYHHVGKLLKEGEEPTVYSDEEEPKDESARKN
#ENSP00000363507	RPSPPATPPPKTRHSPTPQQSNRTRKSRVSVSP
#ENSP00000363507	RQSPSPSTRPIRRVSRTPEPKKIKKAASPSPQS
#ENSP00000363507	SRSKSRSRTRSRSPSHTRPRRRHRSRSRRRPSP
#ENSP00000363507	SPPKKPPKRTSSPPRKTRRLSPSASPPRRRHRP
#Q9NPF5	GPDPKDTIIDVVGAPLTPNSRKRRESASSSSSV
#Q9H4G0	GESGGQRSEAEEGEVRTPTKIKELKPEQETTPR
#Q9H4G0	MEEKDYSEADGLSERTTPSKAQKSPQKIAKKYK
#P46821	RTSDVGGYYYEKIERTTKSPSDSGYSYETIGKT
#P46821	TRTSDVGGYYYEKIERTTKSPSDSGYSYETIGK
#P46821	PLEKTPLGERSVNFSLTPNEIKVSAEAEVAPVS
#P46821	KETKNAANASASKSAKTATAGPGTTKTTKSSAV
#P46821	KAAEAGGAEEQYGFLTTPTKQLGAQSPGREPAS
#P46821	PSKSVRKESKEETPEVTKVNHVEKPPKVESKEK
#P46821	MSISPPDFSPKTAKSRTPVQDHRSEQSSMSIEF
#P46821	SLEGEKLSPKSDISPLTPRESSPLYSPTFSDST
#P49006	SAASEEEAGPQATEPSTPSGPESGPTPASAEQN
#P49006	GAEASAASEEEAGPQATEPSTPSGPESGPTPAS
#P49006	PPSQGAEAKGEVPPKETPKKKKKFSFKKPFKLS
#P49006	KRNRKEGGGDSSASSPTEEEQEQGEIGACSDEG
#P49006	GACSDEGTAQEGKAAATPESQEPQAKGAEASAA
#Q9BQE3	QMPSDKTIGGGDDSFNTFFSETGAGKHVPRAVF
#Q01518	GPVRSGPKPFSAPKPQTSPSPKRATKKEPAVLE
#P51114	ESDQTADTDASESHHSTNRRRRSRRRRTDEDAV
#P51114	NPYSLLDNTESDQTADTDASESHHSTNRRRRSR
#P51114	SVLKDPDSNPYSLLDNTESDQTADTDASESHHS
#P51114	PDSNPYSLLDNTESDQTADTDASESHHSTNRRR
#O43294	NHLPASGPTQPPVVSSTNEGSPSPPEPTGKGSL
#P53985	KEQKANEQKKESKEEETSIDVAGKPNEVTKAAE
#P51116	GGPAYGPSSDVSTASETESEKREEPNRAGPGDR
#P51116	GRRTGGPAYGPSSDVSTASETESEKREEPNRAG
#P51116	SSVLKDPDSNPYSLLDTSEPEPPVDSEPGEPPP
#P51116	PQRRNRSRRRRNRGNRTDGSISGDRQPVTVADY
#P51116	PGSGRGSGGSDKAGYSTDESSSSSLHATRTYGG
#Q86UR5	GWYKLFPPSSLVDPTLTPLTRRASQSSLESSTG
#Q86UR5	VIGWYKLFPPSSLVDPTLTPLTRRASQSSLESS
#Q86UR5	YTLEHNDGSQSDTAVGTVGAGGKKRRSSLSAKV
#Q86UR5	SGRSIMKSTSVSGEMYTLEHNDGSQSDTAVGTV
#Q9Y490	LLRDEKKMEKLKQKLHTDDELNWLDHGRTLREQ
#Q5T5U3	PEHHYETLKFLSAHLKTVAENSEKNKMEPRNLA
#Q5T5U3	ADDERSELISEGRPVETDSESEFPVFPTALTSE
#Q9H254	AAAAWEERFSSLRRLTTIEKIKAEQSKQPPTPL
#Q9H254	KAAAAWEERFSSLRRLTTIEKIKAEQSKQPPTP
#Q02641	AEYLEAYWKATHPPSSTPPNPLLNRTMATAALA
#ENSP00000236925	QEYMRRKQLKLMEDMDTVIKPRPQVVKQKKQRP
#Q00587	FRHTMHVGRGGDVFGDTSFLSNHGGSSGSTHRS
#O75122	QSSRLSSSVSAMRVLNTGSDVEEAVADALKKPA
#Q9UI47	KAPAKKPLIKREKPEETCAAVRRGSAKKKIHPL
#O14617	RKEKEKKGKRRHSSLPTESDEDIAPAQQVDIVT
#Q1KMD3	LGKREEDEPEERSGDETPGSEVPGDKAAEEQGD
#Q8NDI1	QTPQYLNPFDEPEAFVTIKDSPPQSTKRKNIRP
#Q8NDI1	TGVLNENTVSAGKDLSTSPKPSPIPSPVLGRKP
#Q8N8S7	KGEDSEPVTSKASSTSTPEPTRKPWERTNTMNG
#Q8N8S7	IVFDNRSYDSLHRPKSTPLSQPSANGVQTEGLD
#Q8N8S7	AAIAGAKLRKVSRMEDTSFPSGGNAIGVNSASS
#Q8N8S7	STSTPEPTRKPWERTNTMNGSKSPVISRRDSPR
#Q9NZJ0	AKRKAENPSPRSPSSQTPNSRRQSGKTLPSPVT
#Q9NZJ0	KPPSSFKMSIRNWVTRTPSSSPPITPPASETKI
#Q9NZJ0	SIRNWVTRTPSSSPPITPPASETKIMSPRKALI
#Q9HDC5	KPPTPKESPHFYRKGTTPPRSPEASPKHSHSPA
#Q9HDC5	EKPPTPKESPHFYRKGTTPPRSPEASPKHSHSP
#Q9HDC5	VDAKENPEEKVPEKPPTPKESPHFYRKGTTPPR
#Q5SW79	PSYNRDNSISPESDVDTASTISLVTGETERKST
#Q5SW79	VPVYLKRLKGNKHDDGTQSDSENAGAHRRCSKR
#Q5SW79	SATSEKDNDDDQSDKGTYTIELENPNSEEVEAR
#Q5SW79	LENETEISESGMTVRSTGSATSLASQGERRRRT
#Q5SW79	TEISESGMTVRSTGSATSLASQGERRRRTLPQL
#Q5SW79	PKQKSSPVNNHHSPGQTPTLGQPEARALHPAAV
#Q5SW79	RIRERSESLDPDSSMDTTLILKDTEAVMAFLEA
#Q6Y7W6	EKTDRVGVEASEETPQTSSSSARPGTPSDHQSQ
#Q6Y7W6	PGRKDVGRPNFEEGGPTSVGRKHEFIRSESENW
#Q6Y7W6	ASEETPQTSSSSARPGTPSDHQSQEASQFERKD
#Q8N3X1	TAPQPAAPVGASAPPPTPPRPEPKEAATSTLSS
#Q8N3X1	KEMEVEESPEKIKVQTTPKVEEEQDLKFQIGEL
#Q8N3X1	DKEMEVEESPEKIKVQTTPKVEEEQDLKFQIGE
#Q8N3X1	DKTGTDSNSTESSETSTGSLCKESFSGQVSSSS
#P28290	KVFRASVALTPTAPSRTGSVQTPPDLESSEEVD
#P28290	SVALTPTAPSRTGSVQTPPDLESSEEVDAAEGA
#P28290	GNVPNEKIAIWLKDCRTPLGASLDEQSSSTLKG
#Q9Y2U8	RLDRYHHRFPQALTSNTPLKPSNKHMNSMSHLR
#Q9Y2U8	VDSSPVPRYRVNAKKLTPLLPPPLTDMDSTLDS
#Q86V48	LDIASLVTAKLVNTTITPEPEPKPQPNSREKAK
#Q86V48	DDLDIASLVTAKLVNTTITPEPEPKPQPNSREK
#Q86V48	DDDLDIASLVTAKLVNTTITPEPEPKPQPNSRE
#Q86V48	PQPNSREKAKTRGAPRTSLFENDKDAGMENESV
#P78559	PEEQGSKDRGLDSGAETEEEKDTWEEKKQREAE
#P78559	SRTEATQGLDYVPSAGTISPTSSLEEDKGFKSP
#Q9Y2K6	PAEAQPPSPRSSSPCRTPEPDNDAHLRSSSRPC
#Q8NEY1	PTKVASGRTTPAPVNQTDREKEKAKAKAVALDS
#Q8NEY1	SAKGQLTNIVSPTAATTPRITRSNSIPTHEAAF
#Q8NEY1	VPGGPPASNLRKQKSLTNLSFLTDSEKKLQLYE
#Q8NEY1	KKPISLGHPGSLKKGKTPPVAVTSPITHTAQSA
#Q8NEY1	SEAQAVIQGALNASETTPKELRIKRQNSSDSIS
#Q8NEY1	GHPGSLKKGKTPPVAVTSPITHTAQSALKVAGK
#Q8NEY1	IQKSSGIPVKPVNGRKTSLDVSNSAEPGFLAPG
#Q8NEY1	EHSLFQAKGSPAGGAKTPLAPLAPNLGKPSRIP
#Q8NEY1	KPEGKATDKGKLAVKNTGLQRSSSDAGRDRLSD
#Q8NEY1	LDSDNISLKSIGSPESTPKNQASHPTATKLAEL
#Q9UHY1	PQQEEVTSPVVPPSVKTPTPEPAEVETRKVVLM
#Q9UHY1	QEEVTSPVVPPSVKTPTPEPAEVETRKVVLMQC
#ENSP00000356110	SPKEEDEEPESPPEKKTSTSPPPEKSGDEGSED
#O96013	CAQVSKEVPRRKSLVGTPYWMAPELISRLPYGP
#O96013	AGLASGAKLAAGRPFNTYPRADTDHPSRGAQGE
#Q8NC51	QKQISYNYSDLDQSNVTEETPEGEEHHPVADTE
#Q8NC51	GVGGPGAKSAAQAAAQTNSNAAGKQLRKESQKD
#Q8NC51	RGGSGSHNWGTVKDELTESPKYIQKQISYNYSD
#Q86VQ1	QQVRTSSTIRRTSSLDTITGPYLTGQWPRDPHV
#Q86VQ1	VRTSSTIRRTSSLDTITGPYLTGQWPRDPHVHY
#Q86VQ1	SLPGPGAARGPSPSSPTPPAAAAPAEQAPRAKG
#Q86VQ1	DKAKSQQVRTSSTIRRTSSLDTITGPYLTGQWP
#O43399	DMRNSATFKSFEDRVGTIKSKVVGDRENGSDNL
#Q9Y4B5	RDYVEGARRPLDSPLCTSLGFASPLHSLEMSKN
#Q9Y4B5	PIGVGSEMCREEGGEGTPVKQDLSAPPGYTLTE
#Q9Y4B5	QQEREGPGRDHAPSIPTSPFGDSLESSTELRRH
#Q9Y4B5	FLPEKGLPSTSSKEDVTPPLSPDDLKYIEEFNK
#Q9Y4B5	DTKGGPPEPMLSRWPCTSPRHSRDYVEGARRPL
#Q9Y4B5	EQVNRIGDGLSPLPHLTESSSFLSTVTSVSRDS
#Q9Y4B5	TSSPHKCLTPKAGGGATPVSSPSRSLRSRQVAP
#Q9Y4B5	EALRGSGVTSSPHKCLTPKAGGGATPVSSPSRS
#Q92508	PGEREAGASLYQGLMRTASELLLDRRLRIPELE
#Q13557	LKKPDGVKESTESSNTTIEDEDVKARKQEIIKV
#Q00526	KLADFGLARAFGVPLRTYTHEVVTLWYRAPEIL
#Q00526	ADFGLARAFGVPLRTYTHEVVTLWYRAPEILLG
#Q3L8U1	AQRNYSQSKMAHSRTSTPLLQQYQVALSASPLT
#Q3L8U1	NESSDEISDAEQMPQHTLKDQDSQKRRSNRQIK
#Q96Q15	YQPSFAAAVRSNTGQKTQPDVMSQNARKLIQKN
#Q96Q15	QNARKLIQKNLATSADTPPSTVPGTGKSVACSP
#Q5JRA6	TKFGSTADALVSDDETTRLVTSLEDDFDEELDT
#Q5JRA6	EASGKPSPSDPGSGTATMMNSSSRGSSPTRVLD
#Q5JRA6	CSPPLTVEPPVRPLSATLNRRDMPRSEFGSVDG
#O75385	NYQRIERNLQSPTQFQTPRSSAIRRSGSTSPLG
#Q52WX2	SDVTKHYELVRELGKGTYGKVDLVVYKGTGTKM
#Q6P0Q8	LQKQEAIREVDSSEDDTEEGPENSQGAQELSLA
#P48730	ERLRHSRNPATRGLPSTASGRLRGTQEVAPPTP
#P48730	RLRGTQEVAPPTPLTPTSHTANTSPRPVSGMER
#P48730	SGRLRGTQEVAPPTPLTPTSHTANTSPRPVSGM
#Q9P2K8	YYNAWIERHERPAGPGTPPPDSGPLAKDDRAAR
#Q9UBF8	PAHRKRELPSLSPAPDTGLSPSKRTHQRSKSDA
#Q9UBF8	IAAGDIRRRLSEQLAHTPTAFKRDPEDPSAVAL
#P49761	DRLPYQRRYRERRDSDTYRCEERSPSFGEDYYG
#Q8IVT5	GRLTPRALHSFITPPTTPQLRRHTKLKPPRTPP
#Q8IVT5	LHASGRLTPRALHSFITPPTTPQLRRHTKLKPP
#Q8IVT5	APACRISFLPLTRLRRTESVPSDINNPVDRAAE
#P49759	STSHRRSHGKSHRRKRTRSVEDDEEGHLICQSG
#P49759	KVVDFGSATYDDEHHSTLVSTRHYRAPEVILAL
#Q92925	TFSPSKAEGDSAGTAGTPGGTPAGDKVASWELR
#Q92925	FIQEWLRSQRRDLKIITDVIGNPEEERRAAFYH
#P62750	LKGVHSHKKKKIRTSPTFRRPKTLRLRRQPKYP
#O95671	EDLRRSVKHDSIPAADTFEDLSDVEGGGSEPTQ
#Q9GZY8	LSERPLDFLDLERPPTTPQNEEIRAVGRLKRER
#Q9GZY8	KISRFQAPISAPEYTVTPSPQQARVCPPHMLPE
#Q9GZY8	TLSERPLDFLDLERPPTTPQNEEIRAVGRLKRE
#Q16186	SSSSRSQSAAVTPSSTTSSTRATPAPSAPAAAS
#Q16186	PGSSSSSSSRSQSAAVTPSSTTSSTRATPAPSA
#P49588	TVKNAQVRGGYVLHIGTIYGDLKVGDQVWLFID
#Q8IZQ1	GTPALSRKRHAYHSVSTPPVYPPKNVADLKLHV
#Q9NTJ4	GGPTQTMLDRLKRLSNTDGLPRVQLSSPRQLFS
#P40222	KSSEVFTTFKQEMEKMTKKIKKLEKETTMYRSR
#Q9NTI5	ESTQSTPQKGRGRPSKTPSPSQPKKNVRVGRSK
#Q9NTI5	PKKGKRGRPPKPLGGGTPKEEPTMKTSKKGSKK
#Q9NTI5	FSNTKNYLPPEMKSFFTPGKPKTTNVLGAVNKP
#Q9NTI5	QRAESPESSAIESTQSTPQKGRGRPSKTPSPSQ
#Q63ZY3	PQPQAWPPPDSPVRVDTVRVVEGPREVEVVAST
#Q63ZY3	VGVGLPPPTPRSSGLSTPVPPSAGHLAHVREQM
#Q63ZY3	EPTRQAASQESEEAGGTGGPPAGVRSIMKRKEE
#Q9UPS8	RKNLEATYGTVRTGNRTLFEDRDSDSQDEVVVE
#Q9UPS8	NFDTKNVPKPSLAKLMTASQQSRKNLEATYGTV
#Q6UB99	NNTIAPKKASHRILSDTSDEEDASVTVGTGEKL
#Q6UB99	DDKKGKEKSWYIADIFTDESEDDRDSCMGSGFK
#Q6UB99	GVSYNMKADIEDELDKTIELFSTEKKDKNDSER
#Q13796	TALAQAQPRGDRRPELTDRPWRSAHPGSLGKGS
#Q96EA4	SALGGEVYRLPPQKEETQSCPNSLEDNNLQLEK
#Q99700	RQNSPAGNKENIKPNETSPSFSKAENKGISPVV
#Q99700	VSHNPPSEAATPPVARTSPSGGTWSSVVSGVPR
#Q99700	SEAATPPVARTSPSGGTWSSVVSGVPRLSPKTH
#Q99700	IIPTEAVAMPIPAASPTPASPASNRAVTPSSEA
#Q99700	PAASPTPASPASNRAVTPSSEAKDSRLQDQRQN
#Q6SPF0	ISYRNAARVQPPRRGATPPAPPRAPRGAPAAAA
#ENSP00000313171	PFDSESPIRMKFTRISTPKKSKKKSNKRSEKSE
#Q96T60	WEETRTPESQPDTPPGTPLVSQDEKRDAELPKK
#Q96T60	LTLRWEETRTPESQPDTPPGTPLVSQDEKRDAE
#Q7L2J0	AAGGSESHPVPPTAPLTPLLHGEGASQQPRHRG
#Q7L2J0	NTCTDEGHVVLASPLKTGRKRHRHRGQHHQQQQ
#Q7L2J0	FDPLNLNSLLDEEVSRTLNAETPKSSPLPAKGR
#Q7L2J0	LNSLLDEEVSRTLNAETPKSSPLPAKGRDPVEI
#Q7L2J0	ILIPKDITDPLSLNTCTDEGHVVLASPLKTGRK
#Q6QNY0	TRGRPTGLRVAGEAAETDSEPEPEPEPTAAPRD
#P80723	SDSKPGSSEAAPSSKETPAATEAPSSTPKAQGP
#P80723	APSSKETPAATEAPSSTPKAQGPAASAEEPKPV
#P80723	KEKDKKAEGAATEEEGTPKESEPQAAAEPAEAK
#Q6IQ49	MAAKFPSGSQRARVVNTDHGSPEQLQIPVTDSG
#Q6IQ49	ESKEHMESRMVTETEETQEKKAESKEPIEEEPT
#Q99618	LARVADPRSPSAGILRTPIQVESSPQPGLPAGE
#Q99618	QLEGLKHAQDSDPRSPTLGIARTPMKTSSGDPP
#Q99618	EFPSKQVFSKEEARQPTETPVASQSSDKPSRDP
#Q99618	NRWKPNSSKVLGRSPLTILQDDNSPGTLTLRQG
#Q99618	HAQDSDPRSPTLGIARTPMKTSSGDPPSPLVKQ
#Q99618	LGRSPLTILQDDNSPGTLTLRQGKRPSPLSENV
#Q99618	TPVASQSSDKPSRDPETPRSSGSMRNRWKPNSS
#Q9NS85	SDNFRPVQPLNNRCIRTNINFSLQGKDCPNNRA
#Q9BY44	SPDLAPTPAPQSTPRNTVSQSISGDPEIDKKIK
#Q9BY44	RSDKSPDLAPTPAPQSTPRNTVSQSISGDPEID
#Q9BY44	AAKQEARSDKSPDLAPTPAPQSTPRNTVSQSIS
#Q9H3Q1	PHSPDPLLDEQAFGDLTDLPVVPKATYGLKHAE
#Q5T9S5	KLRIMAVKNSEVMAQLTESRQSILKLESELENK
#Q9HC52	PSAGLGEYLKGRKLDDTPSGAGKFPAGHSVIQL
#P53675	TLQIFNIEMKSKMKAHTMAEEVIFWKWVSVNTV
#Q6BCY4	PMLQLIRHITKDPSDRTRMSLIFANQTEEDILV
#Q8TDD1	KLGPGRPLPTFPTSECTSDVEPDTREMVRAQNK
#Q9H0G5	EIEETRVNCRREKVIETPENDFKHHRSQNHSRS
#Q9H0G5	LQKPSVFGNDSDDDDETSVSESLQREAAKKQAM
#Q9H0G5	DSDFDAKSSADDEIEETRVNCRREKVIETPEND
#ENSP00000335320	SINQMGSPGMGHLKSPTLSQVHSPLVTSPSANL
#ENSP00000335320	HSPLVTSPSANLKSPQTPSQMVPLPSANPPGPL
#Q15054	GEGCIVTEKVYESESCTDSEEELNMKTSSVHRP
#Q9NRF9	YATSCANNFAMKGKRKTLNASDVLSAMEEMEFQ
#Q9NRF9	SDVLSAMEEMEFQRFVTPLKEALEAYRREQKGK
#Q96JC9	PPMPFRAPTKPPVGPKTSPLKDNPSPEPQLDDI
#P26641	AQVRVLSAPPHFHFGQTNRTPEFLRKFPAGKVP
#P26641	AQFDAKKFAETQPKKDTPRKEKGSREEKQKPQA
#Q8NI08	AGNQDTLNSIALKFNITPNKLVELNKLFTHTIV
#Q8NI08	VPGQVLFVPDANSPSSTLRLSSSSPGATVSPSS
#Q8NI08	DLARKALKPIERVLSSTSEEDEPGVVKFLKMNC
#O75822	EEIKKRLEEPEEPKVLTPEEQLADKLRLKKLQE
#Q6PJ61	DEASEGDSPAPARPEDTPPAPPPPPARDCGASG
#Q9Y2K7	NLRHSPRVLVQHCPARTPQRGDEEGLGGEEEEE
#Q9Y2K7	VQAKVLRPLRSCDEPLTPPPHSPTSMLQLIHDP
#Q9Y2K7	TIPITKPHTMKPAPRLTPVRPAAASPIVSGARR
#Q9Y2K7	PLRSCDEPLTPPPHSPTSMLQLIHDPVSPRGMV
#Q0JRZ9	GINEIPRPFSPPVTSNTSPPPAAPLARAESSSS
#Q0JRZ9	KLSGINEIPRPFSPPVTSNTSPPPAAPLARAES
#Q9Y2H6	KGGTQVDTEIEEKDEETKAFEALLSNIVKPVAS
#Q96HE9	KPNSKVLSTRVTNVLITPGKSQMDLRKLLRKVD
#Q92917	PKGLGLGANLTEAQALTPTGPSRMPRPDEEQEK
#Q5T3I0	PKPNLLYQKFVKMATLTSGGEKPNKDLESCSDD
#Q8WUA4	SAPLVPGLLDQSNPLSTPMPKKRGRKSKAELLL
#Q96CP6	DRSQEPSPVGSRRGHVTPNLSRASSDADHGAEE
#P36915	SSSNSRSGSRERREEQTDTSDGESVTHHIRRLN
#P36915	SNSRSGSRERREEQTDTSDGESVTHHIRRLNQQ
#P36915	DLSSWREKIARDVAGATWGNGSGEEEEEEDGPA
#O75367	LLAKKRGSKGKLEAIITPPPAKKAKSPSQKKPV
#O75367	QGEVSKAASADSTTEGTPADGFTVLSTKSLFLG
#O75367	KKKQGEVSKAASADSTTEGTPADGFTVLSTKSL
#O75367	SKKKQGEVSKAASADSTTEGTPADGFTVLSTKS
#Q4G0J3	KEASEASKENRDIEISTEEEKDTGDLKDSSLLK
#Q4G0J3	MDTSNTSISKMKRSRPTSEGSDIESTEPQKQCS
#Q9UK76	TEQPVRKNKMASNIFGTPEENQASWAKSAGAKS
#O95714	LAELPAAAQPSAEDSDTEDDSEAEQTERNIHPT
#Q69384	IVSPVSGPEHPELWRLTVASHHIRIWSGNQTLE
#O94992	LKTGLYSKRAAAKSDDTSDDDFMEEGGEEDGGS
#P16402	TAAGTKKVAKSAKKVKTPQPKKAAKSPAKAKAP
#P22492	SPKTAKTNKRAKKPRATTPKTVRSGRKAKGAKG
#P22492	PKTAKTNKRAKKPRATTPKTVRSGRKAKGAKGK
#Q16630	PPYDRGDYGPPGREMDTARTPLSEAEFEEIMNR
#Q16630	DRGDYGPPGREMDTARTPLSEAEFEEIMNRNRA
#Q9P013	RLDQIPAANLDADDPLTDEEDEDFEEESDDDDT
#Q9P013	TDEEDEDFEEESDDDDTAALLAELEKIKKERAE
#Q01581	EKHRRTYARRPTPNDDTLDEGVGLVHSNIATEH
#Q01581	LVRVDEKHRRTYARRPTPNDDTLDEGVGLVHSN
#Q3KR37	AHLRVPHLEEVMSPVTTPTDEDVGHRIKHVAGS
#Q3KR37	VEENEVNDSSSKSSIETKPDASPQLPKKSITNS
#Q3KR37	LRVPHLEEVMSPVTTPTDEDVGHRIKHVAGSTQ
#Q3KR37	NEVFNFSVDKLYDLLFTNSPFQRDFMEQRRFSD
#Q8WUA2	FDDPPDLLIPDRSPEPTREQLDSGRIGADEEID
#Q7Z3V4	LKPEILQDSRLITLYLTMLVTFTDTSTWKILRG
#Q9UPQ0	DDSFDSLDSFGSRSRQTPSPDVVLRGSSDGRGS
#Q9UPQ0	KSAVPFNQYLPNKSNQTAYVPAPLRKKKAEREE
#Q9HCK8	TSGASKTKGKSKLNTITPVVGKKRKRNTSSDNS
#Q9HCK8	DLDMDLLNSKNNLVIDTPRVRKQTRHFSTLKDD
#Q69YQ0	AAAAIPRTPLSPSPMKTPPAAAVSPMQRHSISG
#Q68DN1	MGLTKSKNQSMKSPGTTPGPLGRIVEFMRISPE
#Q68DN1	SMGLTKSKNQSMKSPGTTPGPLGRIVEFMRISP
#Q68DN1	EHTILTHKQGLQAVKSTVIKTEPPKVMETEDLN
#Q5JTV8	GLRDSHSSEEDEASSQTDLSQTISKKTVRSIQE
#Q5JTV8	EATSVQQKVNFSEEGETEEDDQDSSHSSVTTVK
#Q96C57	RHKVNEHEQDGNELQTTPEFRAHVAKKLGALLD
#Q96C57	KKAKKVASVDSAVAATTPTSMATVQKQKSGELN
#Q9H814	KMKQAIKSLNFQEDDDTSRETFASDTNEALASL
#ENSP00000369626	LRSSSPFSGHSDENKATGQGRENRDQPQRPSHL
#Q9NXH8	QPKFFTFDSPAELPSRTPRKKRRRSRLVLYPET
#Q9H6H4	RRPPIGYRAGGLQDSDTEDECWSDTEAVPRAPA
#Q0ZGT2	ELAKRAEQIEDINNTGTESASEEGDDSLLITVV
#Q0ZGT2	QRELAKRAEQIEDINNTGTESASEEGDDSLLIT
#Q96MT7	YTLTIWNWKEEQPILRTKAFSQEVFKVTFNPDK
#Q9BZE9	GGGQRLGGPPGPTRPLTSSSAKLPKSLSSPGGP
#ENSP00000282964	FLRVDPKRDIVLDVSSTSSEDSDEENEELNKLQ
#Q8N573	PSSTFTGIRPARVVSSTSEEEEAFTEKFLKINC
#Q7Z309	DFDKPEKLYSPKRIDFTPVSPAPSPTRGFGKMF
#Q7Z309	SPKRIDFTPVSPAPSPTRGFGKMFVSSSGLPPS
#Q6ZTN6	SLQLSTEPRGPGSPPRTPPAPGPPSFEEQLRLA
#Q8NCF5	SPSRILLLFGETELSPTATPRTLKLGVADIIDC
#Q9H8Y8	PTAKAPTTVEDRVGDSTPVSEKPVSAAVDANAS
#Q9H8Y8	EGKKISLPGQMAGTPITPLKDGFTEVQLSSVNP
#Q9H8Y8	PFEEGKKISLPGQMAGTPITPLKDGFTEVQLSS
#Q9H8Y8	TTTAKADAASSLTVDVTPPTAKAPTTVEDRVGD
#Q86VR2	EVSCTDNGTFNLSRGQTPLTEGSEDLDGHSDPE
#Q86VR2	FCPQLDDSTVARELAITDSEHSDAEVSCTDNGT
#Q86VR2	CTDNGTFNLSRGQTPLTEGSEDLDGHSDPEESF
#Q86VR2	QRATRGFLRSPSSDLDTDAEGDDFELLDQSELS
#Q6PJG2	APPPITPKSAHRTLLRTNSAEVTPPVLSVMGEA
#Q6PJG2	NSAEVTPPVLSVMGEATPVSIEPRINVGSRFQA
#Q6PJG2	PKSAHRTLLRTNSAEVTPPVLSVMGEATPVSIE
#Q8N1G4	DVMDALILKMAEMKKYTLENKEEGSLSDTEADA
#Q8N1G4	MKKYTLENKEEGSLSDTEADAVSGQLPDPTTNP
#Q9UKB5	TTTTTATPMTLQTKGFTESLDPRRRIPGGVSTT
#ENSP00000350092	HSKVVRNRSREARKDRTPPPRFRPAGAAARPPP
#Q4W5G0	IYEVSRAWNMVKSSTITKAWKKLFPGNEENSGM
#O95373	HENDSDDDDEAEDDDETEELGSDEDDIDEDGQE
#Q9UHR4	AIKVPEKIMNMIEEIKTPASTPVSGTPQASPMI
#Q9UHR4	PEKIMNMIEEIKTPASTPVSGTPQASPMIERSN
#Q9UHR4	NMIEEIKTPASTPVSGTPQASPMIERSNVVRKD
#Q9UHR4	YTKLLEENETEAVTVPTPSPTPVRSISTVNLSE
#Q92764	SEQLQSCQAEIIELRRTVNALEIELQAQHSMRD
#Q86XL3	ASHVSRYGGSPRDPVLTLRAFAGPLSPAKAEDF
#Q86XL3	LVRRLGPRPGGLGRSGTPVPPPSAAAAPASGEM
#Q9ULL5	FLKSGKRHPPLYQAGLTPPLSPPKSVPPSVPAR
#Q9ULL5	PLHLAKKQETAAVCGETDEEAGESGGEGIFRER
#Q5T4S7	ATCMAILHVGSAQQVRTGSTSSKEDDYESDAAT
#Q5T4S7	RNKRRHVTLPSSPRSNTPMGDKDDDDDDDADEK
#Q5T4S7	MAILHVGSAQQVRTGSTSSKEDDYESDAATIVQ
#Q5T4S7	QALIRVLRPRNKRRHVTLPSSPRSNTPMGDKDD
#Q8IXQ4	STQKSDKGRDDPGQQETDSSEDEDIIGPMPAKG
#P33176	QIAKPIRPGQHPAASPTHPSAIRGGGAFVQNSQ
#Q92615	RKKREEKFTSSQTQSPTPPKPPSPSFELGLSSF
#Q92615	SFGYRKKREEKFTSSQTQSPTPPKPPSPSFELG
#Q92615	FENRLSSLIIGPSKERTLSADASVNTLPVVVSR
#P25391	DCYYDESVAKQKKSLNTAGQFRGGGVCINCLQN
#Q9P2V4	SMRRVIVQPGKTRVTITGLLPKTKYVACVCVQG
#Q9Y4F3	RMENEDVFGNRIIVSFTPKNRELCETKSSNAIA
#Q9Y608	ATTPLSGNSSRRGSGDTSSLIDPDTSLSELRDI
#Q9Y608	SSRRGSGDTSSLIDPDTSLSELRDIYDLKDQIQ
#Q9Y383	ADCDRRTEVAKKRLAETQEEISAEVAAKAERVH
#Q86UE4	KPNGRTVEVAEGEAVRTPQSVTAKQPPEIDKKN
#Q86UE4	SKKKKKKKKKQGEDNSTAQDTEELEKEIREDLP
#Q9BXY0	FDKALEQQEAESDSSDTEEKDDDDDDEEDVGKR
#Q8N4S9	ADAVFPRDPYGSLDRHTQTVRTYSEKVEEYNLR
#O94776	SRGHLSRPEAQSLSPYTTSANRAKLLAKNRQTF
#O94776	NAIKAECSIRLPKAAKTPLKIHPLVRLPLATIV
#O94776	ATIVKDLVAQAPLKPKTPRGTKTPINRNQLSQN
#Q9UIF8	DTSGGIDLGEEQHPLGTPTPGRKRRRKGGDSDY
#Q96BV0	KSFTWWSSLNIHQRIHTGERPYACPECGRRFSQ
#Q969V6	ATVASSGVVKFGSTGSTPPVSPTPSERSLLSTG
#Q969V6	LPAPPKSAGEALGSSGTPPVRSLSTTNSSSSSG
#O15403	ENRKEAQYMLENEKTRTSIDSIDSGVELTTSPK
#O15403	IQENRKEAQYMLENEKTRTSIDSIDSGVELTTS
#O15403	KTRTSIDSIDSGVELTTSPKNVPTHTNLELEPK
#Q99547	DVSDEEMARRYETLVGTIGKKFARKRDHANYEE
#Q99549	LKTLKEIRNAFDLFKLTPEEKNDVSENNRKREE
#Q99549	NNDIFEANSDSDQQSETKEDTSPKKKKKKLRQR
#O15439	LLKKDNEESEQPPVPGTPTLRNRTFSESSVWSQ
#Q8NEZ4	KSDNSDIRPSGSPPPPTLPASPSNHVSSLPPFI
#Q68EM7	PPSLSPKPPTRSPSPPTQHTGQPPGQPSAPSQL
#Q68EM7	LSPKPPTRSPSPPTQHTGQPPGQPSAPSQLSAP
#Q15758	GAGLLQNYVDRTESRSTEPELIQVKSELPLDPL
#Q6ZNB6	AGGGREKGSVGAVPSGTSPGGVATTAAAGSRHS
#ENSP00000366407	QEKLEASDCDHQQNSPTLERPGRKRKWTETQDS
#P30414	SKSGRKIKGRGTIRYHTPPRSRSCSESDDDDSS
#ENSP00000307525	KNVNIYRDSAIPVESDTDDEGAPRISLAEMLED
#P56182	TKDSLVLNNITRGIFETIVEQAPLAIEDLLNEL
#P56182	VEQAPLAIEDLLNELDTQDEEVASDSDESSEGG
#Q76FK4	HFGTDDRFRMDSRFLETDSEEEQEEVNEKKTAE
#Q76FK4	SGLETAKKRNSISDDDTDSEDELRMMIAKEENL
#Q76FK4	SDDDIMRNDREYDSGDTDEIIAMKKNVAKVKNS
#Q76FK4	PLTQQQAAQKRTCDSITPSKSSPVPVSDTQKLK
#Q76FK4	DCGKEKPEEIQDPAALTSDAEQPSGFTFSFFDS
#Q9P0K7	PISPTQLSDVSSPRSITSTPLSGKESVFFAEPP
#Q9P0K7	SPTQLSDVSSPRSITSTPLSGKESVFFAEPPFK
#Q6RI45	HSLDGPLTNGDGREPRTGIKRKLLSASEEDENM
#Q9Y2N3	DDHLNKRSRSSSMSSLTGAYTSGIPSSSRNAIT
#Q99567	REDVEVAESPLRVLAETPDSFEKHIRSILQRSV
#Q99567	KPASSSLPSSPPPQLLTRNVVFGLGGELFLWDG
#Q9BZE4	AIMKKLEELEKEEELRTAAGEYDSVSESEDEEM
#O75607	KSGSGPVRITGRHQIVTMSNDVSEEESEEEEED
#Q9UKX7	NSGRNSESESNKVAAETQSPSLFGSTKLQQEST
#Q8NFH5	QPNISVMQSPLVGVTSTPGTGQSMFSPASIGQP
#Q8NFH5	AYKASTSDYQVISDRQTPKKDESLVSKAMEYMF
#Q8NFH5	MESSDRCALSSPSLAFTPPIKTLGTPTQPGSTP
#Q8NFH5	SPSLAFTPPIKTLGTPTQPGSTPRISTMRPLAT
#Q8NFH5	LSSPSLAFTPPIKTLGTPTQPGSTPRISTMRPL
#Q8NFH5	ISVMQSPLVGVTSTPGTGQSMFSPASIGQPRKT
#Q8NFH5	FTPPIKTLGTPTQPGSTPRISTMRPLATAYKAS
#Q8NFH5	PVRSIYDDISSPGLGSTPLTSRRQPNISVMQSP
#Q9Y6R0	VAPGPAQPGHVSPTPATTSPGEKGEAGTPVAAG
#Q9Y6R0	SPTPATTSPGEKGEAGTPVAAGTTAAAIPRRHA
#Q9Y5N6	EKVEEMPHKPQKDEDLTQDYEEWKRKILENAAS
#Q9Y5N6	LEKIGQQVDREPGDVATPPRKRKKIVVEAPAKE
#P43354	HSGSVYYKPSSPPTPTTPGFQVQHSPMWDDPGS
#Q6PID6	QKVAQRIKKSEAPAEVTHFSPKSIPDYDFESDE
#Q9P2D0	SYAGVGSPRDLQSPDFTTGFHSDKIEAKVKPYV
#Q5JSZ5	GGGRHIISATSLSTSPTELGSRNSSTGDGAPSS
#Q5JSZ5	RSEDQNCVPPLQERKVTPIDSPPVWSPEGYMAL
#Q3YEC7	QRRADDFPVRDDPSDVTDEDEGPAEPPPPPKLP
#Q9H2D6	SCAQRDNLRASSPIRATQQDNPRTCIQQNIPRS
#Q9H2D6	QRSEERRKWFEATDSRTPEVPAGEGPRRGLGAP
#Q6VMQ6	KQDDDLNCEPLSPHNITPEPVSKLPAEPVSGDP
#Q07065	AKSREWDMEALRSTLQTMESDIYTEVRELVSLK
#O75151	DGGKKKGKKSRESASPTIPNLDLLEAHTKEALT
#O95453	RSQANGAGALSYVSPNTSKCPVTIPEDQKKFID
#O95453	QEEAGLEDGVSGEISDTELEQTDSCAEPLSEGR
#Q8N3D4	NEAGGQVGPEAPRPPETSPEMRSSRQPAQDTAP
#Q13206	KGGKRLEGTEHRQDNDTGNEEQEEEEDDEEEME
#ENSP00000271526	IKAAAKSAALQVTKQITQEEDDSDEEVAPENFF
#O43490	IPVLDEIKSMATAIKETKEALENMNSTLKSLHQ
#O43490	ATAIKETKEALENMNSTLKSLHQQSTQLSSSLT
#Q96DM3	TIYGQLYVLFLRHHSRTSNSTGAEVVLYHLPRE
#Q8NC44	RQGKNAPPGGDEPLAETESESEAELAGFSPVVD
#Q96E09	NSSSAGSSCNSPAKVSTTTDSPVSPAQAASPFI
#Q96E09	GLRRSNSAPLIHGLSDTSPVFQAEAPSARRNST
#Q96E09	SPKRIDFIPVSPAPSPTRGIGKQCFSPSLQSFV
#Q96E09	SSAGSSCNSPAKVSTTTDSPVSPAQAASPFIPL
#O15037	AHLVPRAPGSLMISGLTEAFVMAQSRVEELAER
#Q9UKS6	TRDGTAPPPQSPGSPGTGQDEEWSDEESPRKAA
#Q9UKS6	ISRKEKGGRSPDEVTLTSIVPTRDGTAPPPQSP
#Q9UKS6	RTISRKEKGGRSPDEVTLTSIVPTRDGTAPPPQ
#Q7Z422	SASPEEEQEKPILDRPTRISQPEDSRQPNNVIR
#Q7Z422	ILKRPTSNGVVSSPNSTSRPTLPVKSLAQREAE
#O96028	RFESQEMKGIGTPPNTTPIKNGSPEIKLKITKT
#O96028	HTKRIQDPTEDAEAEDTPRKRLRTDKHSLRKRD
#O96028	HDAKLRFESQEMKGIGTPPNTTPIKNGSPEIKL
#P51151	TNVAAAFEEAVRRVLATEDRSDHLIQTDTVNLH
#O75150	ASALSRADREKAKVEETKRKESELLKGLRAELK
#Q6NUK4	SESAGYGIPLKDGDEKTDEEAEGPYSDNEMLTH
#Q6NUK4	QGAITERLRSFSMHDLTTIQGDEPVGQRPYQPL
#Q6NUK4	GAITERLRSFSMHDLTTIQGDEPVGQRPYQPLP
#Q9H063	CQEGQPHVLEALSPPQTSGLSPSRLSKSQGGEE
#O15085	GGTTPVGSFHTEAARWTDGSLSPPAKEPLASDS
#O15085	TSSLSTRSLENPTPPFTPKMGRRSIESPSLGFC
#O15085	HRELLKSLGGESSGGTTPVGSFHTEAARWTDGS
#O15085	AHRELLKSLGGESSGGTTPVGSFHTEAARWTDG
#O15085	MNRNSVLSDPGLDSPRTSPVIMARVAQHHRRQG
#O15085	ASSSTSSLSTRSLENPTPPFTPKMGRRSIESPS
#Q8WU17	REAAAESDRELNEDDSTDCDDDVQRERNGVIQH
#Q8IXT5	EMKRTDRVGRGRPGSGTSGVDSLSNFIESVKEE
#Q8IXT5	NDRHFRKRSHSKSPRRTRSRSPLGFYVHLKNLS
#Q14690	KAFQQSVEQDNLFDISTEEGSTKRKKSQKGPAK
#O94979	DASKRLEFLYDKLREQTLSPTITSGLHNIARSI
#O94979	RLEFLYDKLREQTLSPTITSGLHNIARSIETRN
#Q9NRX5	SNNSQVNKLTLTSDESTLIEDGGARSDGSLEDG
#Q5TCZ1	SGDLKPRSASDAGIRGTPKVRAKKDADANAGLT
#Q9Y2K3	EKGLVAQLQKTVKELQTQIKDLKEKLEAERTTR
#O75044	TQLLKDPEPAFQRSASTAGDIACAFRPVKSVKM
#P04920	SEAEGARALTQPSPVSTPSSVQFFLQEDDSADR
#P04920	ERTSPSSPAPLPHQEATPRASKGAQAGTQVEEA
#P04920	PQGPGRKPRRRPGASPTGETPTIEEGEEDEDEA
#Q96FF9	KSGSELPSILPEIWPKTPSAAAVRKPIVLKRIV
#Q96FF9	RRSYSRLETLGSASTSTPGRRSCFGFEGLLGAE
#Q96FF9	LTKEDLFKTHSVPATPTSTPVPNPEAESSSKEG
#Q96FF9	ENEPPGRELTKEDLFKTHSVPATPTSTPVPNPE
#Q96FF9	RELTKEDLFKTHSVPATPTSTPVPNPEAESSSK
#Q96FF9	KEDLFKTHSVPATPTSTPVPNPEAESSSKEGEL
#Q9BX95	GPASPRRAGALRRNSLTGEEGQLARVSNWPLYC
#Q9ULH1	SSSISPQDKLALPGFSTPRDKQRLSYGAFTNQI
#Q9UPN4	NSTTQVSQPRSGSPRPTEPTDFLMLFEGSPSGK
#Q9UPN4	TQVSQPRSGSPRPTEPTDFLMLFEGSPSGKKRP
#Q9UPN4	GPGGSQAINNLRRSNSTTQVSQPRSGSPRPTEP
#Q13443	NPSRQPGSVPRHVSPVTPPREVPIYANRFAVPT
#O00203	DPSVRNVEVIELAKEWTPAGKAKQENSAKKFYS
#O14727	GKQDKSGLLMKLQNLCTRLDQDESFSQRLPLNI
#Q9HB09	LAAFLRRGEAAGSPVPTPPRSPAQEEPTDFLSR
#Q9H0E9	RQAPGYKDVVKRPMDLTSLKRNLSKGRIRTMAQ
#P33240	QGGSQPGGFSPGQNQVTPQDHEKAALIMQVLQL
#P33240	GAVVPQGSRQVPVMQGTGMQGASIQGGSQPGGF
#Q96BY6	KSGWLYKGNFNSTVNNTVTVRSFKKRYFQLTQL
#O15061	EVSQDRRAEVSPKGLQTPVKDAGGGTGREAEAR
#P55265	MGFTEVTPVTGASLRRTMLLLSRSPEAQPKTLP
#P55265	LIGENEKAERMGFTEVTPVTGASLRRTMLLLSR
#P55265	SHYSTEKESEKTAESQTPTPSATSFFSGKSPVT
#Q14677	TANPSKTIDLGAAAHYTGDKASPDQNASTHTPQ
#Q14677	TVTTKHIHITQATETTTTRHKRTANPSKTIDLG
#Q14677	AAHYTGDKASPDQNASTHTPQSSVKTSVPSSKS
#Q6GYQ0	ILPRSTRVRHFSQSEETGNEVFGALNEEQPLPR
#Q6GYQ0	TGSPGTEKARSIVRQKTVDIDDAQILPRSTRVR
#Q9BR39	ERETPRPEGGSPSPAGTPPQPKRPRPGVSKDGL
#Q86UP2	KIPGKKVEPVPVTKQPTPPSEAAASKKKPGQKK
#Q8NHP6	KEVPRNKVMEHRLRCHTVESSKPNTLTLKDNAF
#Q8NHP6	MEHRLRCHTVESSKPNTLTLKDNAFNMSDKTSE
#Q9BU76	KKDKEHRRPAEATSSPTSPERPRHHHHDSDSNS
#Q8IUG5	VDFDDFLPAIRKPQTPTSLAGSAKGGQDGSQRS
#Q8IUG5	TKVDFDDFLPAIRKPQTPTSLAGSAKGGQDGSQ
#Q6T4R5	HSQSVLQRRRKLRRRKTISGIPRRVQQEIDSDE
#Q6T4R5	DHLDKVRGHRANSFTSTVADLLDDPNNSNTSDS
#Q6T4R5	VTKDQVRTETEPIPENTPTKNCAFPTEGFQRVS
#Q13470	GISRSLESVLSLGPRPTGGGSSPPEIRQARAVP
#Q9HAU0	PSHRAQIMARYPEGYRTLPRNSKTRPESICSVT
#Q9HAU0	KGRGHEEETRGVISYQTLPRNMPSHRAQIMARY
#Q9HAU0	TLPRNSKTRPESICSVTPSTHDKTLGPGAEEKR
#Q9HAU0	GSHFPVGVVPPRAKSPTPESSTIASYVTLRKTK
#Q9HAU0	RNSKTRPESICSVTPSTHDKTLGPGAEEKRRSM
#Q8IWK6	DCNILWMHRWVKEKNITVRDTRCVYPKSLQAQP
#Q53EZ4	GETENREKVAASPKSPTAALNESLVECPKCNIQ
#Q9HCE1	DLNRKEVLTLRLRNGGTQSVTLTHLFPLCRTPQ
#Q9HCE1	LAAVAHSPLAAQLKPMTPFKRTRITGNPVVTNR
#Q9HCE1	KEVLTLRLRNGGTQSVTLTHLFPLCRTPQFAFY
#Q15276	SGFMLTKDQERAIKAMTPEQEETASLLSSVTQG
#Q15276	KSDNDMFKDGLRRAQSTDSLGTSGSLQSKALGY
#Q6WKZ4	NKDSGSDTASAIIPSTTPSVDSDDESVVKDKKK
#Q92900	GDEFKSQIDVALSQDSTYQGERAYQHGGVTGLS
#Q7Z5J4	NSKKLSSTDCFKTEAFTSPEALQPGGTALAPKK
#Q7Z5J4	KDFSPGLFEDPSVAFATPDPKKTTGPLSFGTKP
#Q9Y6N7	LTSTYAGIRKVPSFTFTPTVTYQRGGEAVSSGG
#Q9Y6N7	NGLTSTYAGIRKVPSFTFTPTVTYQRGGEAVSS
#Q9Y6N7	YLQQDELEEEEDERGPTPPVRGAASSPAAVSYS
#Q9Y6N7	DDLPPPPVPPPAIKSPTAQSKTQLEVRPVVVPK
#O60524	TSELISEEMEQLDGGDTSSDEDKEEHETPVEVE
#Q9Y210	YPCFRGSDNRLAHRRQTVLREKGRRLANRGPAY
#Q7Z6B7	LDTLEQVKNSPTPATSTESLSPLHNVALRSSEP
#Q7Z6B7	VVLDTLEQVKNSPTPATSTESLSPLHNVALRSS
#Q7Z6B7	APDVVLDTLEQVKNSPTPATSTESLSPLHNVAL
#Q7Z6B7	LHNVALRSSEPQIRRSTSSSSDTMSTFKPMVAP
#Q7KZ85	TPSSSSRTRTPASINATPANINLADLTRAVNAL
#Q7KZ85	DSGDSEDDVGHKKRKRTSFDDRLEDDDFDLIEE
#Q7KZ85	LFRWFKDHYQDPVPGITPSSSSRTRTPASINAT
#Q7KZ85	QDPVPGITPSSSSRTRTPASINATPANINLADL
#Q7KZ85	HYQDPVPGITPSSSSRTRTPASINATPANINLA
#P43307	GTSSQNDVDMSWIPQETLNQINKASPRRLPRKR
#P43307	LESRKRKRPIQKVEMGTSSQNDVDMSWIPQETL
#O95180	TDDEAEDGRAAPGPRATPLRRAESLDPRPLRPA
#Q9UKS7	KQSPAYMKEDVKALDTTKAPKGSLKDIYKVFNG
#Q9NRL2	LLSPRRKRRGRKSANNTPENSPNFPNFRVIATK
#Q9ULV3	FTSSGRPPSQPNTQDKTPSKVTARPSQPPLPRR
#Q9ULV3	DQDLLPCPEDIAKEKRTPAPEPEPCEASELPAK
#O95466	VEQWKKEAAAQEAGADTPGKGEPPAPKSPPKAR
#Q9ULH7	LNDKNSNSGNSALNNATPNTPRQNTSTPVRKPG
#Q9ULH7	LQSRNAPLPSLQNGPNTPNKPSSPPPPQQFVVQ
#Q9ULH7	KNSNSGNSALNNATPNTPRQNTSTPVRKPGPLP
#O75970	TAPTALGITLSSSPTSTPELRVDASTQKGEESE
#Q8WUF5	HPYSPLSPKGRPSSPRTPLYLQPDAYGSLDRAT
#O95359	KKPVAKMPLRRPKMKKTPEKLDNTPASPPRSPA
#O95359	PLRRPKMKKTPEKLDNTPASPPRSPAEPNDIPI
#O95359	EHIAKIFEKPVLGALATPGEKAGAGRSAVGKDL
#O95359	SDAKNQEGKVNTRRKSTDSVPISKSTLSRSLSL
#O95359	GRKTLPLTTAPEAGEVTPSDSGGQEDSPAKGLS
#O95359	VPEKSSQKELEAMGLGTPSEAIEITAPEGSFAS
#O95359	QESPVKSSPVRMSESPTPCSGSSFEETEALVNT
#O95359	QESPKLPQQSYNFDPDTCDESVDPFKTSSKTPS
#O95359	GDGLNKPAKKKKTPLKTDTFRVKKSPKRSPLSD
#Q92994	DGSTEDTASSLCGEEDTEDEELEAAASHLNKDL
#Q96AX9	LAHAFDRYETAHSRPVTLSPRQGLPRIPLRGIF
#Q8NF91	SLSLAQPLRSERSGRDTPASVDSIPLEWDHDYD
#Q8NEY8	ERDKERPVQSLKTSRDTSPSSGSAVSSSKVLDK
#Q8NEY8	EGNPERDKERPVQSLKTSRDTSPSSGSAVSSSK
#O60504	PLDLGTSSPNTSQIHWTPYRAMYQYRPQNEDEL
#O60504	SREPRLRLCDDGPQLPTSPRLTAAARSARHPSS
#O60504	ARHPSSPSALRSPADPTDLGGQTSPRRTGFSFP
#O60504	PSALRSPADPTDLGGQTSPRRTGFSFPTQEPRP
#Q9Y5X4	PTEFACMKALVLFKPETRGLKDPEHVEALQDQS
#Q13191	LDLIQKGIVRSPCGSPTGSPKSSPCMVRKQDKP
#O15320	PLGWPSSETRAFLSPPTLLEGPLRLSPLLPGGG
#P29590	GKDAAVSKKASPEAASTPRDPIDVDLPEEAERV
#P23497	QASDIIVISSEDSEGSTDVDEPLEVFISAPRSE
#P53804	RSSQGSPSVVVAPSPKTKGQKAEDVPVRIALGA
#Q15853	GGILSKACDYIRELRQTNQRMQETFKEAERLQM
#ENSP00000369218	IDLKRGGSSDDRQIVDTPPHVAAGLKDPVPSGF
#Q05519	EKRRHSRSRSRSRRRRTPSSSRHRRSRSRSRRR
#Q8IVL1	DAKEWLRSHSAGGLQDTAANSPFSSGSSVTSPS
#Q8IVL1	PTTVTQMSLSNPTMLRTHSLSNADGQYDPYTDS
#Q5M775	DLGRPGGAGQNISVHKTPRSPLSGIPVRTAPAA
#Q5M775	SNPRKSVSSPTSSNTPTPTKHLRTPSTKPKQEN
#Q5M775	SEVDAAGRWPGVCVSRTSPTPPESATTVKSLIK
#Q5M775	GPSNPRKSVSSPTSSNTPTPTKHLRTPSTKPKQ
#Q15527	KDLGSTEDGDGTDDFLTDKEDEKAKPPREKATD
#Q15527	ELFTRKDLGSTEDGDGTDDFLTDKEDEKAKPPR
#P82094	SVIDVKTTMESISNTSTQSLTAETKDIALEPKE
#P82094	TVVDESENFFSAFLSPTDVQTIQKSPVVSKPPA
#P82094	VIPTEEAEMEESGRSATPVNCEQPDILVSSTPI
#P82094	QETIKEKERKPFSVSSTPTMSRSSSISGVDMAG
#P82094	TIKEKERKPFSVSSTPTMSRSSSISGVDMAGLQ
#P82094	ESENFFSAFLSPTDVQTIQKSPVVSKPPAKSQR
#Q15643	LEAKEQELNQSISEKETLIAEIEELDRQNQEAT
#Q15643	RWMTGWLGGGSKSVPNTPLRPNQQSVVNSSFSE
#P49711	YASVEVSKLKRHIRSHTGERPFQCSLCSYASRD
#Q5T0N5	GGRGDRRHSSDINHLVTQGRESPEGSYTDDANQ
#Q5T0N5	INHLVTQGRESPEGSYTDDANQEVRGPPQQHGH
#Q99442	KKDGEKEESKKEETPGTPKKKETKKKFKLEPHD
#ENSP00000357794	DRVFQEEEEKEWRKRETVLRKEEEKLQEEEPQR
#Q8TAP9	GPRPPSPRDGYGSPHHTPPYGPRSRPYGSSHSP
#Q8TAP9	SPGQQQTHPQGSPRTSTPFGSGRVREKRMSNEL
#Q6EMB2	TSMNYMLATRLFQDRMTADGAPELKIESLNSKA
#ENSP00000269346	VQLSGLPVWREVTMELTKLSDQTGYVEYYRWLS
#Q9NUW8	GAPACHRLKEEEDEYETSGEGQDIWDMLDKGNP
#Q9Y385	SPRQRRAQQQSQRRLSTSPDVIQGHQPRDNHTD
#P54727	PASAAKQEKPAEKPAETPVATSPTATDSTSGDS
#O75351	PEPHARAAMFKLHLGTTQNSLTEADFRELGRKT
#O60486	MDAFSLTEQQLGKEAPTNKLLYAKDIPTYKEEV
#Q9Y4B6	KEADLPMTAASHSSAFTPVTAAASPVSLPRTPR
#Q9Y4B6	AFTPVTAAASPVSLPRTPRIANGIATRLGSHAA
#Q709C8	DIINMLLNFEIKEVVVTLMKKSEKKGRPLHELN
#Q5THJ4	KEVQDKDYPLTPPPSPTVDEPKILVGKSKFDDS
#Q5THJ4	ASRKKQKEVQDKDYPLTPPPSPTVDEPKILVGK
#Q9Y2W2	DMPGKSRKKKKNMKELTPLQAMMLRMAGQEIPE
#Q9Y2W2	DDGYPEDMDQDKHDDSTDDSDTDKSDGESDGDE
#Q9Y2W2	EDMDQDKHDDSTDDSDTDKSDGESDGDEFVHRD
#Q9BTA9	KKSFDANGASTLSKLPTPTSSVPAQKTERKEST
#Q9BTA9	ASSPRSYVSPRISTPQTNTVPIKPLISTPPVSS
#Q9BTA9	TSDASSPRSYVSPRISTPQTNTVPIKPLISTPP
#Q9BTA9	KPLISTPPVSSQPKVSTPVVKQGPVSQSATQQP
#Q9BTA9	ISTPQTNTVPIKPLISTPPVSSQPKVSTPVVKQ
#Q9BTA9	SPRSYVSPRISTPQTNTVPIKPLISTPPVSSQP
#Q9H5U6	VRKQKQRKSNKMKMETTKGQSMNHTSATRRKKR
#Q9H609	ATTTAQPTFPCPDCGKTFGQAVSLRRHRQMHEV
#Q14592	KAFTRMSGLTRHQWIHTGEKPYVCIQCGKAFCR
#Q14592	KAFSIRKDLIRHFNIHTGEKPYECLQCGKAFTR
#O43164	GEHDCMFLDPPYSRVITQRETENNQMTSESGAT
#P29323	VCKVSDFGLSRFLEDDTSDPTYTSALGGKIPIR
#Q13555	WVCQRSTVASMMHRQETVECLRKFNARRKLKGA
#Q15131	ADFGLARAYGVPVKPMTPKVVTLWYRAPELLLG
#Q6P5Z2	DLRYFEGEFTGLPPALTPPAPHSLLTARQQAAF
#Q6P5Z2	HMEPRTRRGPSPPASPTRKPPRLQDFRCLAVLG
#Q6P5Z2	CKEGIGFGDRTSTFCGTPEFLAPEVLTQEAYTR
#Q6P5Z2	DFGLCKEGIGFGDRTSTFCGTPEFLAPEVLTQE
#ENSP00000265368	SKATLSRSMTTVWQRWTRLRAVAQDQEKILEDA
#ENSP00000261887	VLFMRFVSGRSRLPANTADISQRFQIMKVDRPY
#ENSP00000314032	ALDSRVSPPAPGSAPETPEDKSKPCGSPRVQEK
#ENSP00000352065	TDSKSQVAVDLVTDDTTLRENGSKTLSPSKIEL
#ENSP00000362317	DHNPSAPRNSRNFVFHTLSPVKAEAAKESSKSQ
#Q5VZ89	TAALTCPKTSLLHIARTHSFENVSCHLPDSRTC
#Q5VZ89	VKVPSGIFDVNSRKSSTGSISNVLFSTQDPVED
#Q5VZ89	GLDPLSLLATECTGGKTPDSEDKLFSPVIARNL
#Q5VZ89	AIVAKHSQPSPEPHSPTEPPAWGSSIVKVPSGI
#ENSP00000352332	PPQGSYIYQKRWVRLDTDHLRYFDSNKDAYSKR
#ENSP00000311656	SNQPSPAFRRRRARKKTVSASESEDRLVAEQET
#ENSP00000301011	SRSRSRSFSSSPSPSPTPSPHRPSIRTKGEPAP
#ENSP00000367263	LPKADIDVSGPKVDIDTPDIDIHGPEGKLKGPK
#ENSP00000367263	KFSMPGFKGEGPDVDVTLPKADIEISGPKVDID
#ENSP00000368949	PVEEEDVGSSEKLGRETEEQDSDSAEQGDPAGE
#Q6P996	PIYVYKAQGAGVTLPPTPSGSRTKQRLPGQKPF
#Q6P996	QKPFKRSLRGSDALSETSSVSHIEDLEKVERLS
#ENSP00000357945	FITGKLVEDERSDREETESSEGEEAAAGGGAKS
#Q8TEQ0	QELIDLRGPVPGDLSQTSEDQSLSDFEISNRAL
#ENSP00000256552	TDSKATEKEKKPPMATTKGGRGKGKGKKKGKVK
#ENSP00000256552	PTDSKATEKEKKPPMATTKGGRGKGKGKKKGKV
#Q8WX93	QPPPAAVNALGLPKGVTPAGFPKKASRTARIAS
#Q8WX93	KASRTARIASDEEIQGTKDAVIQDLERKLRFKE
#ENSP00000261183	ESDNEVMGKSEESDTDTSERQDDSYIEPEPVEP
#ENSP00000261183	HDESDNEVMGKSEESDTDTSERQDDSYIEPEPV
#A1L390	SPGGRPSARSPLSPTETFSWPDVRELCSKYASR
#A1L390	TTSPGGRPSARSPLSPTETFSWPDVRELCSKYA
#A1L390	MSPQRFFFNPSAVSQRTTSPGGRPSARSPLSPT
#A1L390	PLQWEKVAPERDGKSPTVPCLQEEAGEPLGGKG
#Q96AQ6	AAWIREEGRCSSSDDDTDVDMEGLRRRRGREAG
#ENSP00000373937	YLLEGLKPDSVYLVRITAATRVGLGESSVWTSH
#Q8NFC6	LKTSDSKEGGEGFTVDTPAKASITSKRHIPEAH
#ENSP00000328992	DNTVPFKTPSNEMTPVTIDLVKKQLKDRLDSMK
#ENSP00000356607	QSGRKSVAAEGALLPQTPPSPRNLIPHGHRKCH
#ENSP00000362485	SSGGSSKGASARNSPQTPPGRDTPVFPSSLGEG
#ENSP00000246194	QGEARTRDDGDEEGLLTHSEEELEHSQDTDADD
#ENSP00000262878	RNFTKPQDGDVIAPLITPQKKEWNDSTSVQNPT
#ENSP00000296859	LWVNNHFNDFEGDPAMTRFLEEFEKNLEDTKMN
#Q8TDM6	KQRKSIFDPNTFKRPQTPPKIDYLLPGPGPAHS
#Q8TDM6	PGPAHSPQPSKRAGPLTPPKPPRRSDSIKFQHR
#Q8IWX8	KSYSPGRRRRSRSRSPTPPSSAGLGSNSAPPIP
#ENSP00000363231	PGTALVGSQKEPSEVPTPKRPRGRPKGSKNKAR
#ENSP00000223341	TLLMGLSNVTVISLAETKDIPAAILHAFLRLEK
#ENSP00000363231	KRGRGRPRKQPPVSPGTALVGSQKEPSEVPTPK
#Q92508	TEDHIQVEARVGPTDGTPEPQVELRPRDTRRIS
#P49454	WQQEKTPSHLSSNSQRTPIRRDFSASYFSGEQE
#P49454	KECLQHELQTIRGDLETSNLQDMQSQEISGLKD
#P49454	SQQAAQSADVSLNPCNTPQKIFTTPLTPSQYYS
#P49454	PTTKSVPVNNLPERSPTDSPREGLRVKRGRLVP
#ENSP00000265148	LKEKNDLDEFEALERKTKKDQEMQLIHEISNLK
#ENSP00000368382	SSLDQSPDEKPLVALDTDSDDDFDMSRYSSSGY
#ENSP00000321826	MVANDIAKMSRKLSLPTDLKPDLDVKDNSFSRS
#ENSP00000358879	FGPGLQGGSAGSPARFTIDTKGAGTGGLGLTVE
#ENSP00000329212	LKFGPARTDSVIIADQTPTPTRFLKNCEEVGLF
#ENSP00000329212	FGPARTDSVIIADQTPTPTRFLKNCEEVGLFNE
#ENSP00000362962	QKGELNVQISERKTQLTLIKQEIEKEEENLQVV
#ENSP00000362962	LSFQKGELNVQISERKTQLTLIKQEIEKEEENL
#ENSP00000361664	MGALPCGSPRLQLSPLTLCPLGRELAPRAHVLS
#ENSP00000346306	QINSKFISDRESRRSLTNSHLEKKKCDEYIPGT
#Q9Y2F5	PSSPASPVGQVSPFRETPVPPAMSPWPEDPRRA
#Q9Y2F5	AITSSRVPGEDGTLPPTQGSPLRTSNVQTCLTK
#Q9Y2F5	ILANADTSTPTDCSPDTLSKIRQEVGPPLPPLL
#ENSP00000268184	NLSGPSRRRQPPVSPLTLSPGPEAHQGFSRQLS
#ENSP00000343690	MYDGPVFDLTTTPKGGTPAGSARGSPTRPNPPV
#ENSP00000343690	AVPRGMYDGPVFDLTTTPKGGTPAGSARGSPTR
#O43566	PSSLVKVPSSATGKRQTCDIEGLVELLNRVQSS
#ENSP00000347528	NASLNEEEGTQGHPDGTPPKLDTANGTPKVYKS
#Q15788	APQQFPYPPNYGTNPGTPPASTSPFSQLAANPE
#Q5VZL5	SPMWYSTFPIDPGTLDTMLTRILMVREVHEELA
#Q5VZL5	VSSIHTDDSLEVERRVTQHESDNENEIQIQNKL
#Q9H7N4	PPKAAPPPPALTPDSQTVDSSCKTPEVSFLPEE
#Q9H7N4	SPRPDAQPTQPTPAPGTPPQVDSTRADGAMRRR
#Q9H7N4	PPALTPDSQTVDSSCKTPEVSFLPEEATEEAGV
#Q9H7N4	LQSKVAVLIREGVSSTTPAKDAASAGLGSIGVK
#Q9H7N4	EETSWSGEERAAKVPSTPPPKAAPPPPALTPDS
#Q9H7N4	PAPPAPRFDIYDPFHPTDEAYSPPPAPEQKYDP
#Q15648	EASKLPSTSDDCPAIGTPLRDSSSSGHSQSTLF
#Q15648	PKHERGSPSHSKSPAYTPQNLDSESESGSSIAE
#Q15648	KSPGSAGRSQTPPGVATPPIPKITIQIPKGTVM
#Q15648	TSTGGSKSPGSAGRSQTPPGVATPPIPKITIQI
#Q15648	PGGSDKLASPMKPVPGTPPSSKAKSPISSGSGG
#ENSP00000353402	TKIISLGKKKPSTDEQTSSAEEDVPTCGYLNVL
#ENSP00000353402	GKKITKIISLGKKKPSTDEQTSSAEEDVPTCGY
#Q5T1M5	VAPDGPLQESSTRLSLTSDPEEGDPLALGPESP
#Q5T1M5	VCVREVAPDGPLQESSTRLSLTSDPEEGDPLAL
#ENSP00000325313	KALELPLAASSIPRPRTPSPESHRSPAEGSERL
#ENSP00000301011	TSSPCEEEGDEGEEDRTSDLRDEASSVTRELDE
#ENSP00000301011	KPGDPREARRKERPARTPPRRRTLSGSGSGSGS
#ENSP00000341271	PQGARSDAPWASVTPPTRGSSRWCQGAWCFSCS
#Q9H7N4	VPSTPPPKAAPPPPALTPDSQTVDSSCKTPEVS
#Q8N9T8	KKDPRIYQKDATFYNRTASSSDSEEDPEALEKQ
#Q92945	ERAGVKMILIQDGSQNTNVDKPLRIIGDPYKVQ
#Q92945	IAAKIGGDAATTVNNSTPDFGFGGQKRQLEDGD
#Q92945	QRARQIAAKIGGDAATTVNNSTPDFGFGGQKRQ
#ENSP00000362580	HVQKELGLRNEREAPGTPRAPGARDAVRIPTVD
#Q58WW2	PSAHEETSTRDSALQDTDDSDDDPVLIPGARYR
#Q29RF7	TETGSNINVNSELNPSTGNRSREQSSEAAETGV
#Q29RF7	KITTDEMIKRLKMVVKTFMDMDQDSEDEKQQYL
#Q29RF7	DQATQGNISSDRGKKRTVTAAGAENIQQKTDEK
#Q29RF7	TGVSENEENPVRIISVTPVKNIDPVKNKEINSD
#Q68CZ2	PADNPGLVQAQPRVPLTPTRGTSSRVAVQRGVG
#Q68CZ2	NGAGPELSTGPSPGSPTLDIDQSIEQLNRLILE
#Q9NZB2	VSVGGPARGRPRGVISTPVIRTFGRGGRYYGRG
#Q8IWC1	ASVDAPPQVNVEVFCNTSMEASPKAGVGMAPEV
#Q8WWQ0	VLSDSEDEEKDADVPGTSTRKRKDHQPRRRLRN
#Q8WWQ0	SDSEDEEKDADVPGTSTRKRKDHQPRRRLRNRA
#Q8WWQ0	ERKKRILKPQLKSESSTSAFSTPTRSIPPRHNA
#Q8WWQ0	NAAQINGKTESSSVVRTRSNRVVVDPVVTEQPS
#Q8WWQ0	ILKPQLKSESSTSAFSTPTRSIPPRHNAAQING
#O15357	SISAPTGPSSPLPAPETPTAPAAESAPNGLSTV
#O15357	SAPTGPSSPLPAPETPTAPAAESAPNGLSTVSH
#ENSP00000305204	SVKSCLSPKEREQVTATPRIAKAEQHNYPGIKL
#ENSP00000305204	TFDVIGLYEEAIKNGATPIQELRKVVLNILQDS
#ENSP00000305204	IPRINGMPEVQDMKFITPVRRSSRIERAVSRYP
#ENSP00000279230	ISEAKMRDKHKKEAELTEINRRHITESVNSIRR
#Q3KQU3	TDAAVLTSPPAPAPPVTPSKPMAGTTDREEATR
#Q3KQU3	PPPPPMSALVPDTPPDTPPAMKNATSSKQLPLE
#Q3KQU3	SLQLSAWESSIVDRLMTPTLSFLARSRSAVTLP
#Q3KQU3	GDPSPPPPPMSALVPDTPPDTPPAMKNATSSKQ
#Q3KQU3	ESAAPASPAPSPAPSPTPAPPQKEQPPAETPTD
#Q3KQU3	QKEQPPAETPTDAAVLTSPPAPAPPVTPSKPMA
#Q3KQU3	GPRDARPPRRSSQPSPTAVPASDSPPTKQEVKK
#ENSP00000366829	GSETQRRRRRRHRHSPTGPPGFPRDGDYRDQDY
#ENSP00000245838	SLIELKESSAKLYINHTPPPLSKSKEREMDKKD
#ENSP00000281537	AYTDQELDETLNDEVGTPPESAITRSSEPVRED
#O00139	LNPDLVPDEEIEPSPETPPPPASSAKVNKIVKN
#Q15833	ATEGKWEVLIGSSHILTPTRFLDDLKALDKKLE
#O60566	NPEDTCDFARAARFVSTPFHEIMSLKDLPSDPE
#P29972	IEIIGTLQLVLCVLATTDRRRRDLGGSAPLAIG
#P29972	AVLIYDFILAPRSSDLTDRVKVWTSGQVEEYDL
#O43865	DRMKNSCIVCNMGHSNTEIDVTSLRTPELTWER
#O43865	SCIVCNMGHSNTEIDVTSLRTPELTWERVRSQV
#Q5VWQ8	PPPPAPRGRTPPNLLSTLQYPRPSSGTLASASP
#Q5VWQ8	GQAAAAQLVAGWPARATPVNLAGLATVRRAGQT
#Q5VWQ8	QPPPPPPPPPPAPRGRTPPNLLSTLQYPRPSSG
#P14672	ETRGRTFDQISAAFHRTPSLLEQEVKPSTELEY
#Q01433	KLEPDILLRAKQDFLKTDSDSDLQLYKEQGEGQ
#O75815	GSLTKGRPDVAKRLSLTMGGVQAREQNLPRGNL
#O75815	MGTLPHSKSPRQNSPVTQDGIQESPWQDRHGET
#Q9H0E9-2	QTPNTVAASPAASGAPTLSRLLEAGPTQFTTPL
#Q96KQ7	GAQGAAAAGSEPPPATTSPEGQPKVHRARKTMS
#Q8IUD2	LTTLCHDRDPLILRGLTPPASYNLDDDQAAWEN
#Q5PRF9	GEWPSPEELGARAAFTTPDHAPLSPQSSVASSG
#Q5PRF9	IKAYSVLQATVAAATTTPTAKDGAPGEPPLPGA
#Q5PRF9	LLSPSGIGGVSPRHALTSPSLGGQGRQNLWFAN
#Q9NQX3	SRGVQVLPRDTASLSTTPSESPRAQATSRLSTA
#Q9NQX3	SPRAQATSRLSTASCPTPKVQSRCSSKENILRA
#Q8TDN4	YTQFLLPTNAFGARRNTIDSTSSFSQFRNLSHR
#Q9H1H9	PRRNKEGCTSETPHALTVSPFKAFSPQPPKFFK
#Q7Z434	TQAPESPGENSEQALQTLSPRAIPRNPDGGPLE
#Q7Z434	QPLARSTPRASRLPGPTGSVVSTGTSFSSSSPG
#Q7Z434	RGPVSPSVSFQPLARSTPRASRLPGPTGSVVST
#Q7Z434	TPRASRLPGPTGSVVSTGTSFSSSSPGLASAGA
#Q7Z434	RASRLPGPTGSVVSTGTSFSSSSPGLASAGAAE
#Q14432	RLRRSLPPGLLRRVSSTWTTTTSATGLPTLEPA
#Q9Y2H5	AALNKVGVVPPRTKSPTDDEVTPSAVVRRNASG
#Q96QC0	PIPLKRQSNVAAPGDATPPAEKKYKPLNTTPNA
#P45974	LQPGEEELPDIAPPLVTPDEPKGSLGFYGNEDE
#Q9BTE3	AYVNANQARVSPSTSYTPSRHKRSYEDDDDMDL
#Q32NC0	KSRSFVSTLKSNPATPTSKLSLKTPERRTANPN
#Q32NC0	TLKSNPATPTSKLSLKTPERRTANPNHDMSGSK
#Q32NC0	HGKSRSFVSTLKSNPATPTSKLSLKTPERRTAN
#Q9NSI2	PKGEAAPGPAPPAPEATPPPASAAGKDWAFINT
#O43852	HDAFLGAEEAKTFDQLTPEESKERLGKIVSKID
#P11511	PFFMKALSGPGLVRMVTVCAESLKTHLDRLEEV
#Q96A65	LVKDASVPLIDVTNLPTPRKFLDTSHYSTAGSS
#Q9NVI1	VTDKEGEEREDADVSVTQRTAFQIRQFQRSLLN
#Q01167	SPNHAGVLSAHSSGAQTPESLSREGSPAPLEPE
#O94915	RLSLIGDRRGDRRRSNTLDIMDGRINHSSSLAR
#Q9H910	RTNPPGGKGSGIFDESTPVQTRQHLNPPGGKTS
#Q9H910	PPGGESSNLFGSPEEATPSSRPNRMASNIFGPT
#Q9UJC3	SRLVSGGGACSDTGACTPARSFLAQQRHITNTR
#O14879	AIAMYHLDNHPEKQFSTDVLKQAIELSPDNQYV
#Q8TEX9	RRLAAEQRESLKSLILTALQRETEHCVSLSLAQ
#A0MZ66	ILRRRKVTAEADSSSPTGILATSESKSMPVLGS
#A0MZ66	LNKKTLEAEFNSPSPPTPEPGEGPRKLEGCTSS
#Q96GX5	PHQQTPNQIKSGTPYRTPKSVRRGVAPVDDGRI
#Q96GX5	SNIEDPLIVTPDCQEKTSPKGVENPAVQESNQK
#Q96GX5	SQQNDCANKENIVNSFTDKQQTPEKLPIPMIAK
#Q96GX5	SVRRGVAPVDDGRILGTPDYLAPELLLGRAHGP
#Q96GX5	SKVTLNRDINMMDILTTPSMAKPRQDYSRTPGQ
#Q14566	KVIHRLTHYDHVLIELTQAGLKGSTEGSESYEE
#Q86U44	ALSPTFRSDSPVPTAPTSGGPKPSTASAVPELA
#Q86U44	DSPVPTAPTSGGPKPSTASAVPELATDPELEKK
#Q86U44	PEAALSPTFRSDSPVPTAPTSGGPKPSTASAVP
#Q86U44	EAPGSKDHTPSQELALTQSVGGDSSADRLFPPQ
#Q13496	LFNCESARERQKVTERTVSLWSLINSNKEKFKN
#Q86TC9	LVAQPRVATIQQCQSPTNYLQGLDGKPIIAAPV
#Q86TC9	RREAEQAASEAAGGDTTPGSSPSSLYYEEPLGQ
#Q86TC9	KRREAEQAASEAAGGDTTPGSSPSSLYYEEPLG
#P54278	DTGCKFRVLPQPTNLATPNTKRFKKEEILSSSD
#Q6PGN9	RATSGKRPSNMKRESPTCNLFPASKSPASSPLT
#Q6PGN9	PTVNSLTRSTPSPSSLTPRLRSNDRKGSVRALR
#Q6PGN9	TCNLFPASKSPASSPLTRSTPPVRGRAGPSGRA
#Q6PGN9	VGLTLKFLHPSPPGPPTPIRSVLAPQPSTSNSQ
#Q9UHX1	RVGKAVTPPMPLLTPATPGGLPPAAAVAAAAAT
#Q9UHX1	MENGQSTAAKLGLPPLTPEQQEALQKAKKYAME
#Q9BRQ0	GNQPSFPPNSSGRGGGTPDANSLAPPGKAGGGS
#Q9P2N5	YSREHGAAASERLQLGTPPPLLAARLVPPRNLM
#Q9P2N5	RLVPPRNLMGSSIGYHTSVSSPTPLVPDTYEPD
#Q9P2N5	RRLQISWHKPKVPSISTETEEEEVKEEETETSD
#Q9P2N5	KISQLKDELKTSSAVSTPSKVKTKTEAQKELLD
#Q07020	PRKGREVYRHFGKAPGTPHSHTKPYVRSKGRKF
#Q9NUY8	SVNVREKVISFIENTSTPVDRMSFNLPWPDRSC
#Q969Z0	HLPGSLMEPVEKERASTPYIEKQVDHLIKKATR
#Q92547	YKTEPRPEAKTMPNSSTPTSQINTIDSRTLSDV
#Q92547	SAPSNGSGKNDSKGVLTQTLEMRENFQKQLQEI
#Q92547	AEHPGTRLQTHRKTVVTPLDMNRFQSKAFRAVV
#Q92547	LFKPSFDVKDALAALETPGRPSQQKRKPSTPLS
#Q92547	ALETPGRPSQQKRKPSTPLSEVIVKNLQLALAN
#Q14134	GEWSAPDTMKRYSMYLTPKGGVRTSYQPSSPGR
#Q9NXH9	GTCQRGDQCCYSHSPPTPRVSADAAPDCPETSN
#Q9NUQ3	SDFITENRNLVSPAYCTQESREEIPGGEARTDP
#Q9Y4E8	VIEQKNEDGTWPRGPSTPKSPGASNFSTLPKIS
#Q9H1K0	LANKLTSASKESLSTHTSPSQSPNSVHGSRRGS
#Q6ZN55	QELWLNHRQTHLRATPTKAPAPVVLGSPVVLGP
#Q6ZN55	PRATRAPVASPAALGSTATASPAAPARRRGLEC
#Q8IVF6	EQLNKDNTASLKKKELTLKDVECKFSKMKTAYE
#Q9NZN5	TEKSVQEDWQHFPRYRTASQGPQTDSVIQNSEN
#Q9NZN5	QVQEEECEVERVTEHGTPKPFRKFDSVAFGESQ
#Q12982	DLPKPKTTEVIRKGSITEYTAAEEKEDGRRWRM
#Q8N128	RRVIHFVSGETMEEYSTDEDEVDGLEKKDVLPT
#Q8N128	KKKKVPRRVIHFVSGETMEEYSTDEDEVDGLEK
#Q9Y624	IWFAYSRGHFDRTKKGTSSKKVIYSQPSARSEG
#Q96IG2	RTHLPNIKVHAYFAPVTPPPSVGGSRQRFCRCC
#Q9Y2L6	YKTLERRPQGGRSMPTTPVLTRNAYSSSHLEPE
#Q99501	APRLSRVSSPSPELGTTPASIFRTPLQLDPQQE
#Q99501	GTGPRRERPSRRLTTGTPASPRRPPALRSQSRD
#Q99501	APAAGEDTTETAPAPGTPARGPRMTPSDLRNLD
#P52594	KSLLGDSAPTLHLNKGTPSQSPVVGRSQGQQQE
#P52594	TPEVKPLKSLLGDSAPTLHLNKGTPSQSPVVGR
#P52594	SVHASISGSSASSTSSTPEVKPLKSLLGDSAPT
#Q8WYA0	IDPKQLVDIREEMPEQTAKRMLSLLGILKYKPS
#P61371	RQPALRPHVHKQPEKTTRVRTVLNEKQLHTLRT
#P22064	RQPYGRDALVDFSEQYTPEADPYFIQDRFLNSF
#Q8N9U0	SSRKNSQGSNRSLDTITLSGDERDFGRLNVKLF
#Q8N9U0	SSSSRKNSQGSNRSLDTITLSGDERDFGRLNVK
#O43312	QVILDLKGSDYSWSYQTPPSSPSTTMSRKSSVC
#Q13459	QSLDLSDRHRATGAALTPTEERRTSFSTSDVSK
#O43639	GLGKTRRKTSARDASPTPSTDAEYPANGSGADR
#Q9NZQ3	LPSSQIPPQPRRAAPTTPPPPVKRRDREALMAS
#O00469	IEQPTPFLPRFLDILLTLDYPKEALKLFIHNKE
#Q9H2M9	YWKLLLKQLEDCLILQTLLHSKGNTQTSKVSSL
#Q9UJ41	SLNLSQEDFDRYMSGQTSPRKQEAESWSPDACL
#Q9Y4G8	AEDTISNASSQLSSPPTSPQSSPRKGYTLAPSG
#Q14644	KVAIQKEDLQKYHNRDTWFQLQHVDADSEVQGK
#Q96D71	AQEPASPVVSPQQSPPTSPHTWRKHSRHPSGGN
#P62263	TALHIKLRATGGNRTKTPGPGAQSALRALARSG
#P62263	GITALHIKLRATGGNRTKTPGPGAQSALRALAR
#Q92629	PNVRADPFKELRLESPTRSLVMEAPKGVEINAE
#Q8IXJ6	HASIDAQSGAGVPNPSTSASPKKSPPPAKDEAR
#Q5T5C0	LDVKDNSFSRSRSSSVTSIDKESREAISALHFC
#Q9HBL0	SVGSFPSGESSDQGPRTPTQPLLESGFRSGSLG
#Q9HBL0	PAGVYQVSGLHNKVATTPGSPSLGRHPGAHQGN
#Q9HBL0	PGSPCLDRHVAYGGYSTPEDRRPTLSRQSSASG
#Q9Y3Q8	QVPPLDSRPSSPALYFTHDASLVHKSPDPFGAV
#Q9Y3Q8	PPEPETGESAGTSRAATPLPSLRVEAEAGGSGA
#Q9Y3Q8	LPSLRVEAEAGGSGARTPPLSRRKAVDMRLRME
#Q15911	KLKRALQESATGQPEPTSSPDNKPFKCNTCNVA
#O15231	GQGDPAVPAQQPADPSTPERQSSPSGSEQLVRR
#Q08050-2	GGPFKTPIKETLPISSTPSKSVLPRTPESWRLT
#Q14457	ASDGGTMENLSRRLKVTGDLFDIMSGQTDVDHP
#O00257	RSEAGEPPSSLQVKPETPASAAVAVAAAAAPTT
#Q9BXS5	SKILQEYITQEGHKLETGAPRPPATVTNAVSWR
#Q96CW1	SQHQTKEEQSQITSQVTGQIGWRREGIKYRRNE
#Q15078	SSSVKKAPHPAVTSAGTPKRVIVQASTSELLRC
#P38646	YASEAIKGAVVGIDLGTTNSCVAVMEGKQAKVL
#P25445	RKENQGSHESPTLNPETVAINLSDVDLSKYITT
#P25445	TCRKHRKENQGSHESPTLNPETVAINLSDVDLS
#P31645	ATTTTLVAELHQGERETWGKKVDFLLSVIGYAV
#P31645	LIITPGTFKERIIKSITPETPTEIPCGDIRLNA
#P31645	MLIFTVIYFSIWKGVKTSGKVVWVTATFPYIIL
#Q8IVI9	MTEKEKRKLLNKLTKSTEKLEKEDENYYQKNMA
#Q8IVI9	KQSMTEKEKRKLLNKLTKSTEKLEKEDENYYQK
#Q8WW12	EKRSAEEEAADLPTKPTKISKFGFAIGSQTTKK
#Q8WW12	EMPPEAKMRMKNIGRDTPTSAGPNSFNKGKHGF
#Q9NZJ4	ESSQSRDSAPSTPTSPTEFLTPGLRSIPPLFSG
#Q9HAR2	AMDQLVGLLDVQLRNLTPGGKDSAARSLNKAMV
#O95757	AKTKSAVSDKQDRLNQTLKKGKVKSIDLPIQSS
#O95757	MSWLNSKMNAQNKLSLTQDPVVKVSEIVAKSKE
#P14625	TTEDTEQDEDEEMDVGTDEEEETAKESTAEKDE
#Q8NB49	GHKYKGVTQEVDGLSQTDGTLTYFDKVDKNREE
#Q8N1G2	HGAKASTTSLSGSDSETEGKQHSSDSFDDAFKA
#Q96K21	ARLAALKDERQGSIPSTQEMEARLAALQGRVLP
#Q9H6Z4	SDREDGNYCPPVKRERTSSLTQFPPSQSEERSS
#Q9H6Z4	DGNYCPPVKRERTSSLTQFPPSQSEERSSGFRL
#Q96MW1	EEKQRKAALLAQYADVTDEEDEADEKDDSGATT
#Q96Q42	SRRQHRDSPEILSRSQTQTLESLEFIPQHVGAF
#P51397	KDKDDQEWESPSPPKPTVFISGVIARGDKDFPP
#Q9UGJ0	SRSRKTSGLSSSPSTPTQVTKQHTFPLESYKHE
#Q4VCS5	LTCNPDKTDGPVFHSNTLERKTPIQILGQEPDA
#Q9H3S7	AAADLLSSSPESQHGGTQSPGGGQPLLQPTKVD
#Q9NPQ8	AGGRPEGQYSEDEDTDTDEYKEAKASINPVTGR
#Q9NPQ8	LMAGGRPEGQYSEDEDTDTDEYKEAKASINPVT
#P54725	PAAREDKSPSEESAPTTSPESVSGSVPSSGSSG
#P54725	KTKAGQGTSAPPEASPTAAPESSTSFPPAPTSG
#P85037	EPDLRSMVSPVPSPTGTISVPNSCPASPRGAGS
#P85037	RTPFGPLSSRSAPASPTHPGLMSPRSGGLQTPE
#P85037	SPTHPGLMSPRSGGLQTPECLSREGSPIPHDPE
#P85037	IPEPDLRSMVSPVPSPTGTISVPNSCPASPRGA
#Q96I25	AIPPPVYEEQDRPRSPTGPSNSFLANMGGTVAH
#O94833	SSQAAQAASPQVPATTTPKILHPLTRNYGKPWL
#Q13409	EYWVPPPMSPSSKSVSTPSEAGSQDSGDGAVGS
#Q9C0B5	LATNEDSSLLAKDSPPTPTMYKYRPGYSSSSTS
#Q9C0B5	QPGVSETEEVALQPLLTPKDEVQLKTTYSKSNG
#Q9C0B5	PLSSGSRSSSLKSAQGTGFELGQLQSIRSEGTT
#Q9C0B5	TNEDSSLLAKDSPPTPTMYKYRPGYSSSSTSAA
#Q9C0B5	SYRSEPSLEPESFRSPTFGKSFHFDPLSSGSRS
#Q8TAD8	SNERPGSGQGQGRDRDTQNLQAQEEEREFYNAR
#Q9UKM9	QENTTSEAGLPQGEARTRDDGDEEGLLTHSEEE
#Q92733	KTKTSSLAPVVGTTTTTPSPSAIKAAAKSAALQ
#P50851	GIRRDINVSVGSQQPDTKDSPVCPHFTTNGNEN
#Q96CX2	ELASRSPSGGAAGPLLTPSQSLDGSRRSGYITI
#Q15772	ARSLEQPKSERGAPWGTPGASQEELRAPGSVAE
#Q96ER3	ENSAESNTEETKRTDLTQDDFHLKILKDILCEF
#O75563	VKVEEQRKMSQDSVHHTSGDKSTDYANFYQGLW
#Q9HAW4	KAVGFLSVPKSLSSDSTLLLFKDSSSKMGYFPT
#Q9HAW4	SKKLKNRKVLQDSDSETEDTNASPEKTTYDSAE
#Q9HAW4	DASQMDLFHRDSDDDQTEEQLDESEARWRKERI
#P55011	LEKEPFEDGFANGEESTPTRDAVVTYTAESKGV
#A1L188	ACGAEAAAYGRCVQASTAPGGRLSKDFCAREFE
#O00339	AVQHRYLFEEDNLLRSTQKLSHSTKPSGSPLEE
#O00506	GDVKLADFGVAGQLTDTQIKRNTFVGTPFWMAP
#O15318	KKAGPKPKKAKDAGKGTPLTNTEDVLKKMVELE
#O43583	CRQWLEKNFPNEFAKLTVENSPKQEAGISEGQG
#O43683	EEFLDDSTVWGIRCNKTLAPSPKSPGDFTSAAQ
#O43683	SSFHTTPNTSLGMVQATPSKVQPSPTVHTKEAL
#O43933	GVPGKDQLFSQPPVLRTASQEGCQELTQEQRDQ
#O75534	FLGTVEKEATFSNPKTTSPNKGKEKEAEDGIIA
#O94844	FHVRKANRIKECLSKGTFSDVTFKLDDGAISAH
#P09874	KQDRIFPPETSASVAATPPPSTASAPAAVNSSA
#P13797	NKYPALTKPENQDIDWTLLEGETREERTFRNWM
#P13797	EGICALGGTSELSSEGTQHSYSEEEKYAFVNWI
#P26196	QLRGPVKPTGGPGGGGTQTQQQMNQLKNTNTIN
#P27694	TFGKAAGPSLSHTSGGTQSKVVPIASLTPYQSK
#P40855	TTAPDASGPQKRSPGDTAKDALFASQEKFFQEL
#P40879	GLAASVAFQLLTIVFRTQFPKCSTLANIGRTNI
#P49366	KKLEPLSQDEDQHADLTQSRRPLTSCTIFLGYT
#P49746	IHSAVTNALHSILGEQTKALVTQLTLFNQILVE
#P55327	QELKQNIAKGWQDVTATSAYKKTSETLSQAGQK
#P55327	VGSVITKKLEDVKNSPTFKSFEEKVENLKSKVG
#P56545	HLYRDPGGKMIPQGRQTQSRAASPGRYGREQPD
#P83731	IQKKRTRRAVKFQRAITGASLADIMAKRNQKPE
#P98066	KYVAMDPVSKSSQGKNTSTTSTGNKNFLAGRFS
#Q13123	GDFFGMSNSYAECYPATMDDMAVDSDEEVDYSK
#Q13123	MDQGNKKGPLGRWDFDTQEEYSEYMNNKEALPK
#Q13123	MNIFEDIGDYVPSTTKTPRDKERERYRERERDR
#Q13464	SDIEQLRAKLLDLSDSTSVASFPSADETDGNLP
#Q13464	PSMVLDIDKLFHVRPVTQGDVYRAETEEIPKIF
#Q14264	AYRQLPAKWSGACVLGTIRPSFFLMPLKQGEAL
#Q15013	SEETHASQIELLETSSTQEPLNASEAFCPRDCM
#Q15291	VLKTDSQDLVASFRVTTGTSNTTAIKSIEFARK
#Q15345	KQMPRAAPATRVTRRSTQESLTAGGTDLKRELH
#Q15392	RPGWLTVSLRVGKYKKTHKNIMINLMDILEVDT
#Q15572	YMAKLPPQRDTPGCATTPPHSQASSVRATRSQQ
#Q15776	VPQESQERAMSTSQSPTRSQKGSSGDQEMTATL
#Q2KHR3	VPALQSKMTLDQQHIETPGQNIPTKVTSAVVGP
#Q2KHR3	HEVQEQSSGPFKKQSATNLESEEDSEAPVDSTL
#Q2KHR3	KGQDTVAIEGFTDEEDTESGGEGQYRERDEFVV
#Q2KHR3	PLPKPSSTTPTPLVSETGGNSPSDKVDNELKNL
#Q2KHR3	SDQFAKGQDTVAIEGFTDEEDTESGGEGQYRER
#Q5BKZ1	LAKPMEKISLSKSPTKTDPKNEEEEKRRIEARR
#Q5BKZ1	PKLAKPMEKISLSKSPTKTDPKNEEEEKRRIEA
#Q5VVJ2	NAVKIEKLSDDEEVDITDEVDELSSQTPQKNSS
#Q6IMN6	TPKSWENNVESQKHSLTSQSQISPKSWGVATAS
#Q6P2Q9	NKHGDEIITSTTSNYETQTFSSKTEWRVRAISA
#Q6P2Q9	IAEIEKQTKEQSQLTATQTRTVNKHGDEIITST
#Q6SA08	DDTNLKKLLRETQKEVTFPANHTISQECKNLIL
#Q6SA08	AHLPFDDTNLKKLLRETQKEVTFPANHTISQEC
#Q6UUV9	SWRRTNSDSALHQSTMTPTQPESFSSGSQDVHQ
#Q6UXV1	VETNQLDLVASFVKNQTQHLMGNSLKDEPLLEE
#Q6XPR3	HTQQSETLGQASHFNQTNQQKSGSYCGQSERLG
#Q6XPR3	CEKPIQDSHYGQSERHTQQSETLGQASHFNQTN
#Q6XPR3	QDSHYGQSERHTQQSETLGQASHFNQTNQQKSG
#Q6ZNG9	MEMEISNMREKFLMSVTKLVESKSYNSKVFSKE
#Q6ZU80	QLLDEIHREKRDLLEETQRKDEEMGSLQDRVIA
#Q70CQ4	RKGRPALASQESSLSSTSPSSPLPVKVSLKPSR
#Q7L576	SKYAPLHLVPLIERLGTPQQIAIAREGDLLTKE
#Q7L590	DEKENLATLFGDMEDLTDEEEVPASQSTENRVL
#Q7Z4T9	HQIIHSYTESMVQKKLTEGEQDEASNAAMLLEK
#Q8IZ52	LGIRQRLLVAVLTSQTTLPTLGVAVNRTLGHRL
#Q8N3A8	KVSAKDEPASSSKSSNTSQSQKKGQQSQFLQSR
#Q8N655	EEVKEDRNSHPPANLPTPASTRILRKYSNIRGK
#Q8N655	KAEDNQSISAEVESGDTQELNVDPLLKESSTFT
#Q8N7K9	PSSRIQLSSGVQSSPGTQAIAAIELSSTALSSS
#Q8NDD1	KNTKQANPSVLERDVDTQEFNLEKARLEVHRFG
#Q8TCS8	DGRMRLSRKVLQSPATTVVRTLNDRSSIVMGEP
#Q92499	TLKDQQEGKKGKTTIKTGASVLNKWQMNPYDRG
#Q92499	VYETLKDQQEGKKGKTTIKTGASVLNKWQMNPY
#Q92794	SAPQEQYGECGEKSEATQEQYTESEEQLVASEE
#Q92794	FNKKTKGLIDGLTKFFTPSPDGRKARGEVVDYS
#Q96B01	PNLNNLRKEEIPVQEKTPKKRLPEGTFSIPASA
#Q96CT7	PRVATSSKVTRAQIEDTLRRDHQLREAPDTAEK
#Q96DT7	YVAKYRRTLKRHLLIHTGVRSFSCDICGKLFTR
#Q96EY9	HEDKQVTSALAGRLFSTQERAAMQSHMERAVWA
#Q96IZ0	YLLQEPPRTVSGRYKSTTSVSEEDVSSRYSRTD
#Q96JI7	LRRVHSTSSLDSQKFVTVPSSNEVVTNLEVLTS
#Q99650	KPEGTKIQFLGTRKSLTETELTKPNYLYLLPTE
#Q99650	EGTKIQFLGTRKSLTETELTKPNYLYLLPTEKN
#Q9BPU6	VHPGKKEMGTPLADTPTRPVTRHGGMRDLHESS
#Q9BPU6	LGDVAVVVHPGKKEMGTPLADTPTRPVTRHGGM
#Q9BPU6	VVVHPGKKEMGTPLADTPTRPVTRHGGMRDLHE
#Q9BQ61	GNKLALKTGIVAKKQKTEDEVLTSKGDAWAKYM
#Q9BRP8	FFKSKPELPPGLSPEATAPVTPSRPEGGEPGLS
#Q9BRP8	KPELPPGLSPEATAPVTPSRPEGGEPGLSKTAK
#Q9BUL5	LSPTSLTHTSRPPAALTPVPLSQGDLSHPPRKK
#Q9BUL5	SLFDLDGPKVASPLSPTSLTHTSRPPAALTPVP
#Q9BVC5	KSPSGPVKSPPLSPVGTTPVKLKRAAPKEEAEA
#Q9BVC5	SPSGPVKSPPLSPVGTTPVKLKRAAPKEEAEAM
#Q9BZV1	QDTIRNQVRKELQAEATVSGSPEAPGTNVVSEP
#Q9GZT6	TALSNVSLDTIYKEMVTQAQQEITVQQLMAHLD
#Q9H0H0	VNALQPSIKFVRQQKYTQNDLMIDPLIVLRCDQ
#Q9HAH7	DRDLPFSRPQLRVSPATPKARAGEEGPRPTKES
#Q9HB71	NVLKKIYEDGDDDMKRTINKAWVESREKQAKGD
#Q9HCE3	LSTSGNVEKNKAVKRETEASSINLSVYEPFKVR
#Q9HCM1	KQPSDTAKEKECDKLRTNTTAVGISKPANIHVK
#Q9HCM1	SDTAKEKECDKLRTNTTAVGISKPANIHVKSPC
#Q9NPA5	DVTVLQFQIDPSKQPATPLTVGHLQVPLQPSQV
#Q9NQV6	IRLEITSENGEKSDDGTQDLLHFPTKEQFDEAE
#Q9NRR6	RRRFRGSQEDLEARNGTSPSRGSVQSEGPGAPA
#Q9NXX6	SARERREAPERPSLEDTEPSDSGDEMMDPASLE
#Q9NXX6	IEPVSINEENEGFEHNTQVRNQGIIALSYRDWE
#Q9NZN8	PSHVTPTTGVPTMSLHTPPSPSRGILPMNPRNM
#Q9NZN8	QGTQLPSHVTPTTGVPTMSLHTPPSPSRGILPM
#Q9NZN8	QLNRSLSQGTQLPSHVTPTTGVPTMSLHTPPSP
#Q9NZN8	GQQSALGLPMRGMSNNTPQLNRSLSQGTQLPSH
#Q9NZT2	DEGAGDSAAVASGGAQTLALAGSPAPSGHPKAG
#Q9P1W9	KLIDFGSGALLHDEPYTDFDGTRVYSPPEWISR
#Q9UBG3	VSNPEAGETVPGGQAQTGASTESGRQEWSSTHP
#Q9UBG3	GSGQRWMQVSNPEAGETVPGGQAQTGASTESGR
#Q9UBS4	RQEMRTTQLGPGRFQMTQEVVCDECPNVKLVNE
#Q9UBX1	LPSNAYSAIKNLGGLETEDDYSYQGHMQSCNFS
#Q9UI36	HESKRMHIEKDETPLSTPTARDSLDKLSLTGHG
#Q9UI36	HDMGHESKRMHIEKDETPLSTPTARDSLDKLSL
#Q9UI36	SKRMHIEKDETPLSTPTARDSLDKLSLTGHGQP
#Q9UIM3	LPGHSGPPVRLTLASFTQGRDSWELETSEKEAL
#Q9UJA5	GTDNRNIVDDGKSQKLTQDDIKALKDKGIKGEE
#Q9UJN7	QKKSSFENTVVRKVSVTLKEIFTGEEGPESSEF
#Q9UK17	RRAQKKARLARIRVAKTGSSNAYLHSKRNGLLN
#Q9UPZ3	VSSFVRKTTEKIGTLHTSPDLKVRPELRGDEQS
#Q9Y2X9	AAFRSSYHLRRHVLIHTGERPFQCSQCSMGFIQ
#Q9Y314	SKDKDKVLPSFWIPSLTPEAKATKLEKPSRTVT
#Q9Y314	IVSRPLNPFTAKALSGTSPDDVQPGPSVGPPSK
#Q9Y5W8	VCDSRIQRLQSGKEINTVKLAANFGKLCTVPLD
#Q9Y6J0	RPEPRRDGEAQEAASETQPLSSPPTAASSKAPS
#Q9UQB9	IADFGWSVHTPSLRRKTMCGTLDYLPPEMIEGR
#Q9UQB9	GWSVHTPSLRRKTMCGTLDYLPPEMIEGRTYDE
#Q9BWG4	PKSSPGAVAGLSNAPGTPRDDGEMAAAGTFLHP
#O75052	GSHTGSKVSHPQEPMLTASPRMLLPSSSSKPPG
#O00305	IQLERAKSKPVAFAVKTNVSYCGALDEDVPVPS
#Q5TKA1	NQRVAMVPQKFTATMSTPDKKASQKIGFRLRNL
#Q5TKA1	PIAAFGQKQRPSRFFMTPPRLHYTPPLQSPIID
#Q5TKA1	KQRPSRFFMTPPRLHYTPPLQSPIIDNDPLLGQ
#Q6P1L5	PSSSPSSIIRRTSSLDTLAAPYLAGHWPRDSHG
#Q6P1L5	DKTRQPSSSPSSIIRRTSSLDTLAAPYLAGHWP
#O14523	NLGTPTSSTPRPSITPTKKIELDRTIMPDGTIV
#O14523	DGKLDSPSRSPSKVEVTEKTTTVLSESSGPSNT
#O14523	MAVELHYEEGSPRNLGTPTSSTPRPSITPTKKI
#O15119	SGRLDKASPDSRHSPATISSSTRGLGAEERRSP
#Q2M3G4	PAVAARSGPQPTEVPGTPGPLNRQATPLLYALA
#Q8N3V7	RRQSRMEKYVIESSSHTPELARCPSPTMSLPSS
#Q8N3V7	TNAPGAFRVASRSPARTPPASLYHGYLPENGVL
#Q8TEH3	HVVKRPKSNIAVEGRRTSVPSPEQPQPYRTLRE
#Q14671	AVANSNTGSGSRRDSLTGSSDLYKRTSSSLTPI
#Q13615	QEGKEDPLLEKESRRKTPEASAIGLHQDPELGD
#O60271-2	LKDELSDVSQGGSKATTPASTANSDVATIPTDT
#Q86UU1	ASPEDFSLTLGARGRRTRSPSPTLGESLAPHKG
#Q86UU1	SLTLGARGRRTRSPSPTLGESLAPHKGSFSGRL
#Q9P2F8	PQRGLHPIRQRSNSDVTISDIDAEDVLDQNAVN
#O60292	VHSHLSLERGPPTPRTTPTMSEEPPLDLTGKVY
#O60292	SHLSLERGPPTPRTTPTMSEEPPLDLTGKVYQL
#Q8TF72	CSVPENEEDASLKRHLTPPQGNSPHSNERKSTH
#Q92614-4	SLAPDRSDDEHDPLDNTSRPRYSHSYLSDSDTE
#A4QN18	PADTVWPAMEQVSSRPTSPEKFSVPHVCARFGP
#A4QN18	PDSEAPPGWDRADSGPTQPPLSLSPAPETKRPG
#A4QN18	SQPSTPSPPKPTGIFQTSANSSFEPVKSHLVGV
#A4QN18	KAGSALPGFANSPAGSTSVVLVPPAHGTLVPDG
#A4QN18	SGSFFKQIDSSPVGGETDETTVSQNYRGSVSQP
#A4QN18	YRGSVSQPSTPSPPKPTGIFQTSANSSFEPVKS
#O00116	ALSTNECKARRAASAATAAPTATPAAQESGTIP
#O00192	WFHQGKKDGEMDRNFDTLDLPKRTEAAKGFELL
#O00410	KEFQQYLPVVMGPLMKTASIKPEVALLDTQDME
#O00425	ELQNLSSAEVVVPRDQTPDENDQVVVKITGHFY
#O00712	KRPKTISIDENMEPSPTGDFYPSPSSPAAGSRT
#O15169	TYPSFLKSDIYLEYTRTGSESPKVCSDQSSGSG
#O15381	SLLSLYRKGNPDSVSNTPEMEQRETTSSTPRIS
#O15400	LAKETDKYIKEFGSLPTTPSEQRQRKIQKDRLV
#O15440	LAWDSSHSSIQNSPKLTPKMKKDKRASRGKKEK
#O43149	KLPSSSGLPAADVSPATAEEPLSPSTPTRRPPF
#O43149	AADVSPATAEEPLSPSTPTRRPPFTRGRLRLLS
#O43426	VISAPQSHARASAGRLTPESQSKTSETSKGSTF
#O43815	QGDMKPPSYDSDEGNETEVQPQQNSQLMWKQGR
#O60784	GLEFPMTDLDMLSPIHTPQRTVFNSETQSGQDS
#O75037	PIRSTDVGFTPPSSPPTRPRNDRNVFSRLTSNQ
#O75037	KSYDRGQPIRSTDVGFTPPSSPPTRPRNDRNVF
#O75145	APRGEGPAIPGDTPPPTPRSARLERMTQALALQ
#O75145	EEAGAPRGEGPAIPGDTPPPTPRSARLERMTQA
#O75781	QHLKSKALRERWLLEGTPSSASEGDEDLRRQMQ
#O75781	SQQTPVGTPKDKRVSNTPLRTVDGSPMMKAAMY
#O75781	PAKEERKTEVVMNSQQTPVGTPKDKRVSNTPLR
#O75781	ERKTEVVMNSQQTPVGTPKDKRVSNTPLRTVDG
#O94842	GTILPPAQSPEDRLSTTPSPTSSLHEDGVEDFR
#O94842	GGTILPPAQSPEDRLSTTPSPTSSLHEDGVEDF
#O94842	PPAQSPEDRLSTTPSPTSSLHEDGVEDFRRQLP
#O95782	SNDINGGMEPTPSTVSTPSPSADLLGLRAAPPP
#O95782	DPSSNDINGGMEPTPSTVSTPSPSADLLGLRAA
#P12277	EFPDLSAHNNHMAKVLTPELYAELRAKSTPSGF
#P17544	LLLAHKDCPVTALQKKTQGYLESPKESSEPTGS
#P17544	KKLVAAAGPLDMSLPSTPDIKIKEEEPVEVDSS
#P19484	RIQELEMQARVHGLPTTSPSGMNMAELAQQVVK
#P46013-2	AGLKELFQTPVCTDKPTTHEKTTKIACRSQPDP
#P46013-2	LEDLTGFKELFQTPGHTEEAVAAGKTTKMPCES
#P46013-2	ILCKSPQSDPADTPTNTKQRPKRSLKKADVEEE
#P46013-2	LFQTPVCTDKPTTHEKTTKIACRSQPDPVDTPT
#P46013-2	IACKSPPPESVDTPTSTKQWPKRSLRKADVEEE
#P46013-2	ELFQTPGTDKPTTDEKTTKIACKSPQPDPVDTP
#P46013-2	MPCESSPPESADTPTSTRRQPKTPLEKRDVQKE
#P46013-2	DKVPGGEDKSINAFRETAKQKLDPAASVTGSKR
#P49915	EDRTPRKRISKTLNMTTSPEEKRKIIGDTFVKI
#P49916	AAGTPKKKAVVQAKLTTTGQVTSPVKGASFVTS
#P49916	KKKAVVQAKLTTTGQVTSPVKGASFVTSTNPRK
#P50747	DLPYDYSSSLESVADETSPEREGRRVNLTGKAP
#P50993	QLNLPSGKFPRGFKFDTDELNFPTEKLCFVGLM
#P53814-4	HKFTSDSPMAARLQDGTPQAALSPLTPARLLGP
#P62241	ESHYALPLGRKKGAKLTPEEEEILNKKRSKKIQ
#P81274	SIDHRIPNSQRKISADTIGDEGFFDLLSRFQSN
#P81274	PKMMLKTSSVPVVSPNTDEFLDLLASSQSRRLD
#Q00013	PEAVSHPLNTVTEDMYTNGSPAPGSPAQVKGQE
#Q05682-2	EVKSQNGEFMTHKLKHTENTFSRPGGRASVDTK
#Q05682-3	RKKGFTEVKSQNGEFMTHKLKHTENTFSRPGGR
#Q07866-4	FGEYGGWYKACKVDSPTVTTTLKNLGALYRRQG
#Q12906-4	AKPAVVAPAPVVEAVSTPSAAFPSDATAENVKQ
#Q13492	LEGKKIKDSTAASRATTLSNAVSSLASTGLSLT
#Q13617	SSKRTKFKITTSMQKDTPQEMEQTRSAVDEDRK
#Q14160-2	ALRAQMVLSRSQEGRGTRGPLERLAEAPSPAPT
#Q14203	SQIQVFEDGADTTSPETPDSSASKVLKREGTDT
#Q14444	QQPQAASPSVPEPHSLTPVAQADPLVRRQRVQD
#Q15269	LDTRVLFDPFELDTSVTPGRVREALRQQDFTRA
#Q17RY0	GGSQGRDHRRGLNGGITPLNSISPLKKNFASNH
#Q56P03	IYFDSDSEDEDRAVQVTKKKKKKQHKIPTNDEL
#Q5T8D3	FYEIVEDKKSGRSSDITSVRLEKISKCLEDLGN
#Q5T8D3	EKISKCLEDLGNVLTSTPNAKTVNGKAESSDSG
#Q5XUX1	SPPKSGLAFSRPSQLSTPAASPSASEPRAASRV
#Q676U5	PLPVEQDDDIEVIVDETSDHTEETSPVRAISRA
#Q676U5	DDIEVIVDETSDHTEETSPVRAISRAATKRLSQ
#Q6P3W7	QILLIFLQKMDLLLTKTPPDEIKNSVLPMVYRA
#Q6P3W7	PIQILLIFLQKMDLLLTKTPPDEIKNSVLPMVY
#O60291	DSSRQKGRPQSKAPDSTLRSPSSPIHEEDEEKL
#Q86W92	SKALEYSNGIFDCQSPTSPFMGSLRALHLVEDL
#Q86W92	SRGIMKLFGKLRRSQSTTFNPDDMSEPEFKRGG
#Q86YR5	SHSPLDSADVRVHVPRTSIPRAPSSDEECFFDL
#Q86YR5	ATAAPTLEDRIAQPSMTASPQTEEFFDLIASSQ
#Q8IWB9	LFKQFTQPRNTGGDSKTAPSSPLTSPSDTRSFF
#Q8IWB9	PRNTGGDSKTAPSSPLTSPSDTRSFFKVPEMEA
#Q8IY67-2	GGDREALGLGPPAAQLTPPPAPVGLRGSGLRGL
#Q8IYI6	GAGGRDHLRGQAGFFSTPGGASRDGSGPGEEGK
#Q8N8S7-2	STSTPEPTRKPWERTNTMNGSKSPVISRPKSTP
#Q8ND30	KRNPKGIKKFWGKIRRTQSGNFYTDTLGMAEFR
#Q8NI35	GTAPPPMKLPPPYKALTDDSDENEEEDAFTDQK
#Q8WVM7	ESLDNTWLNRTDTMIQTPGPLPAPQLTSTVLRE
#Q8WVM7	EVKGKRKRGRPGRPPSTNKKPRKSPGEKSRIEA
#Q8WVT3	EAEPGGEGDPGPEPAGTPSPSGEADGDCAPEDA
#Q8WXG6	DGPGGEGSVHLASSRGTLSDSEIETNSATSTIF
#Q8WY36	TMEPVHKVKNIPSIFNTPEPTTTQEPLVGSQKR
#Q8WYP5-2	KLEVFTTPKKCAVPVETEWLKSKDRTTSFFLNS
#Q96AG3	RDEQGFGGAFPARSFSTGSDLGHWVTTPPDIPG
#Q96AG3	PARSFSTGSDLGHWVTTPPDIPGSRNLHWGEKS
#Q96CV9	GGRQSLMEMQSRHGARTSDSDQQAYLVQRGAED
#ENSP00000309126	SGSGMPSRQLEEPGAGTPSPVRLHALAGFQQRA
#Q96PY6	KLHEKKPLQKHKQAHQTPEKRVNTGEERRKISE
#Q96RL7	TAAVVEVHSRALLVKTTLNISFKTDDLTMVLYS
#Q96S38	RSFNTSESKVEFKAQDTISRGSDDSVPVISFKD
#Q9BQK8	KRRRRRKPKQKEDAVATDSSPEELEAGAESELS
#Q9BX66	TGKGAVTLRASSSYRETPSSSPASPQETRQHES
#Q9BX66	SDPVSERRVGEQDSAPTQEKPTSPGKAIEKRAK
#Q9BX66	YIELLPPAEKAQPKKLTPVQVLEYGEAIAKFNF
#Q9BX66	ERRVGEQDSAPTQEKPTSPGKAIEKRAKDDSRR
#Q9BZC7	PTELRALVADEPEDLDTEDEGLISFEEERAQLS
#Q9GZM8	CEKMDSAVQASLSLPATPVGKGTENTFPSPKAI
#Q9GZM8	TENTFPSPKAIPNGFGTSPLTPSARISALNIVG
#Q9GZM8	FPSPKAIPNGFGTSPLTPSARISALNIVGDLLR
#Q9GZV5	AQHVRSHSSPASLQLGTGAGAAGSPAQQHAHLR
#Q9NRA0	RGRLSYLPATVEPASPTPAHSLPRAKSELTLTP
#Q9NSI6-2	SQTKIIPELVGSPTQSTSSRTAYLGTHKTSAGI
#Q9NSI6-2	KFIKNQHCTNISELSNTSENDEQNAEDLDDSDL
#Q9NSI6-2	RLKSQTKIIPELVGSPTQSTSSRTAYLGTHKTS
#Q9NYP7	HLKDHQNGSMAAVNGHTNSFSPLENNVKPRKLR
#Q9UBP0	KGTPKTNRTNKPSTPTTATRKKKDLKNFRNVDS
#Q9UBP0	HKGTPKTNRTNKPSTPTTATRKKKDLKNFRNVD
#Q9UBP0	TTHKGTPKTNRTNKPSTPTTATRKKKDLKNFRN
#Q9UDY4	GWKEGTKITFPREGDETPNSIPADIVFIIKDKD
#Q9UGV2	FKYFLQGMGYIPSASMTRLARSRTHSTSSSLGS
#Q9UGV2	MGYIPSASMTRLARSRTHSTSSSLGSGESPFSR
#Q9UGV2	IPSASMTRLARSRTHSTSSSLGSGESPFSRSVT
#Q9UL51	PPASPPGAPASPRAPRTSPYGGLPAAPLAGPAL
#Q9ULJ8	EAVSPTVSQLSAVFENTDSPSAIISEKAENNEY
#Q9ULJ8	TDSLDSLSSRTEAVSPTVSQLSAVFENTDSPSA
#Q9ULR3	RAASLRGGVGAPGSPSTPPTRFFTEKKIPHECL
#Q9UN86	PQVEEKNLEELEEKSTTPPPAEPVSLPQEPPKA
#Q9UN86	KPQVEEKNLEELEEKSTTPPPAEPVSLPQEPPK
#Q9UN86-2	PQVEEKNLEELEEKSTTPPPAEPVSLPQEPPKP
#Q9UPN7	GPSWTATFDPVPTDAPTSPRVSGEEELHTGPPA
#Q9UPN7	RGARLGQPPGVRSGGSTDSEDEEEEDEEEEEDE
#Q9UPR0	KAKKLSSNCSGVEGDVTDEDEGAEMSQRMGKEN
#Q9UQB8	PPELAPFVGRMSAQESTPIMNGVTGPDGEDYSP
#Q9UQB8	LSPPQSQSKLSDSYSNTLPVRKSVTPKNSYATT
#Q9UQB8	KLSDSYSNTLPVRKSVTPKNSYATTENKTLPRS
#Q9Y2H0-2	FDELYHLKANSWQLVETPEKRKEEKKPPPPVPK
#Q9Y2H0-2	RLLAAKRAASVRQNSATESADSIEIYVPEAQTR
#Q9Y2L9	VFLRPQRNLESIDPQFTIRRKMEQMREEKELVE
#Q9Y485	VIKKTRPFYRASSFLDTSKDCSPSSPLKLDARE
#Q9Y4F5	REKTEERLGSPSPASRTPARPFGSVGRRSRLAQ
#Q9Y4F5	AGSSSRARSRAPGPRDTDDDEEEPDPYGFIVQT
#Q9Y4P8	TYGAAAGKGTYVPSSPTRLAYTDDLGAVGGACL
#A7E2V4	SSPHSPCEGLPSEAALTPRPEGKVPSRLALGSR
#O00148	KDEEVLKKNCPHVVVGTPGRILALVRNRSFSLK
#O00744	LKLPGEPPLTANTVCLTLSGLSKRQLGLCLRNP
#O00744	EILGLKLPGEPPLTANTVCLTLSGLSKRQLGLC
#O14529	SPKEQREGTSPAGPTLTEGSRLPGIPGKALLTE
#O14647	RRAAKNVSYKEDDDFETDSDDLIEMTGEGVDEQ
#O14893	EPCDLTEGFDPSVPPRTPQEYLRRVQIEAAQCP
#O14907	SQNPFSEDKTDKGIYVTRVSEGGPAEIAGLQIG
#O14966	IEKMMRNSTEDIMSLSTQGDYINLQTKSSSWSC
#O14975	IQDTIEITGTFKHRKMTLVEEGFNPAVIKDALY
#O15013	TKERRVFMLNDVLMCATVSSRPSHDSRVMSSQR
#O15063	VPPPPRAPQAGAHTPLTPQPGLAPQQQSPKQQQ
#O15063	SLPVPPPPRAPQAGAHTPLTPQPGLAPQQQSPK
#O15156	KIIHGAGKLPRHMRTHTGEKPFACEVCGVRFTR
#O15457	EVSSLPPSIVLDAKEITTQITRQILQNQRSTPE
#O15457	EITTQITRQILQNQRSTPEMERQRAVYHLATRL
#O43830	RTHSGEKPYQCSECGKTFSQKSYLTIHHRTHTW
#O60216	GGPDSPDSVDPVEPMPTMTDQTTLVPNEEEAFA
#O60216	TLDLAPPTKKLMMWKETGGVEKLFSLPAQPLWN
#O60216	IMREGSAFEDDDMLVSTTTSNLLLESEQSTSNL
#O60353	TSPETSMREVKADGASTPRLREQDCGEPASPAA
#O60353	SESARSEGRISPKSDITDTGLAQSNNLQVPSSS
#O60488	ERFEIPIKVRLSPEPWTPETGLVTDAFKLKRKE
#O60664	TRGAVQSGVDKTKSVVTGGVQSVMGSRLGQMVL
#O60941	GGRPMPMPVRSTSAGSTPTHCPQDSLSGVGGDV
#O75061	HPSGPASTQSTPRRSATSTSASPTLRVGEGATF
#O75061	SGPASTQSTPRRSATSTSASPTLRVGEGATFDP
#O75185	MGTLVQYGRGQGVVIGTGESSQFGEVFKMMQAE
#O75683	KAQRRKEKRQRVKGNLTPLTGRNYRQLLERLQA
#O75792	QDLDTDYGSGYPNDPKTKAWLKEHVEPVFGFPQ
#O75792	QAVKKWQFVEKLQDLDTDYGSGYPNDPKTKAWL
#O76080	EHLQRQQNSGRMSPMGTASGSNSPTSDSASVQR
#O76094	KTVSSPPTSPRPGSAATVSASTSNIIPPRHQKP
#O76094	GASSELDASKTVSSPPTSPRPGSAATVSASTSN
#O76094	TQGATAGASSELDASKTVSSPPTSPRPGSAATV
#O76094	KKKKKGKLPKNYDPKVTPDPERWLPMRERSYYR
#O94906	SDSVSGQTVVDPKGYLTDLNSMIPTHGGDINDI
#O94906	LMDMRLSQVSDSVSGQTVVDPKGYLTDLNSMIP
#O94967	CGLTSHDKRISDLGNKTSPMSHSFANFHYPGVQ
#O94967	DSSQRLTHDASNIHTSTPRNPGSTNHIPFLEES
#O94967	VDKLLKPTKAAYADLLTPLISKLSPYPSSPMRR
#O94967	QNPGPAKQEKNELRDSTEQFQEYYRQRLRYQQH
#O95067	VKPVQMEKLAPKGPSPTPEDVSMKEENLCQAFS
#O95147	DYERQLFGKSTVKMVQTPYGIVPDVYEKESRHL
#O95248	LVERACCRDYQRLGLGTLSSSLSRAKSEPFRIS
#O95405-2	NYIPDEDLTGKISSPRTDLGSPNSFSHMSEGIL
#O95478	IKMHEKRNTKQKNDEKTPQGAVPAYLLDREGQS
#P05187	LSKTYNVDKHVPDSGATATAYLCGVKGNFQTIG
#P06756	GDGIDDFVSGVPRAARTLGMVYIYDGKNMSSLY
#P06756	AYLRDESEFRDKLTPITIFMEYRLDYRTAADTT
#P09012	SQETPATKKAVQGGGATPVVGAVQGPVPGMPPM
#P13056	TEKIYIRKDLRSPLTATPTFVTDSESTRSTGLL
#P13056	ASTEKIYIRKDLRSPLTATPTFVTDSESTRSTG
#P19827	ESLPELSNHASILIMLTDGDPTEGVTDRSQILK
#P19827	LSNHASILIMLTDGDPTEGVTDRSQILKNVRNA
#P29558	EKCEAVIGHFNGKFIKTPPGVSAPTEPLLCKFA
#P38919	GEDIRKLDYGQHVVAGTPGRVFDMIRRRSLRTR
#P42765	CQEICVKEAEVVLCGGTESMSQAPYCVRNVRFG
#P49116	TEKIYIRKDLRSPLIATPTFVADKDGARQTGLL
#P49116	KIYIRKDLRSPLIATPTFVADKDGARQTGLLDP
#P51826	RSGETNSCVEEIIREMTWLPPLSAIQAPGKVEP
#P51957	RFLPSHPIVGKVDVTSTQKEAENQRRVVTGSVS
#P51957	PPRFLPSHPIVGKVDVTSTQKEAENQRRVVTGS
#P55058	SSELDFQPQQELMLQITNASLGLRFRRQLLYWF
#P56192	FGGGQAKTSPKPAVVETVTTAKPQQIQALMDEV
#P56192	DQIESLRQRFGGGQAKTSPKPAVVETVTTAKPQ
#P57060	REHASGYVSRDTSSSPTTGSTVQSVDLIFTRLW
#P57060	EHASGYVSRDTSSSPTTGSTVQSVDLIFTRLWI
#P57768	TEEQNPETVNWEDRPSTPTILGYEVMEERAKFT
#P60842	AEVQKLQMEAPHIIVGTPGRVFDMLNRRYLSPK
#P62081	KSRTKNKQKRPRSRTLTAVHDAILEDLVFPSEI
